As of,Rank,Year to Date Rank,Last Week Rank,Title,Type,Netflix Exclusive,Netflix Release Date,Days In Top 10,Viewership Score,tconst,imdb_title,genres,averageRating,numVotes
2020-04-01,1,1,1,"Tiger King: Murder, Mayhem …",TV Show,Yes,"Mar 20, 2020",9,90,,,,,
2020-04-01,2,2,-,Ozark,TV Show,Yes,"Jul 21, 2017",5,45,tt5071412,Ozark,"Crime,Drama,Thriller",8.4,382255
2020-04-01,3,3,2,All American,TV Show,,"Mar 28, 2019",9,76,tt7414406,All American,"Drama,Sport",7.6,16118
2020-04-01,4,4,-,Blood Father,Movie,,"Mar 26, 2020",5,30,tt3647498,Blood Father,"Action,Crime,Drama",6.4,70279
2020-04-01,5,5,4,The Platform,Movie,Yes,"Mar 20, 2020",9,55,tt8228288,The Platform,"Horror,Mystery,Sci-Fi",7.0,316807
2020-04-01,6,6,-,Car Masters: Rust to Riches,TV Show,Yes,"Sep 14, 2018",4,14,tt8893550,Car Masters: Rust to Riches,Reality-TV,8.3,12035
2020-04-01,7,10,-,Unorthodox,TV Show,Yes,"Mar 26, 2020",2,5,tt9815454,Unorthodox,Drama,8.0,97895
2020-04-01,8,7,5,Love is Blind,TV Show,Yes,"Feb 13, 2020",9,40,tt11704040,Love Is Blind,"Reality-TV,Romance",6.2,13125
2020-04-01,9,8,-,Badland,Movie,,"Mar 26, 2020",4,11,tt10253466,Badland,"Drama,Western",5.6,3371
2020-04-01,10,9,-,Uncorked,Movie,Yes,"Mar 27, 2020",4,15,tt9261218,Uncorked,Drama,6.4,7360
2020-04-02,1,1,1,"Tiger King: Murder, Mayhem …",TV Show,Yes,"Mar 20, 2020",10,100,,,,,
2020-04-02,2,2,-,Ozark,TV Show,Yes,"Jul 21, 2017",6,54,tt5071412,Ozark,"Crime,Drama,Thriller",8.4,382255
2020-04-02,3,3,2,All American,TV Show,,"Mar 28, 2019",10,84,tt7414406,All American,"Drama,Sport",7.6,16118
2020-04-02,4,-,-,Nailed It!,TV Show,Yes,"Mar 9, 2018",1,7,tt6987788,Nailed It!,"Game-Show,Reality-TV",7.4,5672
2020-04-02,5,-,-,How to Fix a Drug Scandal,TV Show,Yes,"Apr 1, 2020",1,6,tt11958942,How to Fix a Drug Scandal,"Crime,Documentary",7.0,4033
2020-04-02,6,4,-,Blood Father,Movie,,"Mar 26, 2020",6,35,tt3647498,Blood Father,"Action,Crime,Drama",6.4,70279
2020-04-02,7,-,-,The Roommate,Movie,,"Apr 1, 2020",1,4,tt1265990,The Roommate,"Drama,Horror,Thriller",4.8,43300
2020-04-02,8,7,-,Unorthodox,TV Show,Yes,"Mar 26, 2020",3,8,tt9815454,Unorthodox,Drama,8.0,97895
2020-04-02,9,5,4,The Platform,Movie,Yes,"Mar 20, 2020",10,57,tt8228288,The Platform,"Horror,Mystery,Sci-Fi",7.0,316807
2020-04-02,10,6,-,Car Masters: Rust to Riches,TV Show,Yes,"Sep 14, 2018",5,15,tt8893550,Car Masters: Rust to Riches,Reality-TV,8.3,12035
2020-04-03,1,1,1,"Tiger King: Murder, Mayhem …",TV Show,Yes,"Mar 20, 2020",11,110,,,,,
2020-04-03,2,2,-,Ozark,TV Show,Yes,"Jul 21, 2017",7,63,tt5071412,Ozark,"Crime,Drama,Thriller",8.4,382255
2020-04-03,3,3,2,All American,TV Show,,"Mar 28, 2019",11,92,tt7414406,All American,"Drama,Sport",7.6,16118
2020-04-03,4,5,-,How to Fix a Drug Scandal,TV Show,Yes,"Apr 1, 2020",2,13,tt11958942,How to Fix a Drug Scandal,"Crime,Documentary",7.0,4033
2020-04-03,5,4,-,Nailed It!,TV Show,Yes,"Mar 9, 2018",2,13,tt6987788,Nailed It!,"Game-Show,Reality-TV",7.4,5672
2020-04-03,6,7,-,The Roommate,Movie,,"Apr 1, 2020",2,9,tt1265990,The Roommate,"Drama,Horror,Thriller",4.8,43300
2020-04-03,7,8,-,Unorthodox,TV Show,Yes,"Mar 26, 2020",4,12,tt9815454,Unorthodox,Drama,8.0,97895
2020-04-03,8,-,-,The Players Club,Movie,,"Apr 1, 2020",1,3,tt0119905,The Players Club,"Comedy,Drama",5.8,8081
2020-04-03,9,-,-,Salt,Movie,,"Apr 1, 2020",1,2,tt0944835,Salt,"Action,Thriller",6.5,340505
2020-04-03,10,6,-,Blood Father,Movie,,"Mar 26, 2020",7,36,tt3647498,Blood Father,"Action,Crime,Drama",6.4,70279
2020-04-04,1,1,1,"Tiger King: Murder, Mayhem …",TV Show,Yes,"Mar 20, 2020",12,120,,,,,
2020-04-04,2,2,2,Ozark,TV Show,Yes,"Jul 21, 2017",8,72,tt5071412,Ozark,"Crime,Drama,Thriller",8.4,382255
2020-04-04,3,-,-,Money Heist,TV Show,Yes,"Dec 20, 2017",1,8,tt6468322,Money Heist,"Action,Crime,Drama",8.2,589289
2020-04-04,4,3,3,All American,TV Show,,"Mar 28, 2019",12,99,tt7414406,All American,"Drama,Sport",7.6,16118
2020-04-04,5,-,-,Coffee & Kareem,Movie,Yes,"Apr 3, 2020",1,6,tt9898858,Coffee & Kareem,"Action,Comedy,Crime",5.2,15170
2020-04-04,6,4,-,How to Fix a Drug Scandal,TV Show,Yes,"Apr 1, 2020",3,18,tt11958942,How to Fix a Drug Scandal,"Crime,Documentary",7.0,4033
2020-04-04,7,6,-,The Roommate,Movie,,"Apr 1, 2020",3,13,tt1265990,The Roommate,"Drama,Horror,Thriller",4.8,43300
2020-04-04,8,5,-,Nailed It!,TV Show,Yes,"Mar 9, 2018",3,16,tt6987788,Nailed It!,"Game-Show,Reality-TV",7.4,5672
2020-04-04,9,7,-,Unorthodox,TV Show,Yes,"Mar 26, 2020",5,14,tt9815454,Unorthodox,Drama,8.0,97895
2020-04-04,10,8,-,The Players Club,Movie,,"Apr 1, 2020",2,4,tt0119905,The Players Club,"Comedy,Drama",5.8,8081
2020-04-05,1,1,1,"Tiger King: Murder, Mayhem …",TV Show,Yes,"Mar 20, 2020",13,130,,,,,
2020-04-05,2,2,2,Ozark,TV Show,Yes,"Jul 21, 2017",9,81,tt5071412,Ozark,"Crime,Drama,Thriller",8.4,382255
2020-04-05,3,5,-,Coffee & Kareem,Movie,Yes,"Apr 3, 2020",2,14,tt9898858,Coffee & Kareem,"Action,Comedy,Crime",5.2,15170
2020-04-05,4,3,-,Money Heist,TV Show,Yes,"Dec 20, 2017",2,15,tt6468322,Money Heist,"Action,Crime,Drama",8.2,589289
2020-04-05,5,4,3,All American,TV Show,,"Mar 28, 2019",13,105,tt7414406,All American,"Drama,Sport",7.6,16118
2020-04-05,6,6,-,How to Fix a Drug Scandal,TV Show,Yes,"Apr 1, 2020",4,23,tt11958942,How to Fix a Drug Scandal,"Crime,Documentary",7.0,4033
2020-04-05,7,8,-,Nailed It!,TV Show,Yes,"Mar 9, 2018",4,20,tt6987788,Nailed It!,"Game-Show,Reality-TV",7.4,5672
2020-04-05,8,7,-,The Roommate,Movie,,"Apr 1, 2020",4,16,tt1265990,The Roommate,"Drama,Horror,Thriller",4.8,43300
2020-04-05,9,-,-,Angel Has Fallen,Movie,,"Apr 4, 2020",1,2,tt6189022,Angel Has Fallen,"Action,Thriller",6.4,120481
2020-04-05,10,9,-,Unorthodox,TV Show,Yes,"Mar 26, 2020",6,15,tt9815454,Unorthodox,Drama,8.0,97895
2020-04-06,1,1,1,"Tiger King: Murder, Mayhem …",TV Show,Yes,"Mar 20, 2020",14,140,,,,,
2020-04-06,2,2,2,Ozark,TV Show,Yes,"Jul 21, 2017",10,90,tt5071412,Ozark,"Crime,Drama,Thriller",8.4,382255
2020-04-06,3,3,-,Coffee & Kareem,Movie,Yes,"Apr 3, 2020",3,22,tt9898858,Coffee & Kareem,"Action,Comedy,Crime",5.2,15170
2020-04-06,4,9,-,Angel Has Fallen,Movie,,"Apr 4, 2020",2,9,tt6189022,Angel Has Fallen,"Action,Thriller",6.4,120481
2020-04-06,5,4,-,Money Heist,TV Show,Yes,"Dec 20, 2017",3,21,tt6468322,Money Heist,"Action,Crime,Drama",8.2,589289
2020-04-06,6,5,3,All American,TV Show,,"Mar 28, 2019",14,110,tt7414406,All American,"Drama,Sport",7.6,16118
2020-04-06,7,6,-,How to Fix a Drug Scandal,TV Show,Yes,"Apr 1, 2020",5,27,tt11958942,How to Fix a Drug Scandal,"Crime,Documentary",7.0,4033
2020-04-06,8,7,-,Nailed It!,TV Show,Yes,"Mar 9, 2018",5,23,tt6987788,Nailed It!,"Game-Show,Reality-TV",7.4,5672
2020-04-06,9,8,-,The Roommate,Movie,,"Apr 1, 2020",5,18,tt1265990,The Roommate,"Drama,Horror,Thriller",4.8,43300
2020-04-06,10,-,-,The Hangover,Movie,,"Jul 1, 2019",1,1,tt1119646,The Hangover,Comedy,7.7,910650
2020-04-07,1,1,1,"Tiger King: Murder, Mayhem …",TV Show,Yes,"Mar 20, 2020",15,150,,,,,
2020-04-07,2,2,2,Ozark,TV Show,Yes,"Jul 21, 2017",11,99,tt5071412,Ozark,"Crime,Drama,Thriller",8.4,382255
2020-04-07,3,3,-,Coffee & Kareem,Movie,Yes,"Apr 3, 2020",4,30,tt9898858,Coffee & Kareem,"Action,Comedy,Crime",5.2,15170
2020-04-07,4,4,-,Angel Has Fallen,Movie,,"Apr 4, 2020",3,16,tt6189022,Angel Has Fallen,"Action,Thriller",6.4,120481
2020-04-07,5,5,-,Money Heist,TV Show,Yes,"Dec 20, 2017",4,27,tt6468322,Money Heist,"Action,Crime,Drama",8.2,589289
2020-04-07,6,6,3,All American,TV Show,,"Mar 28, 2019",15,115,tt7414406,All American,"Drama,Sport",7.6,16118
2020-04-07,7,-,-,The Big Show Show,TV Show,Yes,"Apr 6, 2020",1,4,tt10726356,The Big Show Show,"Comedy,Family",6.3,3029
2020-04-07,8,8,-,Nailed It!,TV Show,Yes,"Mar 9, 2018",6,26,tt6987788,Nailed It!,"Game-Show,Reality-TV",7.4,5672
2020-04-07,9,7,-,How to Fix a Drug Scandal,TV Show,Yes,"Apr 1, 2020",6,29,tt11958942,How to Fix a Drug Scandal,"Crime,Documentary",7.0,4033
2020-04-07,10,-,-,Legacies,TV Show,,"Apr 5, 2019",1,1,tt8103070,Legacies,"Adventure,Drama,Fantasy",7.2,41043
2020-04-08,1,1,1,"Tiger King: Murder, Mayhem …",TV Show,Yes,"Mar 20, 2020",16,160,,,,,
2020-04-08,2,2,2,Ozark,TV Show,Yes,"Jul 21, 2017",12,108,tt5071412,Ozark,"Crime,Drama,Thriller",8.4,382255
2020-04-08,3,3,-,Coffee & Kareem,Movie,Yes,"Apr 3, 2020",5,38,tt9898858,Coffee & Kareem,"Action,Comedy,Crime",5.2,15170
2020-04-08,4,7,-,The Big Show Show,TV Show,Yes,"Apr 6, 2020",2,11,tt10726356,The Big Show Show,"Comedy,Family",6.3,3029
2020-04-08,5,4,-,Angel Has Fallen,Movie,,"Apr 4, 2020",4,22,tt6189022,Angel Has Fallen,"Action,Thriller",6.4,120481
2020-04-08,6,5,-,Money Heist,TV Show,Yes,"Dec 20, 2017",5,32,tt6468322,Money Heist,"Action,Crime,Drama",8.2,589289
2020-04-08,7,6,3,All American,TV Show,,"Mar 28, 2019",16,119,tt7414406,All American,"Drama,Sport",7.6,16118
2020-04-08,8,10,-,Legacies,TV Show,,"Apr 5, 2019",2,4,tt8103070,Legacies,"Adventure,Drama,Fantasy",7.2,41043
2020-04-08,9,8,-,Nailed It!,TV Show,Yes,"Mar 9, 2018",7,28,tt6987788,Nailed It!,"Game-Show,Reality-TV",7.4,5672
2020-04-08,10,-,-,The Hangover,Movie,,"Jul 1, 2019",2,2,tt1119646,The Hangover,Comedy,7.7,910650
2020-04-09,1,1,1,"Tiger King: Murder, Mayhem …",TV Show,Yes,"Mar 20, 2020",17,170,,,,,
2020-04-09,2,2,2,Ozark,TV Show,Yes,"Jul 21, 2017",13,117,tt5071412,Ozark,"Crime,Drama,Thriller",8.4,382255
2020-04-09,3,4,-,The Big Show Show,TV Show,Yes,"Apr 6, 2020",3,19,tt10726356,The Big Show Show,"Comedy,Family",6.3,3029
2020-04-09,4,5,-,Angel Has Fallen,Movie,,"Apr 4, 2020",5,29,tt6189022,Angel Has Fallen,"Action,Thriller",6.4,120481
2020-04-09,5,3,-,Coffee & Kareem,Movie,Yes,"Apr 3, 2020",6,44,tt9898858,Coffee & Kareem,"Action,Comedy,Crime",5.2,15170
2020-04-09,6,6,-,Money Heist,TV Show,Yes,"Dec 20, 2017",6,37,tt6468322,Money Heist,"Action,Crime,Drama",8.2,589289
2020-04-09,7,7,3,All American,TV Show,,"Mar 28, 2019",17,123,tt7414406,All American,"Drama,Sport",7.6,16118
2020-04-09,8,8,-,Legacies,TV Show,,"Apr 5, 2019",3,7,tt8103070,Legacies,"Adventure,Drama,Fantasy",7.2,41043
2020-04-09,9,9,4,Nailed It!,TV Show,Yes,"Mar 9, 2018",8,30,tt6987788,Nailed It!,"Game-Show,Reality-TV",7.4,5672
2020-04-09,10,10,-,The Hangover,Movie,,"Jul 1, 2019",3,3,tt1119646,The Hangover,Comedy,7.7,910650
2020-04-10,1,1,1,"Tiger King: Murder, Mayhem …",TV Show,Yes,"Mar 20, 2020",18,180,,,,,
2020-04-10,2,2,2,Ozark,TV Show,Yes,"Jul 21, 2017",14,126,tt5071412,Ozark,"Crime,Drama,Thriller",8.4,382255
2020-04-10,3,3,-,The Big Show Show,TV Show,Yes,"Apr 6, 2020",4,27,tt10726356,The Big Show Show,"Comedy,Family",6.3,3029
2020-04-10,4,4,-,Angel Has Fallen,Movie,,"Apr 4, 2020",6,36,tt6189022,Angel Has Fallen,"Action,Thriller",6.4,120481
2020-04-10,5,6,-,Money Heist,TV Show,Yes,"Dec 20, 2017",7,43,tt6468322,Money Heist,"Action,Crime,Drama",8.2,589289
2020-04-10,6,7,3,All American,TV Show,,"Mar 28, 2019",18,128,tt7414406,All American,"Drama,Sport",7.6,16118
2020-04-10,7,5,-,Coffee & Kareem,Movie,Yes,"Apr 3, 2020",7,48,tt9898858,Coffee & Kareem,"Action,Comedy,Crime",5.2,15170
2020-04-10,8,8,-,Legacies,TV Show,,"Apr 5, 2019",4,10,tt8103070,Legacies,"Adventure,Drama,Fantasy",7.2,41043
2020-04-10,9,9,5,Nailed It!,TV Show,Yes,"Mar 9, 2018",9,32,tt6987788,Nailed It!,"Game-Show,Reality-TV",7.4,5672
2020-04-10,10,-,-,Community,TV Show,,"Apr 1, 2020",1,1,tt1439629,Community,Comedy,8.5,307681
2020-04-11,1,1,1,"Tiger King: Murder, Mayhem …",TV Show,Yes,"Mar 20, 2020",19,190,,,,,
2020-04-11,2,2,2,Ozark,TV Show,Yes,"Jul 21, 2017",15,135,tt5071412,Ozark,"Crime,Drama,Thriller",8.4,382255
2020-04-11,3,4,-,Angel Has Fallen,Movie,,"Apr 4, 2020",7,44,tt6189022,Angel Has Fallen,"Action,Thriller",6.4,120481
2020-04-11,4,3,-,The Big Show Show,TV Show,Yes,"Apr 6, 2020",5,34,tt10726356,The Big Show Show,"Comedy,Family",6.3,3029
2020-04-11,5,5,3,Money Heist,TV Show,Yes,"Dec 20, 2017",8,49,tt6468322,Money Heist,"Action,Crime,Drama",8.2,589289
2020-04-11,6,-,-,Love Wedding Repeat,Movie,Yes,"Apr 10, 2020",1,5,tt5096470,Love Wedding Repeat,"Comedy,Romance",5.6,23025
2020-04-11,7,6,4,All American,TV Show,,"Mar 28, 2019",19,132,tt7414406,All American,"Drama,Sport",7.6,16118
2020-04-11,8,7,5,Coffee & Kareem,Movie,Yes,"Apr 3, 2020",8,51,tt9898858,Coffee & Kareem,"Action,Comedy,Crime",5.2,15170
2020-04-11,9,8,-,Legacies,TV Show,,"Apr 5, 2019",5,12,tt8103070,Legacies,"Adventure,Drama,Fantasy",7.2,41043
2020-04-11,10,9,8,Nailed It!,TV Show,Yes,"Mar 9, 2018",10,33,tt6987788,Nailed It!,"Game-Show,Reality-TV",7.4,5672
2020-04-12,1,1,1,"Tiger King: Murder, Mayhem …",TV Show,Yes,"Mar 20, 2020",20,200,,,,,
2020-04-12,2,2,2,Ozark,TV Show,Yes,"Jul 21, 2017",16,144,tt5071412,Ozark,"Crime,Drama,Thriller",8.4,382255
2020-04-12,3,6,-,Love Wedding Repeat,Movie,Yes,"Apr 10, 2020",2,13,tt5096470,Love Wedding Repeat,"Comedy,Romance",5.6,23025
2020-04-12,4,3,9,Angel Has Fallen,Movie,,"Apr 4, 2020",8,51,tt6189022,Angel Has Fallen,"Action,Thriller",6.4,120481
2020-04-12,5,4,-,The Big Show Show,TV Show,Yes,"Apr 6, 2020",6,40,tt10726356,The Big Show Show,"Comedy,Family",6.3,3029
2020-04-12,6,5,4,Money Heist,TV Show,Yes,"Dec 20, 2017",9,54,tt6468322,Money Heist,"Action,Crime,Drama",8.2,589289
2020-04-12,7,-,-,Code 8,Movie,,"Apr 11, 2020",1,4,tt6259380,Code 8,"Action,Crime,Drama",6.1,57139
2020-04-12,8,7,5,All American,TV Show,,"Mar 28, 2019",20,135,tt7414406,All American,"Drama,Sport",7.6,16118
2020-04-12,9,9,-,Legacies,TV Show,,"Apr 5, 2019",6,14,tt8103070,Legacies,"Adventure,Drama,Fantasy",7.2,41043
2020-04-12,10,-,-,Community,TV Show,,"Apr 1, 2020",2,2,tt1439629,Community,Comedy,8.5,307681
2020-04-13,1,1,1,"Tiger King: Murder, Mayhem …",TV Show,Yes,"Mar 20, 2020",21,210,,,,,
2020-04-13,2,7,-,Code 8,Movie,,"Apr 11, 2020",2,13,tt6259380,Code 8,"Action,Crime,Drama",6.1,57139
2020-04-13,3,2,2,Ozark,TV Show,Yes,"Jul 21, 2017",17,152,tt5071412,Ozark,"Crime,Drama,Thriller",8.4,382255
2020-04-13,4,4,4,Angel Has Fallen,Movie,,"Apr 4, 2020",9,58,tt6189022,Angel Has Fallen,"Action,Thriller",6.4,120481
2020-04-13,5,3,-,Love Wedding Repeat,Movie,Yes,"Apr 10, 2020",3,19,tt5096470,Love Wedding Repeat,"Comedy,Romance",5.6,23025
2020-04-13,6,6,5,Money Heist,TV Show,Yes,"Dec 20, 2017",10,59,tt6468322,Money Heist,"Action,Crime,Drama",8.2,589289
2020-04-13,7,-,-,Hop,Movie,,"Jan 16, 2020",1,4,tt1411704,Hop,"Adventure,Animation,Comedy",5.4,39873
2020-04-13,8,5,-,The Big Show Show,TV Show,Yes,"Apr 6, 2020",7,43,tt10726356,The Big Show Show,"Comedy,Family",6.3,3029
2020-04-13,9,8,6,All American,TV Show,,"Mar 28, 2019",21,137,tt7414406,All American,"Drama,Sport",7.6,16118
2020-04-13,10,-,-,The Main Event,Movie,Yes,"Apr 10, 2020",1,1,tt0079510,The Main Event,"Comedy,Romance,Sport",5.6,3540
2020-04-14,1,1,1,"Tiger King: Murder, Mayhem …",TV Show,Yes,"Mar 20, 2020",22,220,,,,,
2020-04-14,2,3,2,Ozark,TV Show,Yes,"Jul 21, 2017",18,161,tt5071412,Ozark,"Crime,Drama,Thriller",8.4,382255
2020-04-14,3,2,-,Code 8,Movie,,"Apr 11, 2020",3,21,tt6259380,Code 8,"Action,Crime,Drama",6.1,57139
2020-04-14,4,6,5,Money Heist,TV Show,Yes,"Dec 20, 2017",11,66,tt6468322,Money Heist,"Action,Crime,Drama",8.2,589289
2020-04-14,5,9,6,All American,TV Show,,"Mar 28, 2019",22,143,tt7414406,All American,"Drama,Sport",7.6,16118
2020-04-14,6,5,-,Love Wedding Repeat,Movie,Yes,"Apr 10, 2020",4,24,tt5096470,Love Wedding Repeat,"Comedy,Romance",5.6,23025
2020-04-14,7,8,7,The Big Show Show,TV Show,Yes,"Apr 6, 2020",8,47,tt10726356,The Big Show Show,"Comedy,Family",6.3,3029
2020-04-14,8,10,-,The Main Event,Movie,Yes,"Apr 10, 2020",2,4,tt0079510,The Main Event,"Comedy,Romance,Sport",5.6,3540
2020-04-14,9,4,4,Angel Has Fallen,Movie,,"Apr 4, 2020",10,60,tt6189022,Angel Has Fallen,"Action,Thriller",6.4,120481
2020-04-14,10,-,10,Legacies,TV Show,,"Apr 5, 2019",7,15,tt8103070,Legacies,"Adventure,Drama,Fantasy",7.2,41043
2020-04-15,1,1,1,"Tiger King: Murder, Mayhem …",TV Show,Yes,"Mar 20, 2020",23,230,,,,,
2020-04-15,2,2,2,Ozark,TV Show,Yes,"Jul 21, 2017",19,170,tt5071412,Ozark,"Crime,Drama,Thriller",8.4,382255
2020-04-15,3,3,-,Code 8,Movie,,"Apr 11, 2020",4,29,tt6259380,Code 8,"Action,Crime,Drama",6.1,57139
2020-04-15,4,-,-,Chris DâElia: No Pain,Stand-Up Comedy,Yes,"Apr 14, 2020",1,7,,,,,
2020-04-15,5,4,6,Money Heist,TV Show,Yes,"Dec 20, 2017",12,72,tt6468322,Money Heist,"Action,Crime,Drama",8.2,589289
2020-04-15,6,5,7,All American,TV Show,,"Mar 28, 2019",23,148,tt7414406,All American,"Drama,Sport",7.6,16118
2020-04-15,7,7,4,The Big Show Show,TV Show,Yes,"Apr 6, 2020",9,51,tt10726356,The Big Show Show,"Comedy,Family",6.3,3029
2020-04-15,8,6,-,Love Wedding Repeat,Movie,Yes,"Apr 10, 2020",5,27,tt5096470,Love Wedding Repeat,"Comedy,Romance",5.6,23025
2020-04-15,9,8,-,The Main Event,Movie,Yes,"Apr 10, 2020",3,6,tt0079510,The Main Event,"Comedy,Romance,Sport",5.6,3540
2020-04-15,10,9,5,Angel Has Fallen,Movie,,"Apr 4, 2020",11,61,tt6189022,Angel Has Fallen,"Action,Thriller",6.4,120481
2020-04-16,1,1,1,"Tiger King: Murder, Mayhem …",TV Show,Yes,"Mar 20, 2020",24,240,,,,,
2020-04-16,2,2,2,Ozark,TV Show,Yes,"Jul 21, 2017",20,179,tt5071412,Ozark,"Crime,Drama,Thriller",8.4,382255
2020-04-16,3,3,-,Code 8,Movie,,"Apr 11, 2020",5,37,tt6259380,Code 8,"Action,Crime,Drama",6.1,57139
2020-04-16,4,4,-,Chris DâElia: No Pain,Stand-Up Comedy,Yes,"Apr 14, 2020",2,14,,,,,
2020-04-16,5,-,-,The Innocence Files,TV Show,Yes,"Apr 15, 2020",1,6,tt11958922,The Innocence Files,"Crime,Documentary",7.9,3365
2020-04-16,6,-,-,Outer Banks,TV Show,Yes,"Apr 15, 2020",1,5,tt10293938,Outer Banks,"Action,Crime,Drama",7.5,101710
2020-04-16,7,6,7,All American,TV Show,,"Mar 28, 2019",24,152,tt7414406,All American,"Drama,Sport",7.6,16118
2020-04-16,8,5,6,Money Heist,TV Show,Yes,"Dec 20, 2017",13,75,tt6468322,Money Heist,"Action,Crime,Drama",8.2,589289
2020-04-16,9,7,3,The Big Show Show,TV Show,Yes,"Apr 6, 2020",10,53,tt10726356,The Big Show Show,"Comedy,Family",6.3,3029
2020-04-16,10,10,4,Angel Has Fallen,Movie,,"Apr 4, 2020",12,62,tt6189022,Angel Has Fallen,"Action,Thriller",6.4,120481
2020-04-17,1,-,-,Despicable Me,Movie,,"Apr 16, 2020",1,10,tt1323594,Despicable Me,"Adventure,Animation,Comedy",7.6,622141
2020-04-17,2,1,1,"Tiger King: Murder, Mayhem …",TV Show,Yes,"Mar 20, 2020",25,249,,,,,
2020-04-17,3,6,-,Outer Banks,TV Show,Yes,"Apr 15, 2020",2,13,tt10293938,Outer Banks,"Action,Crime,Drama",7.5,101710
2020-04-17,4,2,2,Ozark,TV Show,Yes,"Jul 21, 2017",21,186,tt5071412,Ozark,"Crime,Drama,Thriller",8.4,382255
2020-04-17,5,5,-,The Innocence Files,TV Show,Yes,"Apr 15, 2020",2,12,tt11958922,The Innocence Files,"Crime,Documentary",7.9,3365
2020-04-17,6,3,-,Code 8,Movie,,"Apr 11, 2020",6,42,tt6259380,Code 8,"Action,Crime,Drama",6.1,57139
2020-04-17,7,7,6,All American,TV Show,,"Mar 28, 2019",25,156,tt7414406,All American,"Drama,Sport",7.6,16118
2020-04-17,8,8,5,Money Heist,TV Show,Yes,"Dec 20, 2017",14,78,tt6468322,Money Heist,"Action,Crime,Drama",8.2,589289
2020-04-17,9,4,-,Chris DâElia: No Pain,Stand-Up Comedy,Yes,"Apr 14, 2020",3,16,,,,,
2020-04-17,10,9,3,The Big Show Show,TV Show,Yes,"Apr 6, 2020",11,54,tt10726356,The Big Show Show,"Comedy,Family",6.3,3029
2020-04-18,1,1,-,Despicable Me,Movie,,"Apr 16, 2020",2,20,tt1323594,Despicable Me,"Adventure,Animation,Comedy",7.6,622141
2020-04-18,2,2,1,"Tiger King: Murder, Mayhem …",TV Show,Yes,"Mar 20, 2020",26,258,,,,,
2020-04-18,3,3,-,Outer Banks,TV Show,Yes,"Apr 15, 2020",3,21,tt10293938,Outer Banks,"Action,Crime,Drama",7.5,101710
2020-04-18,4,4,2,Ozark,TV Show,Yes,"Jul 21, 2017",22,193,tt5071412,Ozark,"Crime,Drama,Thriller",8.4,382255
2020-04-18,5,-,-,Too Hot to Handle,TV Show,Yes,"Apr 17, 2020",1,6,tt12004280,Too Hot to Handle,"Documentary,Game-Show,Reality-TV",4.8,16015
2020-04-18,6,-,-,#blackAF,TV Show,Yes,"Apr 17, 2020",1,5,tt10311562,#BlackAF,Comedy,6.8,5563
2020-04-18,7,6,-,Code 8,Movie,,"Apr 11, 2020",7,46,tt6259380,Code 8,"Action,Crime,Drama",6.1,57139
2020-04-18,8,5,-,The Innocence Files,TV Show,Yes,"Apr 15, 2020",3,15,tt11958922,The Innocence Files,"Crime,Documentary",7.9,3365
2020-04-18,9,7,7,All American,TV Show,,"Mar 28, 2019",26,158,tt7414406,All American,"Drama,Sport",7.6,16118
2020-04-18,10,8,5,Money Heist,TV Show,Yes,"Dec 20, 2017",15,79,tt6468322,Money Heist,"Action,Crime,Drama",8.2,589289
2020-04-19,1,1,-,Despicable Me,Movie,,"Apr 16, 2020",3,30,tt1323594,Despicable Me,"Adventure,Animation,Comedy",7.6,622141
2020-04-19,2,5,-,Too Hot to Handle,TV Show,Yes,"Apr 17, 2020",2,15,tt12004280,Too Hot to Handle,"Documentary,Game-Show,Reality-TV",4.8,16015
2020-04-19,3,2,1,"Tiger King: Murder, Mayhem …",TV Show,Yes,"Mar 20, 2020",27,266,,,,,
2020-04-19,4,3,-,Outer Banks,TV Show,Yes,"Apr 15, 2020",4,28,tt10293938,Outer Banks,"Action,Crime,Drama",7.5,101710
2020-04-19,5,6,-,#blackAF,TV Show,Yes,"Apr 17, 2020",2,11,tt10311562,#BlackAF,Comedy,6.8,5563
2020-04-19,6,4,2,Ozark,TV Show,Yes,"Jul 21, 2017",23,198,tt5071412,Ozark,"Crime,Drama,Thriller",8.4,382255
2020-04-19,7,8,-,The Innocence Files,TV Show,Yes,"Apr 15, 2020",4,19,tt11958922,The Innocence Files,"Crime,Documentary",7.9,3365
2020-04-19,8,7,7,Code 8,Movie,,"Apr 11, 2020",8,49,tt6259380,Code 8,"Action,Crime,Drama",6.1,57139
2020-04-19,9,-,-,Waco,TV Show,,"Apr 16, 2020",1,2,tt6040674,Waco,"Crime,Drama,History",7.8,28075
2020-04-19,10,10,6,Money Heist,TV Show,Yes,"Dec 20, 2017",16,80,tt6468322,Money Heist,"Action,Crime,Drama",8.2,589289
2020-04-20,1,1,-,Despicable Me,Movie,,"Apr 16, 2020",4,40,tt1323594,Despicable Me,"Adventure,Animation,Comedy",7.6,622141
2020-04-20,2,2,-,Too Hot to Handle,TV Show,Yes,"Apr 17, 2020",3,24,tt12004280,Too Hot to Handle,"Documentary,Game-Show,Reality-TV",4.8,16015
2020-04-20,3,4,-,Outer Banks,TV Show,Yes,"Apr 15, 2020",5,36,tt10293938,Outer Banks,"Action,Crime,Drama",7.5,101710
2020-04-20,4,3,1,"Tiger King: Murder, Mayhem …",TV Show,Yes,"Mar 20, 2020",28,273,,,,,
2020-04-20,5,5,-,#blackAF,TV Show,Yes,"Apr 17, 2020",3,17,tt10311562,#BlackAF,Comedy,6.8,5563
2020-04-20,6,6,3,Ozark,TV Show,Yes,"Jul 21, 2017",24,203,tt5071412,Ozark,"Crime,Drama,Thriller",8.4,382255
2020-04-20,7,9,-,Waco,TV Show,,"Apr 16, 2020",2,6,tt6040674,Waco,"Crime,Drama,History",7.8,28075
2020-04-20,8,7,-,The Innocence Files,TV Show,Yes,"Apr 15, 2020",5,22,tt11958922,The Innocence Files,"Crime,Documentary",7.9,3365
2020-04-20,9,8,2,Code 8,Movie,,"Apr 11, 2020",9,51,tt6259380,Code 8,"Action,Crime,Drama",6.1,57139
2020-04-20,10,-,-,The Green Hornet,Movie,,"Apr 18, 2020",1,1,tt0990407,The Green Hornet,"Action,Comedy,Crime",5.8,168141
2020-04-21,1,2,-,Too Hot to Handle,TV Show,Yes,"Apr 17, 2020",4,34,tt12004280,Too Hot to Handle,"Documentary,Game-Show,Reality-TV",4.8,16015
2020-04-21,2,3,-,Outer Banks,TV Show,Yes,"Apr 15, 2020",6,45,tt10293938,Outer Banks,"Action,Crime,Drama",7.5,101710
2020-04-21,3,1,-,Despicable Me,Movie,,"Apr 16, 2020",5,48,tt1323594,Despicable Me,"Adventure,Animation,Comedy",7.6,622141
2020-04-21,4,7,-,Waco,TV Show,,"Apr 16, 2020",3,13,tt6040674,Waco,"Crime,Drama,History",7.8,28075
2020-04-21,5,4,1,"Tiger King: Murder, Mayhem …",TV Show,Yes,"Mar 20, 2020",29,279,,,,,
2020-04-21,6,5,-,#blackAF,TV Show,Yes,"Apr 17, 2020",4,22,tt10311562,#BlackAF,Comedy,6.8,5563
2020-04-21,7,6,2,Ozark,TV Show,Yes,"Jul 21, 2017",25,207,tt5071412,Ozark,"Crime,Drama,Thriller",8.4,382255
2020-04-21,8,8,-,The Innocence Files,TV Show,Yes,"Apr 15, 2020",6,25,tt11958922,The Innocence Files,"Crime,Documentary",7.9,3365
2020-04-21,9,-,5,All American,TV Show,,"Mar 28, 2019",27,160,tt7414406,All American,"Drama,Sport",7.6,16118
2020-04-21,10,10,-,The Green Hornet,Movie,,"Apr 18, 2020",2,2,tt0990407,The Green Hornet,"Action,Comedy,Crime",5.8,168141
2020-04-22,1,1,-,Too Hot to Handle,TV Show,Yes,"Apr 17, 2020",5,44,tt12004280,Too Hot to Handle,"Documentary,Game-Show,Reality-TV",4.8,16015
2020-04-22,2,2,-,Outer Banks,TV Show,Yes,"Apr 15, 2020",7,54,tt10293938,Outer Banks,"Action,Crime,Drama",7.5,101710
2020-04-22,3,3,-,Despicable Me,Movie,,"Apr 16, 2020",6,56,tt1323594,Despicable Me,"Adventure,Animation,Comedy",7.6,622141
2020-04-22,4,4,-,Waco,TV Show,,"Apr 16, 2020",4,20,tt6040674,Waco,"Crime,Drama,History",7.8,28075
2020-04-22,5,6,-,#blackAF,TV Show,Yes,"Apr 17, 2020",5,28,tt10311562,#BlackAF,Comedy,6.8,5563
2020-04-22,6,5,1,"Tiger King: Murder, Mayhem …",TV Show,Yes,"Mar 20, 2020",30,284,,,,,
2020-04-22,7,7,2,Ozark,TV Show,Yes,"Jul 21, 2017",26,211,tt5071412,Ozark,"Crime,Drama,Thriller",8.4,382255
2020-04-22,8,9,6,All American,TV Show,,"Mar 28, 2019",28,163,tt7414406,All American,"Drama,Sport",7.6,16118
2020-04-22,9,8,-,The Innocence Files,TV Show,Yes,"Apr 15, 2020",7,27,tt11958922,The Innocence Files,"Crime,Documentary",7.9,3365
2020-04-22,10,-,-,Cooked with Cannabis,TV Show,Yes,"Apr 20, 2020",1,1,tt12176398,Cooked with Cannabis,Reality-TV,6.6,501
2020-04-23,1,1,-,Too Hot to Handle,TV Show,Yes,"Apr 17, 2020",6,54,tt12004280,Too Hot to Handle,"Documentary,Game-Show,Reality-TV",4.8,16015
2020-04-23,2,2,6,Outer Banks,TV Show,Yes,"Apr 15, 2020",8,63,tt10293938,Outer Banks,"Action,Crime,Drama",7.5,101710
2020-04-23,3,4,-,Waco,TV Show,,"Apr 16, 2020",5,28,tt6040674,Waco,"Crime,Drama,History",7.8,28075
2020-04-23,4,-,-,The Willoughbys,Movie,Yes,"Apr 22, 2020",1,7,tt5206260,The Willoughbys,"Adventure,Animation,Comedy",6.4,23038
2020-04-23,5,3,-,Despicable Me,Movie,,"Apr 16, 2020",7,62,tt1323594,Despicable Me,"Adventure,Animation,Comedy",7.6,622141
2020-04-23,6,7,2,Ozark,TV Show,Yes,"Jul 21, 2017",27,216,tt5071412,Ozark,"Crime,Drama,Thriller",8.4,382255
2020-04-23,7,6,1,"Tiger King: Murder, Mayhem …",TV Show,Yes,"Mar 20, 2020",31,288,,,,,
2020-04-23,8,5,-,#blackAF,TV Show,Yes,"Apr 17, 2020",6,31,tt10311562,#BlackAF,Comedy,6.8,5563
2020-04-23,9,-,-,Absurd Planet,TV Show,Yes,"Apr 22, 2020",1,2,tt12027008,Absurd Planet,"Comedy,Documentary,Musical",4.1,1734
2020-04-23,10,10,-,Cooked with Cannabis,TV Show,Yes,"Apr 20, 2020",2,2,tt12176398,Cooked with Cannabis,Reality-TV,6.6,501
2020-04-24,1,4,-,The Willoughbys,Movie,Yes,"Apr 22, 2020",2,17,tt5206260,The Willoughbys,"Adventure,Animation,Comedy",6.4,23038
2020-04-24,2,2,3,Outer Banks,TV Show,Yes,"Apr 15, 2020",9,72,tt10293938,Outer Banks,"Action,Crime,Drama",7.5,101710
2020-04-24,3,1,-,Too Hot to Handle,TV Show,Yes,"Apr 17, 2020",7,62,tt12004280,Too Hot to Handle,"Documentary,Game-Show,Reality-TV",4.8,16015
2020-04-24,4,3,-,Waco,TV Show,,"Apr 16, 2020",6,35,tt6040674,Waco,"Crime,Drama,History",7.8,28075
2020-04-24,5,6,4,Ozark,TV Show,Yes,"Jul 21, 2017",28,222,tt5071412,Ozark,"Crime,Drama,Thriller",8.4,382255
2020-04-24,6,5,1,Despicable Me,Movie,,"Apr 16, 2020",8,67,tt1323594,Despicable Me,"Adventure,Animation,Comedy",7.6,622141
2020-04-24,7,7,2,"Tiger King: Murder, Mayhem …",TV Show,Yes,"Mar 20, 2020",32,292,,,,,
2020-04-24,8,8,-,#blackAF,TV Show,Yes,"Apr 17, 2020",7,34,tt10311562,#BlackAF,Comedy,6.8,5563
2020-04-24,9,9,-,Absurd Planet,TV Show,Yes,"Apr 22, 2020",2,4,tt12027008,Absurd Planet,"Comedy,Documentary,Musical",4.1,1734
2020-04-24,10,10,-,Cooked with Cannabis,TV Show,Yes,"Apr 20, 2020",3,3,tt12176398,Cooked with Cannabis,Reality-TV,6.6,501
2020-04-25,1,-,-,Extraction,Movie,Yes,"Apr 24, 2020",1,10,tt8936646,Extraction,"Action,Crime,Thriller",6.8,284743
2020-04-25,2,1,-,The Willoughbys,Movie,Yes,"Apr 22, 2020",3,26,tt5206260,The Willoughbys,"Adventure,Animation,Comedy",6.4,23038
2020-04-25,3,2,3,Outer Banks,TV Show,Yes,"Apr 15, 2020",10,80,tt10293938,Outer Banks,"Action,Crime,Drama",7.5,101710
2020-04-25,4,3,5,Too Hot to Handle,TV Show,Yes,"Apr 17, 2020",8,69,tt12004280,Too Hot to Handle,"Documentary,Game-Show,Reality-TV",4.8,16015
2020-04-25,5,4,-,Waco,TV Show,,"Apr 16, 2020",7,41,tt6040674,Waco,"Crime,Drama,History",7.8,28075
2020-04-25,6,5,4,Ozark,TV Show,Yes,"Jul 21, 2017",29,227,tt5071412,Ozark,"Crime,Drama,Thriller",8.4,382255
2020-04-25,7,6,1,Despicable Me,Movie,,"Apr 16, 2020",9,71,tt1323594,Despicable Me,"Adventure,Animation,Comedy",7.6,622141
2020-04-25,8,7,2,"Tiger King: Murder, Mayhem …",TV Show,Yes,"Mar 20, 2020",33,295,,,,,
2020-04-25,9,9,-,Absurd Planet,TV Show,Yes,"Apr 22, 2020",3,6,tt12027008,Absurd Planet,"Comedy,Documentary,Musical",4.1,1734
2020-04-25,10,8,6,#blackAF,TV Show,Yes,"Apr 17, 2020",8,35,tt10311562,#BlackAF,Comedy,6.8,5563
2020-04-26,1,1,-,Extraction,Movie,Yes,"Apr 24, 2020",2,20,tt8936646,Extraction,"Action,Crime,Thriller",6.8,284743
2020-04-26,2,3,4,Outer Banks,TV Show,Yes,"Apr 15, 2020",11,89,tt10293938,Outer Banks,"Action,Crime,Drama",7.5,101710
2020-04-26,3,2,-,The Willoughbys,Movie,Yes,"Apr 22, 2020",4,34,tt5206260,The Willoughbys,"Adventure,Animation,Comedy",6.4,23038
2020-04-26,4,5,9,Waco,TV Show,,"Apr 16, 2020",8,48,tt6040674,Waco,"Crime,Drama,History",7.8,28075
2020-04-26,5,4,2,Too Hot to Handle,TV Show,Yes,"Apr 17, 2020",9,75,tt12004280,Too Hot to Handle,"Documentary,Game-Show,Reality-TV",4.8,16015
2020-04-26,6,8,3,"Tiger King: Murder, Mayhem …",TV Show,Yes,"Mar 20, 2020",34,300,,,,,
2020-04-26,7,6,6,Ozark,TV Show,Yes,"Jul 21, 2017",30,231,tt5071412,Ozark,"Crime,Drama,Thriller",8.4,382255
2020-04-26,8,9,-,Absurd Planet,TV Show,Yes,"Apr 22, 2020",4,9,tt12027008,Absurd Planet,"Comedy,Documentary,Musical",4.1,1734
2020-04-26,9,7,1,Despicable Me,Movie,,"Apr 16, 2020",10,73,tt1323594,Despicable Me,"Adventure,Animation,Comedy",7.6,622141
2020-04-26,10,-,-,Django Unchained,Movie,,"Oct 25, 2014",1,1,tt1853728,Django Unchained,"Drama,Western",8.5,1843125
2020-04-27,1,1,-,Extraction,Movie,Yes,"Apr 24, 2020",3,30,tt8936646,Extraction,"Action,Crime,Thriller",6.8,284743
2020-04-27,2,2,3,Outer Banks,TV Show,Yes,"Apr 15, 2020",12,98,tt10293938,Outer Banks,"Action,Crime,Drama",7.5,101710
2020-04-27,3,-,-,"Coronavirus, Explained",TV Show,Yes,"Apr 26, 2020",1,8,tt12189310,"Coronavirus, Explained",Documentary,7.5,2521
2020-04-27,4,3,-,The Willoughbys,Movie,Yes,"Apr 22, 2020",5,41,tt5206260,The Willoughbys,"Adventure,Animation,Comedy",6.4,23038
2020-04-27,5,4,7,Waco,TV Show,,"Apr 16, 2020",9,54,tt6040674,Waco,"Crime,Drama,History",7.8,28075
2020-04-27,6,5,2,Too Hot to Handle,TV Show,Yes,"Apr 17, 2020",10,80,tt12004280,Too Hot to Handle,"Documentary,Game-Show,Reality-TV",4.8,16015
2020-04-27,7,-,-,The Last Kingdom,TV Show,,"Jul 10, 2016",1,4,tt4179452,The Last Kingdom,"Action,Drama,History",8.5,183796
2020-04-27,8,10,-,Django Unchained,Movie,,"Oct 25, 2014",2,4,tt1853728,Django Unchained,"Drama,Western",8.5,1843125
2020-04-27,9,7,6,Ozark,TV Show,Yes,"Jul 21, 2017",31,233,tt5071412,Ozark,"Crime,Drama,Thriller",8.4,382255
2020-04-27,10,6,4,"Tiger King: Murder, Mayhem …",TV Show,Yes,"Mar 20, 2020",35,301,,,,,
2020-04-28,1,1,-,Extraction,Movie,Yes,"Apr 24, 2020",4,40,tt8936646,Extraction,"Action,Crime,Thriller",6.8,284743
2020-04-28,2,2,2,Outer Banks,TV Show,Yes,"Apr 15, 2020",13,107,tt10293938,Outer Banks,"Action,Crime,Drama",7.5,101710
2020-04-28,3,7,-,The Last Kingdom,TV Show,,"Jul 10, 2016",2,12,tt4179452,The Last Kingdom,"Action,Drama,History",8.5,183796
2020-04-28,4,3,-,"Coronavirus, Explained",TV Show,Yes,"Apr 26, 2020",2,15,tt12189310,"Coronavirus, Explained",Documentary,7.5,2521
2020-04-28,5,4,-,The Willoughbys,Movie,Yes,"Apr 22, 2020",6,47,tt5206260,The Willoughbys,"Adventure,Animation,Comedy",6.4,23038
2020-04-28,6,-,-,Never Have I Ever,TV Show,Yes,"Apr 27, 2020",1,5,tt10062292,Never Have I Ever,"Comedy,Drama",7.8,91613
2020-04-28,7,5,4,Waco,TV Show,,"Apr 16, 2020",10,58,tt6040674,Waco,"Crime,Drama,History",7.8,28075
2020-04-28,8,6,1,Too Hot to Handle,TV Show,Yes,"Apr 17, 2020",11,83,tt12004280,Too Hot to Handle,"Documentary,Game-Show,Reality-TV",4.8,16015
2020-04-28,9,9,7,Ozark,TV Show,Yes,"Jul 21, 2017",32,235,tt5071412,Ozark,"Crime,Drama,Thriller",8.4,382255
2020-04-28,10,8,-,Django Unchained,Movie,,"Oct 25, 2014",3,5,tt1853728,Django Unchained,"Drama,Western",8.5,1843125
2020-04-29,1,1,-,Extraction,Movie,Yes,"Apr 24, 2020",5,50,tt8936646,Extraction,"Action,Crime,Thriller",6.8,284743
2020-04-29,2,6,-,Never Have I Ever,TV Show,Yes,"Apr 27, 2020",2,14,tt10062292,Never Have I Ever,"Comedy,Drama",7.8,91613
2020-04-29,3,2,2,Outer Banks,TV Show,Yes,"Apr 15, 2020",14,115,tt10293938,Outer Banks,"Action,Crime,Drama",7.5,101710
2020-04-29,4,3,-,The Last Kingdom,TV Show,,"Jul 10, 2016",3,19,tt4179452,The Last Kingdom,"Action,Drama,History",8.5,183796
2020-04-29,5,5,-,The Willoughbys,Movie,Yes,"Apr 22, 2020",7,53,tt5206260,The Willoughbys,"Adventure,Animation,Comedy",6.4,23038
2020-04-29,6,7,4,Waco,TV Show,,"Apr 16, 2020",11,63,tt6040674,Waco,"Crime,Drama,History",7.8,28075
2020-04-29,7,9,7,Ozark,TV Show,Yes,"Jul 21, 2017",33,239,tt5071412,Ozark,"Crime,Drama,Thriller",8.4,382255
2020-04-29,8,4,-,"Coronavirus, Explained",TV Show,Yes,"Apr 26, 2020",3,18,tt12189310,"Coronavirus, Explained",Documentary,7.5,2521
2020-04-29,9,8,1,Too Hot to Handle,TV Show,Yes,"Apr 17, 2020",12,85,tt12004280,Too Hot to Handle,"Documentary,Game-Show,Reality-TV",4.8,16015
2020-04-29,10,10,-,Django Unchained,Movie,,"Oct 25, 2014",4,6,tt1853728,Django Unchained,"Drama,Western",8.5,1843125
2020-04-30,1,2,-,Never Have I Ever,TV Show,Yes,"Apr 27, 2020",3,24,tt10062292,Never Have I Ever,"Comedy,Drama",7.8,91613
2020-04-30,2,1,-,Extraction,Movie,Yes,"Apr 24, 2020",6,59,tt8936646,Extraction,"Action,Crime,Thriller",6.8,284743
2020-04-30,3,3,2,Outer Banks,TV Show,Yes,"Apr 15, 2020",15,123,tt10293938,Outer Banks,"Action,Crime,Drama",7.5,101710
2020-04-30,4,4,-,The Last Kingdom,TV Show,,"Jul 10, 2016",4,26,tt4179452,The Last Kingdom,"Action,Drama,History",8.5,183796
2020-04-30,5,-,-,Murder to Mercy: The Cyntoi…,Movie,Yes,"Apr 29, 2020",1,6,,,,,
2020-04-30,6,5,4,The Willoughbys,Movie,Yes,"Apr 22, 2020",8,58,tt5206260,The Willoughbys,"Adventure,Animation,Comedy",6.4,23038
2020-04-30,7,6,3,Waco,TV Show,,"Apr 16, 2020",12,67,tt6040674,Waco,"Crime,Drama,History",7.8,28075
2020-04-30,8,7,6,Ozark,TV Show,Yes,"Jul 21, 2017",34,242,tt5071412,Ozark,"Crime,Drama,Thriller",8.4,382255
2020-04-30,9,10,-,Django Unchained,Movie,,"Oct 25, 2014",5,8,tt1853728,Django Unchained,"Drama,Western",8.5,1843125
2020-04-30,10,9,1,Too Hot to Handle,TV Show,Yes,"Apr 17, 2020",13,86,tt12004280,Too Hot to Handle,"Documentary,Game-Show,Reality-TV",4.8,16015
2020-05-01,1,1,-,Never Have I Ever,TV Show,Yes,"Apr 27, 2020",4,34,tt10062292,Never Have I Ever,"Comedy,Drama",7.8,91613
2020-05-01,2,-,-,Dangerous Lies,Movie,Yes,"Apr 30, 2020",1,9,tt10183816,Dangerous Lies,"Crime,Mystery,Thriller",5.4,19816
2020-05-01,3,3,2,Outer Banks,TV Show,Yes,"Apr 15, 2020",16,131,tt10293938,Outer Banks,"Action,Crime,Drama",7.5,101710
2020-05-01,4,2,-,Extraction,Movie,Yes,"Apr 24, 2020",7,66,tt8936646,Extraction,"Action,Crime,Thriller",6.8,284743
2020-05-01,5,5,-,Murder to Mercy: The Cyntoi…,Movie,Yes,"Apr 29, 2020",2,12,,,,,
2020-05-01,6,4,-,The Last Kingdom,TV Show,,"Jul 10, 2016",5,31,tt4179452,The Last Kingdom,"Action,Drama,History",8.5,183796
2020-05-01,7,6,1,The Willoughbys,Movie,Yes,"Apr 22, 2020",9,62,tt5206260,The Willoughbys,"Adventure,Animation,Comedy",6.4,23038
2020-05-01,8,7,4,Waco,TV Show,,"Apr 16, 2020",13,70,tt6040674,Waco,"Crime,Drama,History",7.8,28075
2020-05-01,9,8,5,Ozark,TV Show,Yes,"Jul 21, 2017",35,244,tt5071412,Ozark,"Crime,Drama,Thriller",8.4,382255
2020-05-01,10,10,3,Too Hot to Handle,TV Show,Yes,"Apr 17, 2020",14,87,tt12004280,Too Hot to Handle,"Documentary,Game-Show,Reality-TV",4.8,16015
2020-05-02,1,2,-,Dangerous Lies,Movie,Yes,"Apr 30, 2020",2,19,tt10183816,Dangerous Lies,"Crime,Mystery,Thriller",5.4,19816
2020-05-02,2,1,-,Never Have I Ever,TV Show,Yes,"Apr 27, 2020",5,43,tt10062292,Never Have I Ever,"Comedy,Drama",7.8,91613
2020-05-02,3,3,3,Outer Banks,TV Show,Yes,"Apr 15, 2020",17,139,tt10293938,Outer Banks,"Action,Crime,Drama",7.5,101710
2020-05-02,4,4,1,Extraction,Movie,Yes,"Apr 24, 2020",8,73,tt8936646,Extraction,"Action,Crime,Thriller",6.8,284743
2020-05-02,5,5,-,Murder to Mercy: The Cyntoi…,Movie,Yes,"Apr 29, 2020",3,18,,,,,
2020-05-02,6,6,-,The Last Kingdom,TV Show,,"Jul 10, 2016",6,36,tt4179452,The Last Kingdom,"Action,Drama,History",8.5,183796
2020-05-02,7,7,2,The Willoughbys,Movie,Yes,"Apr 22, 2020",10,66,tt5206260,The Willoughbys,"Adventure,Animation,Comedy",6.4,23038
2020-05-02,8,-,-,All Day and a Night,Movie,Yes,"May 1, 2020",1,3,tt3993886,All Day and a Night,Drama,6.0,4738
2020-05-02,9,9,6,Ozark,TV Show,Yes,"Jul 21, 2017",36,246,tt5071412,Ozark,"Crime,Drama,Thriller",8.4,382255
2020-05-02,10,8,5,Waco,TV Show,,"Apr 16, 2020",14,71,tt6040674,Waco,"Crime,Drama,History",7.8,28075
2020-05-03,1,1,-,Dangerous Lies,Movie,Yes,"Apr 30, 2020",3,29,tt10183816,Dangerous Lies,"Crime,Mystery,Thriller",5.4,19816
2020-05-03,2,2,-,Never Have I Ever,TV Show,Yes,"Apr 27, 2020",6,52,tt10062292,Never Have I Ever,"Comedy,Drama",7.8,91613
2020-05-03,3,3,2,Outer Banks,TV Show,Yes,"Apr 15, 2020",18,147,tt10293938,Outer Banks,"Action,Crime,Drama",7.5,101710
2020-05-03,4,4,1,Extraction,Movie,Yes,"Apr 24, 2020",9,80,tt8936646,Extraction,"Action,Crime,Thriller",6.8,284743
2020-05-03,5,8,-,All Day and a Night,Movie,Yes,"May 1, 2020",2,9,tt3993886,All Day and a Night,Drama,6.0,4738
2020-05-03,6,-,-,Hollywood,TV Show,Yes,"May 1, 2020",1,5,tt9827854,Hollywood,"Comedy,Drama",7.5,43269
2020-05-03,7,-,-,Den of Thieves,Movie,,"May 1, 2020",1,4,tt1259528,Den of Thieves,"Action,Crime,Drama",7.0,150040
2020-05-03,8,5,-,Murder to Mercy: The Cyntoi…,Movie,Yes,"Apr 29, 2020",4,21,,,,,
2020-05-03,9,-,-,The Half of It,Movie,Yes,"May 1, 2020",1,2,tt9683478,The Half of It,"Comedy,Drama",6.9,46484
2020-05-03,10,6,-,The Last Kingdom,TV Show,,"Jul 10, 2016",7,37,tt4179452,The Last Kingdom,"Action,Drama,History",8.5,183796
2020-05-04,1,1,-,Dangerous Lies,Movie,Yes,"Apr 30, 2020",4,39,tt10183816,Dangerous Lies,"Crime,Mystery,Thriller",5.4,19816
2020-05-04,2,3,2,Outer Banks,TV Show,Yes,"Apr 15, 2020",19,156,tt10293938,Outer Banks,"Action,Crime,Drama",7.5,101710
2020-05-04,3,6,-,Hollywood,TV Show,Yes,"May 1, 2020",2,13,tt9827854,Hollywood,"Comedy,Drama",7.5,43269
2020-05-04,4,5,-,All Day and a Night,Movie,Yes,"May 1, 2020",3,16,tt3993886,All Day and a Night,Drama,6.0,4738
2020-05-04,5,2,-,Never Have I Ever,TV Show,Yes,"Apr 27, 2020",7,58,tt10062292,Never Have I Ever,"Comedy,Drama",7.8,91613
2020-05-04,6,4,1,Extraction,Movie,Yes,"Apr 24, 2020",10,85,tt8936646,Extraction,"Action,Crime,Thriller",6.8,284743
2020-05-04,7,7,-,Den of Thieves,Movie,,"May 1, 2020",2,8,tt1259528,Den of Thieves,"Action,Crime,Drama",7.0,150040
2020-05-04,8,8,-,Murder to Mercy: The Cyntoi…,Movie,Yes,"Apr 29, 2020",5,24,,,,,
2020-05-04,9,10,7,The Last Kingdom,TV Show,,"Jul 10, 2016",8,39,tt4179452,The Last Kingdom,"Action,Drama,History",8.5,183796
2020-05-04,10,9,-,The Half of It,Movie,Yes,"May 1, 2020",2,3,tt9683478,The Half of It,"Comedy,Drama",6.9,46484
2020-05-05,1,2,2,Outer Banks,TV Show,Yes,"Apr 15, 2020",20,166,tt10293938,Outer Banks,"Action,Crime,Drama",7.5,101710
2020-05-05,2,1,-,Dangerous Lies,Movie,Yes,"Apr 30, 2020",5,48,tt10183816,Dangerous Lies,"Crime,Mystery,Thriller",5.4,19816
2020-05-05,3,3,-,Hollywood,TV Show,Yes,"May 1, 2020",3,21,tt9827854,Hollywood,"Comedy,Drama",7.5,43269
2020-05-05,4,5,6,Never Have I Ever,TV Show,Yes,"Apr 27, 2020",8,65,tt10062292,Never Have I Ever,"Comedy,Drama",7.8,91613
2020-05-05,5,4,-,All Day and a Night,Movie,Yes,"May 1, 2020",4,22,tt3993886,All Day and a Night,Drama,6.0,4738
2020-05-05,6,7,-,Den of Thieves,Movie,,"May 1, 2020",3,13,tt1259528,Den of Thieves,"Action,Crime,Drama",7.0,150040
2020-05-05,7,6,1,Extraction,Movie,Yes,"Apr 24, 2020",11,89,tt8936646,Extraction,"Action,Crime,Thriller",6.8,284743
2020-05-05,8,-,-,Arctic Dogs,Movie,,"May 4, 2020",1,3,tt4426464,Arctic Dogs,"Adventure,Animation,Comedy",4.9,2451
2020-05-05,9,9,3,The Last Kingdom,TV Show,,"Jul 10, 2016",9,41,tt4179452,The Last Kingdom,"Action,Drama,History",8.5,183796
2020-05-05,10,8,-,Murder to Mercy: The Cyntoi…,Movie,Yes,"Apr 29, 2020",6,25,,,,,
2020-05-06,1,1,3,Outer Banks,TV Show,Yes,"Apr 15, 2020",21,176,tt10293938,Outer Banks,"Action,Crime,Drama",7.5,101710
2020-05-06,2,3,-,Hollywood,TV Show,Yes,"May 1, 2020",4,30,tt9827854,Hollywood,"Comedy,Drama",7.5,43269
2020-05-06,3,8,-,Arctic Dogs,Movie,,"May 4, 2020",2,11,tt4426464,Arctic Dogs,"Adventure,Animation,Comedy",4.9,2451
2020-05-06,4,2,-,Dangerous Lies,Movie,Yes,"Apr 30, 2020",6,55,tt10183816,Dangerous Lies,"Crime,Mystery,Thriller",5.4,19816
2020-05-06,5,4,2,Never Have I Ever,TV Show,Yes,"Apr 27, 2020",9,71,tt10062292,Never Have I Ever,"Comedy,Drama",7.8,91613
2020-05-06,6,-,-,Jerry Seinfeld: 23 Hours to…,Stand-Up Comedy,Yes,"May 5, 2020",1,5,,,,,
2020-05-06,7,5,-,All Day and a Night,Movie,Yes,"May 1, 2020",5,26,tt3993886,All Day and a Night,Drama,6.0,4738
2020-05-06,8,6,-,Den of Thieves,Movie,,"May 1, 2020",4,16,tt1259528,Den of Thieves,"Action,Crime,Drama",7.0,150040
2020-05-06,9,7,1,Extraction,Movie,Yes,"Apr 24, 2020",12,91,tt8936646,Extraction,"Action,Crime,Thriller",6.8,284743
2020-05-06,10,9,4,The Last Kingdom,TV Show,,"Jul 10, 2016",10,42,tt4179452,The Last Kingdom,"Action,Drama,History",8.5,183796
2020-05-07,1,1,3,Outer Banks,TV Show,Yes,"Apr 15, 2020",22,186,tt10293938,Outer Banks,"Action,Crime,Drama",7.5,101710
2020-05-07,2,2,-,Hollywood,TV Show,Yes,"May 1, 2020",5,39,tt9827854,Hollywood,"Comedy,Drama",7.5,43269
2020-05-07,3,6,-,Jerry Seinfeld: 23 Hours to…,Stand-Up Comedy,Yes,"May 5, 2020",2,13,,,,,
2020-05-07,4,5,1,Never Have I Ever,TV Show,Yes,"Apr 27, 2020",10,78,tt10062292,Never Have I Ever,"Comedy,Drama",7.8,91613
2020-05-07,5,-,-,Becoming,Movie,Yes,"May 6, 2020",1,6,tt12221748,Becoming,"Biography,Documentary",7.0,6848
2020-05-07,6,4,-,Dangerous Lies,Movie,Yes,"Apr 30, 2020",7,60,tt10183816,Dangerous Lies,"Crime,Mystery,Thriller",5.4,19816
2020-05-07,7,-,-,Workinâ Moms,TV Show,Yes,"Feb 22, 2019",1,4,,,,,
2020-05-07,8,3,-,Arctic Dogs,Movie,,"May 4, 2020",3,14,tt4426464,Arctic Dogs,"Adventure,Animation,Comedy",4.9,2451
2020-05-07,9,8,-,Den of Thieves,Movie,,"May 1, 2020",5,18,tt1259528,Den of Thieves,"Action,Crime,Drama",7.0,150040
2020-05-07,10,7,-,All Day and a Night,Movie,Yes,"May 1, 2020",6,27,tt3993886,All Day and a Night,Drama,6.0,4738
2020-05-08,1,1,3,Outer Banks,TV Show,Yes,"Apr 15, 2020",23,196,tt10293938,Outer Banks,"Action,Crime,Drama",7.5,101710
2020-05-08,2,2,-,Hollywood,TV Show,Yes,"May 1, 2020",6,48,tt9827854,Hollywood,"Comedy,Drama",7.5,43269
2020-05-08,3,5,-,Becoming,Movie,Yes,"May 6, 2020",2,14,tt12221748,Becoming,"Biography,Documentary",7.0,6848
2020-05-08,4,7,-,Workinâ Moms,TV Show,Yes,"Feb 22, 2019",2,11,,,,,
2020-05-08,5,3,-,Jerry Seinfeld: 23 Hours to…,Stand-Up Comedy,Yes,"May 5, 2020",3,19,,,,,
2020-05-08,6,4,1,Never Have I Ever,TV Show,Yes,"Apr 27, 2020",11,83,tt10062292,Never Have I Ever,"Comedy,Drama",7.8,91613
2020-05-08,7,9,-,Den of Thieves,Movie,,"May 1, 2020",6,22,tt1259528,Den of Thieves,"Action,Crime,Drama",7.0,150040
2020-05-08,8,8,-,Arctic Dogs,Movie,,"May 4, 2020",4,17,tt4426464,Arctic Dogs,"Adventure,Animation,Comedy",4.9,2451
2020-05-08,9,6,2,Dangerous Lies,Movie,Yes,"Apr 30, 2020",8,62,tt10183816,Dangerous Lies,"Crime,Mystery,Thriller",5.4,19816
2020-05-08,10,-,9,Ozark,TV Show,Yes,"Jul 21, 2017",37,247,tt5071412,Ozark,"Crime,Drama,Thriller",8.4,382255
2020-05-09,1,-,-,Dead to Me,TV Show,Yes,"May 3, 2019",1,10,tt8064302,Dead to Me,"Comedy,Crime,Drama",7.9,108415
2020-05-09,2,1,3,Outer Banks,TV Show,Yes,"Apr 15, 2020",24,205,tt10293938,Outer Banks,"Action,Crime,Drama",7.5,101710
2020-05-09,3,2,-,Hollywood,TV Show,Yes,"May 1, 2020",7,56,tt9827854,Hollywood,"Comedy,Drama",7.5,43269
2020-05-09,4,4,-,Workinâ Moms,TV Show,Yes,"Feb 22, 2019",3,18,,,,,
2020-05-09,5,3,-,Becoming,Movie,Yes,"May 6, 2020",3,20,tt12221748,Becoming,"Biography,Documentary",7.0,6848
2020-05-09,6,-,-,Sleepless,Movie,,"May 9, 2020",1,5,tt2072233,Sleepless,"Action,Crime,Thriller",5.6,36151
2020-05-09,7,6,2,Never Have I Ever,TV Show,Yes,"Apr 27, 2020",12,87,tt10062292,Never Have I Ever,"Comedy,Drama",7.8,91613
2020-05-09,8,5,-,Jerry Seinfeld: 23 Hours to…,Stand-Up Comedy,Yes,"May 5, 2020",4,22,,,,,
2020-05-09,9,7,-,Den of Thieves,Movie,,"May 1, 2020",7,24,tt1259528,Den of Thieves,"Action,Crime,Drama",7.0,150040
2020-05-09,10,-,-,Too Hot to Handle,TV Show,Yes,"Apr 17, 2020",15,88,tt12004280,Too Hot to Handle,"Documentary,Game-Show,Reality-TV",4.8,16015
2020-05-10,1,1,-,Dead to Me,TV Show,Yes,"May 3, 2019",2,20,tt8064302,Dead to Me,"Comedy,Crime,Drama",7.9,108415
2020-05-10,2,2,3,Outer Banks,TV Show,Yes,"Apr 15, 2020",25,214,tt10293938,Outer Banks,"Action,Crime,Drama",7.5,101710
2020-05-10,3,6,-,Sleepless,Movie,,"May 9, 2020",2,13,tt2072233,Sleepless,"Action,Crime,Thriller",5.6,36151
2020-05-10,4,3,6,Hollywood,TV Show,Yes,"May 1, 2020",8,63,tt9827854,Hollywood,"Comedy,Drama",7.5,43269
2020-05-10,5,5,-,Becoming,Movie,Yes,"May 6, 2020",4,26,tt12221748,Becoming,"Biography,Documentary",7.0,6848
2020-05-10,6,4,-,Workinâ Moms,TV Show,Yes,"Feb 22, 2019",4,23,,,,,
2020-05-10,7,9,7,Den of Thieves,Movie,,"May 1, 2020",8,28,tt1259528,Den of Thieves,"Action,Crime,Drama",7.0,150040
2020-05-10,8,8,-,Jerry Seinfeld: 23 Hours to…,Stand-Up Comedy,Yes,"May 5, 2020",5,25,,,,,
2020-05-10,9,-,4,Extraction,Movie,Yes,"Apr 24, 2020",13,93,tt8936646,Extraction,"Action,Crime,Thriller",6.8,284743
2020-05-10,10,7,2,Never Have I Ever,TV Show,Yes,"Apr 27, 2020",13,88,tt10062292,Never Have I Ever,"Comedy,Drama",7.8,91613
2020-05-11,1,1,-,Dead to Me,TV Show,Yes,"May 3, 2019",3,30,tt8064302,Dead to Me,"Comedy,Crime,Drama",7.9,108415
2020-05-11,2,2,2,Outer Banks,TV Show,Yes,"Apr 15, 2020",26,223,tt10293938,Outer Banks,"Action,Crime,Drama",7.5,101710
2020-05-11,3,-,-,John Henry,Movie,,"May 9, 2020",1,8,tt8170298,John Henry,"Drama,Thriller",3.6,2608
2020-05-11,4,3,-,Sleepless,Movie,,"May 9, 2020",3,20,tt2072233,Sleepless,"Action,Crime,Thriller",5.6,36151
2020-05-11,5,4,3,Hollywood,TV Show,Yes,"May 1, 2020",9,69,tt9827854,Hollywood,"Comedy,Drama",7.5,43269
2020-05-11,6,5,-,Becoming,Movie,Yes,"May 6, 2020",5,31,tt12221748,Becoming,"Biography,Documentary",7.0,6848
2020-05-11,7,9,6,Extraction,Movie,Yes,"Apr 24, 2020",14,97,tt8936646,Extraction,"Action,Crime,Thriller",6.8,284743
2020-05-11,8,7,7,Den of Thieves,Movie,,"May 1, 2020",9,31,tt1259528,Den of Thieves,"Action,Crime,Drama",7.0,150040
2020-05-11,9,6,-,Workinâ Moms,TV Show,Yes,"Feb 22, 2019",5,25,,,,,
2020-05-11,10,-,-,Ozark,TV Show,Yes,"Jul 21, 2017",38,248,tt5071412,Ozark,"Crime,Drama,Thriller",8.4,382255
2020-05-12,1,1,-,Dead to Me,TV Show,Yes,"May 3, 2019",4,40,tt8064302,Dead to Me,"Comedy,Crime,Drama",7.9,108415
2020-05-12,2,3,-,John Henry,Movie,,"May 9, 2020",2,17,tt8170298,John Henry,"Drama,Thriller",3.6,2608
2020-05-12,3,2,1,Outer Banks,TV Show,Yes,"Apr 15, 2020",27,231,tt10293938,Outer Banks,"Action,Crime,Drama",7.5,101710
2020-05-12,4,4,-,Sleepless,Movie,,"May 9, 2020",4,27,tt2072233,Sleepless,"Action,Crime,Thriller",5.6,36151
2020-05-12,5,5,3,Hollywood,TV Show,Yes,"May 1, 2020",10,75,tt9827854,Hollywood,"Comedy,Drama",7.5,43269
2020-05-12,6,-,-,Greyâs Anatomy,TV Show,,"Sep 15, 2014",1,5,,,,,
2020-05-12,7,10,-,Ozark,TV Show,Yes,"Jul 21, 2017",39,252,tt5071412,Ozark,"Crime,Drama,Thriller",8.4,382255
2020-05-12,8,9,-,Workinâ Moms,TV Show,Yes,"Feb 22, 2019",6,28,,,,,
2020-05-12,9,-,4,Never Have I Ever,TV Show,Yes,"Apr 27, 2020",14,90,tt10062292,Never Have I Ever,"Comedy,Drama",7.8,91613
2020-05-12,10,-,9,The Last Kingdom,TV Show,,"Jul 10, 2016",11,43,tt4179452,The Last Kingdom,"Action,Drama,History",8.5,183796
2020-05-13,1,1,-,Dead to Me,TV Show,Yes,"May 3, 2019",5,50,tt8064302,Dead to Me,"Comedy,Crime,Drama",7.9,108415
2020-05-13,2,2,-,John Henry,Movie,,"May 9, 2020",3,26,tt8170298,John Henry,"Drama,Thriller",3.6,2608
2020-05-13,3,3,1,Outer Banks,TV Show,Yes,"Apr 15, 2020",28,239,tt10293938,Outer Banks,"Action,Crime,Drama",7.5,101710
2020-05-13,4,4,-,Sleepless,Movie,,"May 9, 2020",5,34,tt2072233,Sleepless,"Action,Crime,Thriller",5.6,36151
2020-05-13,5,-,-,Have a Good Trip: Adventure…,Movie,Yes,"May 11, 2020",1,6,,,,,
2020-05-13,6,6,-,Greyâs Anatomy,TV Show,,"Sep 15, 2014",2,10,,,,,
2020-05-13,7,-,-,Trial by Media,TV Show,Yes,"May 11, 2020",1,4,tt11963042,Trial by Media,"Crime,Documentary",7.1,3758
2020-05-13,8,5,2,Hollywood,TV Show,Yes,"May 1, 2020",11,78,tt9827854,Hollywood,"Comedy,Drama",7.5,43269
2020-05-13,9,7,-,Ozark,TV Show,Yes,"Jul 21, 2017",40,254,tt5071412,Ozark,"Crime,Drama,Thriller",8.4,382255
2020-05-13,10,-,-,House at the End of the Street,Movie,,"May 8, 2013",1,1,tt1582507,House at the End of the Street,"Drama,Horror,Mystery",5.5,84053
2020-05-14,1,1,-,Dead to Me,TV Show,Yes,"May 3, 2019",6,60,tt8064302,Dead to Me,"Comedy,Crime,Drama",7.9,108415
2020-05-14,2,-,-,The Wrong Missy,Movie,Yes,"May 13, 2020",1,9,tt9619798,The Wrong Missy,"Comedy,Romance",5.8,49576
2020-05-14,3,3,1,Outer Banks,TV Show,Yes,"Apr 15, 2020",29,247,tt10293938,Outer Banks,"Action,Crime,Drama",7.5,101710
2020-05-14,4,2,-,John Henry,Movie,,"May 9, 2020",4,33,tt8170298,John Henry,"Drama,Thriller",3.6,2608
2020-05-14,5,7,-,Trial by Media,TV Show,Yes,"May 11, 2020",2,10,tt11963042,Trial by Media,"Crime,Documentary",7.1,3758
2020-05-14,6,5,-,Have a Good Trip: Adventure…,Movie,Yes,"May 11, 2020",2,11,,,,,
2020-05-14,7,6,-,Greyâs Anatomy,TV Show,,"Sep 15, 2014",3,14,,,,,
2020-05-14,8,4,-,Sleepless,Movie,,"May 9, 2020",6,37,tt2072233,Sleepless,"Action,Crime,Thriller",5.6,36151
2020-05-14,9,9,-,Ozark,TV Show,Yes,"Jul 21, 2017",41,256,tt5071412,Ozark,"Crime,Drama,Thriller",8.4,382255
2020-05-14,10,8,2,Hollywood,TV Show,Yes,"May 1, 2020",12,79,tt9827854,Hollywood,"Comedy,Drama",7.5,43269
2020-05-15,1,2,-,The Wrong Missy,Movie,Yes,"May 13, 2020",2,19,tt9619798,The Wrong Missy,"Comedy,Romance",5.8,49576
2020-05-15,2,1,-,Dead to Me,TV Show,Yes,"May 3, 2019",7,69,tt8064302,Dead to Me,"Comedy,Crime,Drama",7.9,108415
2020-05-15,3,-,-,Riverdale,TV Show,,"May 19, 2017",1,8,tt5420376,Riverdale,"Crime,Drama,Mystery",6.4,163370
2020-05-15,4,3,1,Outer Banks,TV Show,Yes,"Apr 15, 2020",30,254,tt10293938,Outer Banks,"Action,Crime,Drama",7.5,101710
2020-05-15,5,4,-,John Henry,Movie,,"May 9, 2020",5,39,tt8170298,John Henry,"Drama,Thriller",3.6,2608
2020-05-15,6,5,-,Trial by Media,TV Show,Yes,"May 11, 2020",3,15,tt11963042,Trial by Media,"Crime,Documentary",7.1,3758
2020-05-15,7,7,-,Greyâs Anatomy,TV Show,,"Sep 15, 2014",4,18,,,,,
2020-05-15,8,9,10,Ozark,TV Show,Yes,"Jul 21, 2017",42,259,tt5071412,Ozark,"Crime,Drama,Thriller",8.4,382255
2020-05-15,9,6,-,Have a Good Trip: Adventure…,Movie,Yes,"May 11, 2020",3,13,,,,,
2020-05-15,10,10,2,Hollywood,TV Show,Yes,"May 1, 2020",13,80,tt9827854,Hollywood,"Comedy,Drama",7.5,43269
2020-05-16,1,1,-,The Wrong Missy,Movie,Yes,"May 13, 2020",3,29,tt9619798,The Wrong Missy,"Comedy,Romance",5.8,49576
2020-05-16,2,2,1,Dead to Me,TV Show,Yes,"May 3, 2019",8,78,tt8064302,Dead to Me,"Comedy,Crime,Drama",7.9,108415
2020-05-16,3,3,-,Riverdale,TV Show,,"May 19, 2017",2,16,tt5420376,Riverdale,"Crime,Drama,Mystery",6.4,163370
2020-05-16,4,4,2,Outer Banks,TV Show,Yes,"Apr 15, 2020",31,261,tt10293938,Outer Banks,"Action,Crime,Drama",7.5,101710
2020-05-16,5,-,-,White Lines,TV Show,Yes,"May 15, 2020",1,6,tt9073958,White Lines,"Crime,Drama,Mystery",6.6,19497
2020-05-16,6,5,-,John Henry,Movie,,"May 9, 2020",6,44,tt8170298,John Henry,"Drama,Thriller",3.6,2608
2020-05-16,7,6,-,Trial by Media,TV Show,Yes,"May 11, 2020",4,19,tt11963042,Trial by Media,"Crime,Documentary",7.1,3758
2020-05-16,8,7,-,Greyâs Anatomy,TV Show,,"Sep 15, 2014",5,21,,,,,
2020-05-16,9,8,-,Ozark,TV Show,Yes,"Jul 21, 2017",43,261,tt5071412,Ozark,"Crime,Drama,Thriller",8.4,382255
2020-05-16,10,9,-,Have a Good Trip: Adventure…,Movie,Yes,"May 11, 2020",4,14,,,,,
2020-05-17,1,1,-,The Wrong Missy,Movie,Yes,"May 13, 2020",4,39,tt9619798,The Wrong Missy,"Comedy,Romance",5.8,49576
2020-05-17,2,2,1,Dead to Me,TV Show,Yes,"May 3, 2019",9,87,tt8064302,Dead to Me,"Comedy,Crime,Drama",7.9,108415
2020-05-17,3,3,-,Riverdale,TV Show,,"May 19, 2017",3,24,tt5420376,Riverdale,"Crime,Drama,Mystery",6.4,163370
2020-05-17,4,5,-,White Lines,TV Show,Yes,"May 15, 2020",2,13,tt9073958,White Lines,"Crime,Drama,Mystery",6.6,19497
2020-05-17,5,4,2,Outer Banks,TV Show,Yes,"Apr 15, 2020",32,267,tt10293938,Outer Banks,"Action,Crime,Drama",7.5,101710
2020-05-17,6,-,-,Public Enemies,Movie,,"May 16, 2020",1,5,tt1152836,Public Enemies,"Biography,Crime,Drama",6.9,332303
2020-05-17,7,6,-,John Henry,Movie,,"May 9, 2020",7,48,tt8170298,John Henry,"Drama,Thriller",3.6,2608
2020-05-17,8,-,-,Magic for Humans,TV Show,Yes,"Aug 17, 2018",1,3,tt8425308,Magic for Humans,"Comedy,Reality-TV",7.2,3932
2020-05-17,9,7,-,Trial by Media,TV Show,Yes,"May 11, 2020",5,21,tt11963042,Trial by Media,"Crime,Documentary",7.1,3758
2020-05-17,10,10,-,Have a Good Trip: Adventure…,Movie,Yes,"May 11, 2020",5,15,,,,,
2020-05-18,1,1,-,The Wrong Missy,Movie,Yes,"May 13, 2020",5,49,tt9619798,The Wrong Missy,"Comedy,Romance",5.8,49576
2020-05-18,2,2,1,Dead to Me,TV Show,Yes,"May 3, 2019",10,96,tt8064302,Dead to Me,"Comedy,Crime,Drama",7.9,108415
2020-05-18,3,3,-,Riverdale,TV Show,,"May 19, 2017",4,32,tt5420376,Riverdale,"Crime,Drama,Mystery",6.4,163370
2020-05-18,4,6,-,Public Enemies,Movie,,"May 16, 2020",2,12,tt1152836,Public Enemies,"Biography,Crime,Drama",6.9,332303
2020-05-18,5,4,-,White Lines,TV Show,Yes,"May 15, 2020",3,19,tt9073958,White Lines,"Crime,Drama,Mystery",6.6,19497
2020-05-18,6,5,2,Outer Banks,TV Show,Yes,"Apr 15, 2020",33,272,tt10293938,Outer Banks,"Action,Crime,Drama",7.5,101710
2020-05-18,7,-,-,Soul Surfer,Movie,,"May 17, 2020",1,4,tt1596346,Soul Surfer,"Biography,Drama,Family",7.0,55198
2020-05-18,8,8,-,Magic for Humans,TV Show,Yes,"Aug 17, 2018",2,6,tt8425308,Magic for Humans,"Comedy,Reality-TV",7.2,3932
2020-05-18,9,7,3,John Henry,Movie,,"May 9, 2020",8,50,tt8170298,John Henry,"Drama,Thriller",3.6,2608
2020-05-18,10,9,-,Trial by Media,TV Show,Yes,"May 11, 2020",6,22,tt11963042,Trial by Media,"Crime,Documentary",7.1,3758
2020-05-19,1,-,-,Avatar: The Last Airbender,TV Show,,"May 15, 2020",1,10,tt0417299,Avatar: The Last Airbender,"Action,Adventure,Animation",9.3,424573
2020-05-19,2,1,-,The Wrong Missy,Movie,Yes,"May 13, 2020",6,58,tt9619798,The Wrong Missy,"Comedy,Romance",5.8,49576
2020-05-19,3,3,-,Riverdale,TV Show,,"May 19, 2017",5,40,tt5420376,Riverdale,"Crime,Drama,Mystery",6.4,163370
2020-05-19,4,2,1,Dead to Me,TV Show,Yes,"May 3, 2019",11,103,tt8064302,Dead to Me,"Comedy,Crime,Drama",7.9,108415
2020-05-19,5,7,-,Soul Surfer,Movie,,"May 17, 2020",2,10,tt1596346,Soul Surfer,"Biography,Drama,Family",7.0,55198
2020-05-19,6,5,-,White Lines,TV Show,Yes,"May 15, 2020",4,24,tt9073958,White Lines,"Crime,Drama,Mystery",6.6,19497
2020-05-19,7,6,3,Outer Banks,TV Show,Yes,"Apr 15, 2020",34,276,tt10293938,Outer Banks,"Action,Crime,Drama",7.5,101710
2020-05-19,8,4,-,Public Enemies,Movie,,"May 16, 2020",3,15,tt1152836,Public Enemies,"Biography,Crime,Drama",6.9,332303
2020-05-19,9,8,-,Magic for Humans,TV Show,Yes,"Aug 17, 2018",3,8,tt8425308,Magic for Humans,"Comedy,Reality-TV",7.2,3932
2020-05-19,10,-,7,Ozark,TV Show,Yes,"Jul 21, 2017",44,262,tt5071412,Ozark,"Crime,Drama,Thriller",8.4,382255
2020-05-20,1,1,-,Avatar: The Last Airbender,TV Show,,"May 15, 2020",2,20,tt0417299,Avatar: The Last Airbender,"Action,Adventure,Animation",9.3,424573
2020-05-20,2,2,-,The Wrong Missy,Movie,Yes,"May 13, 2020",7,67,tt9619798,The Wrong Missy,"Comedy,Romance",5.8,49576
2020-05-20,3,3,-,Riverdale,TV Show,,"May 19, 2017",6,48,tt5420376,Riverdale,"Crime,Drama,Mystery",6.4,163370
2020-05-20,4,4,1,Dead to Me,TV Show,Yes,"May 3, 2019",12,110,tt8064302,Dead to Me,"Comedy,Crime,Drama",7.9,108415
2020-05-20,5,-,-,Sweet Magnolias,TV Show,Yes,"May 19, 2020",1,6,tt9077540,Sweet Magnolias,"Drama,Romance",7.3,27514
2020-05-20,6,6,-,White Lines,TV Show,Yes,"May 15, 2020",5,29,tt9073958,White Lines,"Crime,Drama,Mystery",6.6,19497
2020-05-20,7,7,3,Outer Banks,TV Show,Yes,"Apr 15, 2020",35,280,tt10293938,Outer Banks,"Action,Crime,Drama",7.5,101710
2020-05-20,8,5,-,Soul Surfer,Movie,,"May 17, 2020",3,13,tt1596346,Soul Surfer,"Biography,Drama,Family",7.0,55198
2020-05-20,9,8,-,Public Enemies,Movie,,"May 16, 2020",4,17,tt1152836,Public Enemies,"Biography,Crime,Drama",6.9,332303
2020-05-20,10,9,-,Magic for Humans,TV Show,Yes,"Aug 17, 2018",4,9,tt8425308,Magic for Humans,"Comedy,Reality-TV",7.2,3932
2020-05-21,1,1,-,Avatar: The Last Airbender,TV Show,,"May 15, 2020",3,30,tt0417299,Avatar: The Last Airbender,"Action,Adventure,Animation",9.3,424573
2020-05-21,2,5,-,Sweet Magnolias,TV Show,Yes,"May 19, 2020",2,15,tt9077540,Sweet Magnolias,"Drama,Romance",7.3,27514
2020-05-21,3,3,-,Riverdale,TV Show,,"May 19, 2017",7,56,tt5420376,Riverdale,"Crime,Drama,Mystery",6.4,163370
2020-05-21,4,4,1,Dead to Me,TV Show,Yes,"May 3, 2019",13,117,tt8064302,Dead to Me,"Comedy,Crime,Drama",7.9,108415
2020-05-21,5,2,2,The Wrong Missy,Movie,Yes,"May 13, 2020",8,73,tt9619798,The Wrong Missy,"Comedy,Romance",5.8,49576
2020-05-21,6,-,-,The Flash,TV Show,,"Oct 6, 2015",1,5,tt3107288,The Flash,"Action,Adventure,Drama",7.5,381811
2020-05-21,7,6,-,White Lines,TV Show,Yes,"May 15, 2020",6,33,tt9073958,White Lines,"Crime,Drama,Mystery",6.6,19497
2020-05-21,8,7,3,Outer Banks,TV Show,Yes,"Apr 15, 2020",36,283,tt10293938,Outer Banks,"Action,Crime,Drama",7.5,101710
2020-05-21,9,8,-,Soul Surfer,Movie,,"May 17, 2020",4,15,tt1596346,Soul Surfer,"Biography,Drama,Family",7.0,55198
2020-05-21,10,9,-,Public Enemies,Movie,,"May 16, 2020",5,18,tt1152836,Public Enemies,"Biography,Crime,Drama",6.9,332303
2020-05-22,1,1,-,Avatar: The Last Airbender,TV Show,,"May 15, 2020",4,40,tt0417299,Avatar: The Last Airbender,"Action,Adventure,Animation",9.3,424573
2020-05-22,2,2,-,Sweet Magnolias,TV Show,Yes,"May 19, 2020",3,24,tt9077540,Sweet Magnolias,"Drama,Romance",7.3,27514
2020-05-22,3,3,3,Riverdale,TV Show,,"May 19, 2017",8,64,tt5420376,Riverdale,"Crime,Drama,Mystery",6.4,163370
2020-05-22,4,4,2,Dead to Me,TV Show,Yes,"May 3, 2019",14,124,tt8064302,Dead to Me,"Comedy,Crime,Drama",7.9,108415
2020-05-22,5,5,1,The Wrong Missy,Movie,Yes,"May 13, 2020",9,79,tt9619798,The Wrong Missy,"Comedy,Romance",5.8,49576
2020-05-22,6,6,-,The Flash,TV Show,,"Oct 6, 2015",2,10,tt3107288,The Flash,"Action,Adventure,Drama",7.5,381811
2020-05-22,7,7,-,White Lines,TV Show,Yes,"May 15, 2020",7,37,tt9073958,White Lines,"Crime,Drama,Mystery",6.6,19497
2020-05-22,8,8,4,Outer Banks,TV Show,Yes,"Apr 15, 2020",37,286,tt10293938,Outer Banks,"Action,Crime,Drama",7.5,101710
2020-05-22,9,9,-,Soul Surfer,Movie,,"May 17, 2020",5,17,tt1596346,Soul Surfer,"Biography,Drama,Family",7.0,55198
2020-05-22,10,10,-,Public Enemies,Movie,,"May 16, 2020",6,19,tt1152836,Public Enemies,"Biography,Crime,Drama",6.9,332303
2020-05-23,1,1,-,Avatar: The Last Airbender,TV Show,,"May 15, 2020",5,50,tt0417299,Avatar: The Last Airbender,"Action,Adventure,Animation",9.3,424573
2020-05-23,2,2,-,Sweet Magnolias,TV Show,Yes,"May 19, 2020",4,33,tt9077540,Sweet Magnolias,"Drama,Romance",7.3,27514
2020-05-23,3,-,-,The Lovebirds,Movie,Yes,"May 22, 2020",1,8,tt8851668,The Lovebirds,"Action,Comedy,Crime",6.1,28877
2020-05-23,4,3,3,Riverdale,TV Show,,"May 19, 2017",9,71,tt5420376,Riverdale,"Crime,Drama,Mystery",6.4,163370
2020-05-23,5,4,2,Dead to Me,TV Show,Yes,"May 3, 2019",15,130,tt8064302,Dead to Me,"Comedy,Crime,Drama",7.9,108415
2020-05-23,6,5,1,The Wrong Missy,Movie,Yes,"May 13, 2020",10,84,tt9619798,The Wrong Missy,"Comedy,Romance",5.8,49576
2020-05-23,7,6,-,The Flash,TV Show,,"Oct 6, 2015",3,14,tt3107288,The Flash,"Action,Adventure,Drama",7.5,381811
2020-05-23,8,7,5,White Lines,TV Show,Yes,"May 15, 2020",8,40,tt9073958,White Lines,"Crime,Drama,Mystery",6.6,19497
2020-05-23,9,8,4,Outer Banks,TV Show,Yes,"Apr 15, 2020",38,288,tt10293938,Outer Banks,"Action,Crime,Drama",7.5,101710
2020-05-23,10,-,-,Just Go With It,Movie,,"May 22, 2020",1,1,tt1564367,Just Go with It,"Comedy,Romance",6.4,284219
2020-05-24,1,2,-,Sweet Magnolias,TV Show,Yes,"May 19, 2020",5,43,tt9077540,Sweet Magnolias,"Drama,Romance",7.3,27514
2020-05-24,2,1,-,Avatar: The Last Airbender,TV Show,,"May 15, 2020",6,59,tt0417299,Avatar: The Last Airbender,"Action,Adventure,Animation",9.3,424573
2020-05-24,3,3,-,The Lovebirds,Movie,Yes,"May 22, 2020",2,16,tt8851668,The Lovebirds,"Action,Comedy,Crime",6.1,28877
2020-05-24,4,6,1,The Wrong Missy,Movie,Yes,"May 13, 2020",11,91,tt9619798,The Wrong Missy,"Comedy,Romance",5.8,49576
2020-05-24,5,10,-,Just Go With It,Movie,,"May 22, 2020",2,7,tt1564367,Just Go with It,"Comedy,Romance",6.4,284219
2020-05-24,6,5,2,Dead to Me,TV Show,Yes,"May 3, 2019",16,135,tt8064302,Dead to Me,"Comedy,Crime,Drama",7.9,108415
2020-05-24,7,7,-,The Flash,TV Show,,"Oct 6, 2015",4,18,tt3107288,The Flash,"Action,Adventure,Drama",7.5,381811
2020-05-24,8,4,3,Riverdale,TV Show,,"May 19, 2017",10,74,tt5420376,Riverdale,"Crime,Drama,Mystery",6.4,163370
2020-05-24,9,8,4,White Lines,TV Show,Yes,"May 15, 2020",9,42,tt9073958,White Lines,"Crime,Drama,Mystery",6.6,19497
2020-05-24,10,9,5,Outer Banks,TV Show,Yes,"Apr 15, 2020",39,289,tt10293938,Outer Banks,"Action,Crime,Drama",7.5,101710
2020-05-25,1,1,-,Sweet Magnolias,TV Show,Yes,"May 19, 2020",6,53,tt9077540,Sweet Magnolias,"Drama,Romance",7.3,27514
2020-05-25,2,2,-,Avatar: The Last Airbender,TV Show,,"May 15, 2020",7,68,tt0417299,Avatar: The Last Airbender,"Action,Adventure,Animation",9.3,424573
2020-05-25,3,3,-,The Lovebirds,Movie,Yes,"May 22, 2020",3,24,tt8851668,The Lovebirds,"Action,Comedy,Crime",6.1,28877
2020-05-25,4,4,1,The Wrong Missy,Movie,Yes,"May 13, 2020",12,98,tt9619798,The Wrong Missy,"Comedy,Romance",5.8,49576
2020-05-25,5,5,-,Just Go With It,Movie,,"May 22, 2020",3,13,tt1564367,Just Go with It,"Comedy,Romance",6.4,284219
2020-05-25,6,6,2,Dead to Me,TV Show,Yes,"May 3, 2019",17,140,tt8064302,Dead to Me,"Comedy,Crime,Drama",7.9,108415
2020-05-25,7,7,-,The Flash,TV Show,,"Oct 6, 2015",5,22,tt3107288,The Flash,"Action,Adventure,Drama",7.5,381811
2020-05-25,8,-,-,History 101,TV Show,Yes,"May 22, 2020",1,3,tt11958648,History 101,"Documentary,History",6.8,4999
2020-05-25,9,8,3,Riverdale,TV Show,,"May 19, 2017",11,76,tt5420376,Riverdale,"Crime,Drama,Mystery",6.4,163370
2020-05-25,10,9,5,White Lines,TV Show,Yes,"May 15, 2020",10,43,tt9073958,White Lines,"Crime,Drama,Mystery",6.6,19497
2020-05-26,1,1,-,Sweet Magnolias,TV Show,Yes,"May 19, 2020",7,63,tt9077540,Sweet Magnolias,"Drama,Romance",7.3,27514
2020-05-26,2,2,1,Avatar: The Last Airbender,TV Show,,"May 15, 2020",8,77,tt0417299,Avatar: The Last Airbender,"Action,Adventure,Animation",9.3,424573
2020-05-26,3,-,-,Uncut Gems,Movie,,"May 25, 2020",1,8,tt5727208,Uncut Gems,"Crime,Drama,Thriller",7.4,343922
2020-05-26,4,3,-,The Lovebirds,Movie,Yes,"May 22, 2020",4,31,tt8851668,The Lovebirds,"Action,Comedy,Crime",6.1,28877
2020-05-26,5,8,-,History 101,TV Show,Yes,"May 22, 2020",2,9,tt11958648,History 101,"Documentary,History",6.8,4999
2020-05-26,6,5,-,Just Go With It,Movie,,"May 22, 2020",4,18,tt1564367,Just Go with It,"Comedy,Romance",6.4,284219
2020-05-26,7,4,2,The Wrong Missy,Movie,Yes,"May 13, 2020",13,102,tt9619798,The Wrong Missy,"Comedy,Romance",5.8,49576
2020-05-26,8,6,4,Dead to Me,TV Show,Yes,"May 3, 2019",18,143,tt8064302,Dead to Me,"Comedy,Crime,Drama",7.9,108415
2020-05-26,9,9,3,Riverdale,TV Show,,"May 19, 2017",12,78,tt5420376,Riverdale,"Crime,Drama,Mystery",6.4,163370
2020-05-26,10,7,-,The Flash,TV Show,,"Oct 6, 2015",6,23,tt3107288,The Flash,"Action,Adventure,Drama",7.5,381811
2020-05-27,1,3,-,Uncut Gems,Movie,,"May 25, 2020",2,18,tt5727208,Uncut Gems,"Crime,Drama,Thriller",7.4,343922
2020-05-27,2,1,5,Sweet Magnolias,TV Show,Yes,"May 19, 2020",8,72,tt9077540,Sweet Magnolias,"Drama,Romance",7.3,27514
2020-05-27,3,2,1,Avatar: The Last Airbender,TV Show,,"May 15, 2020",9,85,tt0417299,Avatar: The Last Airbender,"Action,Adventure,Animation",9.3,424573
2020-05-27,4,5,-,History 101,TV Show,Yes,"May 22, 2020",3,16,tt11958648,History 101,"Documentary,History",6.8,4999
2020-05-27,5,6,-,Just Go With It,Movie,,"May 22, 2020",5,24,tt1564367,Just Go with It,"Comedy,Romance",6.4,284219
2020-05-27,6,8,4,Dead to Me,TV Show,Yes,"May 3, 2019",19,148,tt8064302,Dead to Me,"Comedy,Crime,Drama",7.9,108415
2020-05-27,7,9,3,Riverdale,TV Show,,"May 19, 2017",13,82,tt5420376,Riverdale,"Crime,Drama,Mystery",6.4,163370
2020-05-27,8,4,-,The Lovebirds,Movie,Yes,"May 22, 2020",5,34,tt8851668,The Lovebirds,"Action,Comedy,Crime",6.1,28877
2020-05-27,9,10,-,The Flash,TV Show,,"Oct 6, 2015",7,25,tt3107288,The Flash,"Action,Adventure,Drama",7.5,381811
2020-05-27,10,7,2,The Wrong Missy,Movie,Yes,"May 13, 2020",14,103,tt9619798,The Wrong Missy,"Comedy,Romance",5.8,49576
2020-05-28,1,-,-,Jeffrey Epstein: Filthy Rich,TV Show,Yes,"May 27, 2020",1,10,tt12312250,Jeffrey Epstein: Filthy Rich,"Crime,Documentary",7.1,31610
2020-05-28,2,1,-,Uncut Gems,Movie,,"May 25, 2020",3,27,tt5727208,Uncut Gems,"Crime,Drama,Thriller",7.4,343922
2020-05-28,3,2,2,Sweet Magnolias,TV Show,Yes,"May 19, 2020",9,80,tt9077540,Sweet Magnolias,"Drama,Romance",7.3,27514
2020-05-28,4,3,1,Avatar: The Last Airbender,TV Show,,"May 15, 2020",10,92,tt0417299,Avatar: The Last Airbender,"Action,Adventure,Animation",9.3,424573
2020-05-28,5,6,4,Dead to Me,TV Show,Yes,"May 3, 2019",20,154,tt8064302,Dead to Me,"Comedy,Crime,Drama",7.9,108415
2020-05-28,6,7,3,Riverdale,TV Show,,"May 19, 2017",14,87,tt5420376,Riverdale,"Crime,Drama,Mystery",6.4,163370
2020-05-28,7,4,-,History 101,TV Show,Yes,"May 22, 2020",4,20,tt11958648,History 101,"Documentary,History",6.8,4999
2020-05-28,8,5,-,Just Go With It,Movie,,"May 22, 2020",6,27,tt1564367,Just Go with It,"Comedy,Romance",6.4,284219
2020-05-28,9,9,6,The Flash,TV Show,,"Oct 6, 2015",8,27,tt3107288,The Flash,"Action,Adventure,Drama",7.5,381811
2020-05-28,10,8,-,The Lovebirds,Movie,Yes,"May 22, 2020",6,35,tt8851668,The Lovebirds,"Action,Comedy,Crime",6.1,28877
2020-05-29,1,1,-,Jeffrey Epstein: Filthy Rich,TV Show,Yes,"May 27, 2020",2,20,tt12312250,Jeffrey Epstein: Filthy Rich,"Crime,Documentary",7.1,31610
2020-05-29,2,2,-,Uncut Gems,Movie,,"May 25, 2020",4,36,tt5727208,Uncut Gems,"Crime,Drama,Thriller",7.4,343922
2020-05-29,3,3,2,Sweet Magnolias,TV Show,Yes,"May 19, 2020",10,88,tt9077540,Sweet Magnolias,"Drama,Romance",7.3,27514
2020-05-29,4,4,1,Avatar: The Last Airbender,TV Show,,"May 15, 2020",11,99,tt0417299,Avatar: The Last Airbender,"Action,Adventure,Animation",9.3,424573
2020-05-29,5,5,4,Dead to Me,TV Show,Yes,"May 3, 2019",21,160,tt8064302,Dead to Me,"Comedy,Crime,Drama",7.9,108415
2020-05-29,6,6,3,Riverdale,TV Show,,"May 19, 2017",15,92,tt5420376,Riverdale,"Crime,Drama,Mystery",6.4,163370
2020-05-29,7,7,-,History 101,TV Show,Yes,"May 22, 2020",5,24,tt11958648,History 101,"Documentary,History",6.8,4999
2020-05-29,8,9,6,The Flash,TV Show,,"Oct 6, 2015",9,30,tt3107288,The Flash,"Action,Adventure,Drama",7.5,381811
2020-05-29,9,8,-,Just Go With It,Movie,,"May 22, 2020",7,29,tt1564367,Just Go with It,"Comedy,Romance",6.4,284219
2020-05-29,10,-,8,Outer Banks,TV Show,Yes,"Apr 15, 2020",40,290,tt10293938,Outer Banks,"Action,Crime,Drama",7.5,101710
2020-05-30,1,-,-,Space Force,TV Show,Yes,"May 29, 2020",1,10,tt9612516,Space Force,Comedy,6.7,74807
2020-05-30,2,1,-,Jeffrey Epstein: Filthy Rich,TV Show,Yes,"May 27, 2020",3,29,tt12312250,Jeffrey Epstein: Filthy Rich,"Crime,Documentary",7.1,31610
2020-05-30,3,2,-,Uncut Gems,Movie,,"May 25, 2020",5,44,tt5727208,Uncut Gems,"Crime,Drama,Thriller",7.4,343922
2020-05-30,4,3,2,Sweet Magnolias,TV Show,Yes,"May 19, 2020",11,95,tt9077540,Sweet Magnolias,"Drama,Romance",7.3,27514
2020-05-30,5,4,1,Avatar: The Last Airbender,TV Show,,"May 15, 2020",12,105,tt0417299,Avatar: The Last Airbender,"Action,Adventure,Animation",9.3,424573
2020-05-30,6,5,5,Dead to Me,TV Show,Yes,"May 3, 2019",22,165,tt8064302,Dead to Me,"Comedy,Crime,Drama",7.9,108415
2020-05-30,7,6,4,Riverdale,TV Show,,"May 19, 2017",16,96,tt5420376,Riverdale,"Crime,Drama,Mystery",6.4,163370
2020-05-30,8,8,7,The Flash,TV Show,,"Oct 6, 2015",10,33,tt3107288,The Flash,"Action,Adventure,Drama",7.5,381811
2020-05-30,9,9,10,Just Go With It,Movie,,"May 22, 2020",8,31,tt1564367,Just Go with It,"Comedy,Romance",6.4,284219
2020-05-30,10,7,-,History 101,TV Show,Yes,"May 22, 2020",6,25,tt11958648,History 101,"Documentary,History",6.8,4999
2020-05-31,1,1,-,Space Force,TV Show,Yes,"May 29, 2020",2,20,tt9612516,Space Force,Comedy,6.7,74807
2020-05-31,2,2,-,Jeffrey Epstein: Filthy Rich,TV Show,Yes,"May 27, 2020",4,38,tt12312250,Jeffrey Epstein: Filthy Rich,"Crime,Documentary",7.1,31610
2020-05-31,3,3,-,Uncut Gems,Movie,,"May 25, 2020",6,52,tt5727208,Uncut Gems,"Crime,Drama,Thriller",7.4,343922
2020-05-31,4,4,1,Sweet Magnolias,TV Show,Yes,"May 19, 2020",12,102,tt9077540,Sweet Magnolias,"Drama,Romance",7.3,27514
2020-05-31,5,5,2,Avatar: The Last Airbender,TV Show,,"May 15, 2020",13,111,tt0417299,Avatar: The Last Airbender,"Action,Adventure,Animation",9.3,424573
2020-05-31,6,6,6,Dead to Me,TV Show,Yes,"May 3, 2019",23,170,tt8064302,Dead to Me,"Comedy,Crime,Drama",7.9,108415
2020-05-31,7,9,5,Just Go With It,Movie,,"May 22, 2020",9,35,tt1564367,Just Go with It,"Comedy,Romance",6.4,284219
2020-05-31,8,7,8,Riverdale,TV Show,,"May 19, 2017",17,99,tt5420376,Riverdale,"Crime,Drama,Mystery",6.4,163370
2020-05-31,9,8,7,The Flash,TV Show,,"Oct 6, 2015",11,35,tt3107288,The Flash,"Action,Adventure,Drama",7.5,381811
2020-05-31,10,10,-,History 101,TV Show,Yes,"May 22, 2020",7,26,tt11958648,History 101,"Documentary,History",6.8,4999
2020-06-01,1,1,-,Space Force,TV Show,Yes,"May 29, 2020",3,30,tt9612516,Space Force,Comedy,6.7,74807
2020-06-01,2,2,-,Jeffrey Epstein: Filthy Rich,TV Show,Yes,"May 27, 2020",5,47,tt12312250,Jeffrey Epstein: Filthy Rich,"Crime,Documentary",7.1,31610
2020-06-01,3,4,1,Sweet Magnolias,TV Show,Yes,"May 19, 2020",13,110,tt9077540,Sweet Magnolias,"Drama,Romance",7.3,27514
2020-06-01,4,3,-,Uncut Gems,Movie,,"May 25, 2020",7,59,tt5727208,Uncut Gems,"Crime,Drama,Thriller",7.4,343922
2020-06-01,5,5,2,Avatar: The Last Airbender,TV Show,,"May 15, 2020",14,117,tt0417299,Avatar: The Last Airbender,"Action,Adventure,Animation",9.3,424573
2020-06-01,6,6,6,Dead to Me,TV Show,Yes,"May 3, 2019",24,175,tt8064302,Dead to Me,"Comedy,Crime,Drama",7.9,108415
2020-06-01,7,8,9,Riverdale,TV Show,,"May 19, 2017",18,103,tt5420376,Riverdale,"Crime,Drama,Mystery",6.4,163370
2020-06-01,8,7,5,Just Go With It,Movie,,"May 22, 2020",10,38,tt1564367,Just Go with It,"Comedy,Romance",6.4,284219
2020-06-01,9,10,8,History 101,TV Show,Yes,"May 22, 2020",8,28,tt11958648,History 101,"Documentary,History",6.8,4999
2020-06-01,10,9,7,The Flash,TV Show,,"Oct 6, 2015",12,36,tt3107288,The Flash,"Action,Adventure,Drama",7.5,381811
2020-06-02,1,1,-,Space Force,TV Show,Yes,"May 29, 2020",4,40,tt9612516,Space Force,Comedy,6.7,74807
2020-06-02,2,2,-,Jeffrey Epstein: Filthy Rich,TV Show,Yes,"May 27, 2020",6,56,tt12312250,Jeffrey Epstein: Filthy Rich,"Crime,Documentary",7.1,31610
2020-06-02,3,3,1,Sweet Magnolias,TV Show,Yes,"May 19, 2020",14,118,tt9077540,Sweet Magnolias,"Drama,Romance",7.3,27514
2020-06-02,4,5,2,Avatar: The Last Airbender,TV Show,,"May 15, 2020",15,124,tt0417299,Avatar: The Last Airbender,"Action,Adventure,Animation",9.3,424573
2020-06-02,5,4,3,Uncut Gems,Movie,,"May 25, 2020",8,65,tt5727208,Uncut Gems,"Crime,Drama,Thriller",7.4,343922
2020-06-02,6,7,9,Riverdale,TV Show,,"May 19, 2017",19,108,tt5420376,Riverdale,"Crime,Drama,Mystery",6.4,163370
2020-06-02,7,6,8,Dead to Me,TV Show,Yes,"May 3, 2019",25,179,tt8064302,Dead to Me,"Comedy,Crime,Drama",7.9,108415
2020-06-02,8,-,-,The Healer,Movie,,"Jun 1, 2020",1,3,tt4356480,The Healer,"Comedy,Drama,Family",6.4,9319
2020-06-02,9,10,10,The Flash,TV Show,,"Oct 6, 2015",13,38,tt3107288,The Flash,"Action,Adventure,Drama",7.5,381811
2020-06-02,10,-,-,Outer Banks,TV Show,Yes,"Apr 15, 2020",41,291,tt10293938,Outer Banks,"Action,Crime,Drama",7.5,101710
2020-06-03,1,1,-,Space Force,TV Show,Yes,"May 29, 2020",5,50,tt9612516,Space Force,Comedy,6.7,74807
2020-06-03,2,2,-,Jeffrey Epstein: Filthy Rich,TV Show,Yes,"May 27, 2020",7,65,tt12312250,Jeffrey Epstein: Filthy Rich,"Crime,Documentary",7.1,31610
2020-06-03,3,-,-,Fuller House,TV Show,Yes,"Feb 26, 2016",1,8,tt3986586,Fuller House,"Comedy,Drama,Family",6.7,30875
2020-06-03,4,3,2,Sweet Magnolias,TV Show,Yes,"May 19, 2020",15,125,tt9077540,Sweet Magnolias,"Drama,Romance",7.3,27514
2020-06-03,5,4,3,Avatar: The Last Airbender,TV Show,,"May 15, 2020",16,130,tt0417299,Avatar: The Last Airbender,"Action,Adventure,Animation",9.3,424573
2020-06-03,6,8,-,The Healer,Movie,,"Jun 1, 2020",2,8,tt4356480,The Healer,"Comedy,Drama,Family",6.4,9319
2020-06-03,7,-,-,The Help,Movie,,"Jun 1, 2020",1,4,tt1454029,The Help,Drama,8.1,522426
2020-06-03,8,-,-,Clueless,Movie,,"Jan 1, 2014",1,3,tt0112697,Clueless,"Comedy,Romance",6.9,272276
2020-06-03,9,5,1,Uncut Gems,Movie,,"May 25, 2020",9,67,tt5727208,Uncut Gems,"Crime,Drama,Thriller",7.4,343922
2020-06-03,10,6,7,Riverdale,TV Show,,"May 19, 2017",20,109,tt5420376,Riverdale,"Crime,Drama,Mystery",6.4,163370
2020-06-04,1,1,-,Space Force,TV Show,Yes,"May 29, 2020",6,60,tt9612516,Space Force,Comedy,6.7,74807
2020-06-04,2,2,1,Jeffrey Epstein: Filthy Rich,TV Show,Yes,"May 27, 2020",8,74,tt12312250,Jeffrey Epstein: Filthy Rich,"Crime,Documentary",7.1,31610
2020-06-04,3,3,-,Fuller House,TV Show,Yes,"Feb 26, 2016",2,16,tt3986586,Fuller House,"Comedy,Drama,Family",6.7,30875
2020-06-04,4,4,3,Sweet Magnolias,TV Show,Yes,"May 19, 2020",16,132,tt9077540,Sweet Magnolias,"Drama,Romance",7.3,27514
2020-06-04,5,5,4,Avatar: The Last Airbender,TV Show,,"May 15, 2020",17,136,tt0417299,Avatar: The Last Airbender,"Action,Adventure,Animation",9.3,424573
2020-06-04,6,7,-,The Help,Movie,,"Jun 1, 2020",2,9,tt1454029,The Help,Drama,8.1,522426
2020-06-04,7,6,-,The Healer,Movie,,"Jun 1, 2020",3,12,tt4356480,The Healer,"Comedy,Drama,Family",6.4,9319
2020-06-04,8,8,-,Clueless,Movie,,"Jan 1, 2014",2,6,tt0112697,Clueless,"Comedy,Romance",6.9,272276
2020-06-04,9,9,2,Uncut Gems,Movie,,"May 25, 2020",10,69,tt5727208,Uncut Gems,"Crime,Drama,Thriller",7.4,343922
2020-06-04,10,10,6,Riverdale,TV Show,,"May 19, 2017",21,110,tt5420376,Riverdale,"Crime,Drama,Mystery",6.4,163370
2020-06-05,1,1,-,Space Force,TV Show,Yes,"May 29, 2020",7,70,tt9612516,Space Force,Comedy,6.7,74807
2020-06-05,2,2,1,Jeffrey Epstein: Filthy Rich,TV Show,Yes,"May 27, 2020",9,83,tt12312250,Jeffrey Epstein: Filthy Rich,"Crime,Documentary",7.1,31610
2020-06-05,3,3,-,Fuller House,TV Show,Yes,"Feb 26, 2016",3,24,tt3986586,Fuller House,"Comedy,Drama,Family",6.7,30875
2020-06-05,4,4,3,Sweet Magnolias,TV Show,Yes,"May 19, 2020",17,139,tt9077540,Sweet Magnolias,"Drama,Romance",7.3,27514
2020-06-05,5,6,-,The Help,Movie,,"Jun 1, 2020",3,15,tt1454029,The Help,Drama,8.1,522426
2020-06-05,6,5,4,Avatar: The Last Airbender,TV Show,,"May 15, 2020",18,141,tt0417299,Avatar: The Last Airbender,"Action,Adventure,Animation",9.3,424573
2020-06-05,7,8,-,Clueless,Movie,,"Jan 1, 2014",3,10,tt0112697,Clueless,"Comedy,Romance",6.9,272276
2020-06-05,8,7,-,The Healer,Movie,,"Jun 1, 2020",4,15,tt4356480,The Healer,"Comedy,Drama,Family",6.4,9319
2020-06-05,9,-,-,Cloudy with a Chance of Mea…,Movie,,"Dec 2, 2018",1,2,,,,,
2020-06-05,10,10,6,Riverdale,TV Show,,"May 19, 2017",22,111,tt5420376,Riverdale,"Crime,Drama,Mystery",6.4,163370
2020-06-06,1,-,-,13 Reasons Why,TV Show,Yes,"Mar 31, 2017",1,10,tt1837492,13 Reasons Why,"Drama,Mystery,Thriller",7.4,334558
2020-06-06,2,1,1,Space Force,TV Show,Yes,"May 29, 2020",8,79,tt9612516,Space Force,Comedy,6.7,74807
2020-06-06,3,2,2,Jeffrey Epstein: Filthy Rich,TV Show,Yes,"May 27, 2020",10,91,tt12312250,Jeffrey Epstein: Filthy Rich,"Crime,Documentary",7.1,31610
2020-06-06,4,3,-,Fuller House,TV Show,Yes,"Feb 26, 2016",4,31,tt3986586,Fuller House,"Comedy,Drama,Family",6.7,30875
2020-06-06,5,-,-,The Last Days of American C…,Movie,Yes,"Jun 5, 2020",1,6,,,,,
2020-06-06,6,9,-,Cloudy with a Chance of Mea…,Movie,,"Dec 2, 2018",2,7,,,,,
2020-06-06,7,6,5,Avatar: The Last Airbender,TV Show,,"May 15, 2020",19,145,tt0417299,Avatar: The Last Airbender,"Action,Adventure,Animation",9.3,424573
2020-06-06,8,4,4,Sweet Magnolias,TV Show,Yes,"May 19, 2020",18,142,tt9077540,Sweet Magnolias,"Drama,Romance",7.3,27514
2020-06-06,9,5,-,The Help,Movie,,"Jun 1, 2020",4,17,tt1454029,The Help,Drama,8.1,522426
2020-06-06,10,7,-,Clueless,Movie,,"Jan 1, 2014",4,11,tt0112697,Clueless,"Comedy,Romance",6.9,272276
2020-06-07,1,1,-,13 Reasons Why,TV Show,Yes,"Mar 31, 2017",2,20,tt1837492,13 Reasons Why,"Drama,Mystery,Thriller",7.4,334558
2020-06-07,2,2,1,Space Force,TV Show,Yes,"May 29, 2020",9,88,tt9612516,Space Force,Comedy,6.7,74807
2020-06-07,3,5,-,The Last Days of American C…,Movie,Yes,"Jun 5, 2020",2,14,,,,,
2020-06-07,4,3,2,Jeffrey Epstein: Filthy Rich,TV Show,Yes,"May 27, 2020",11,98,tt12312250,Jeffrey Epstein: Filthy Rich,"Crime,Documentary",7.1,31610
2020-06-07,5,4,-,Fuller House,TV Show,Yes,"Feb 26, 2016",5,37,tt3986586,Fuller House,"Comedy,Drama,Family",6.7,30875
2020-06-07,6,-,-,Queer Eye,TV Show,Yes,"Feb 7, 2018",1,5,tt7259746,Queer Eye,Reality-TV,8.5,22075
2020-06-07,7,6,-,Cloudy with a Chance of Mea…,Movie,,"Dec 2, 2018",3,11,,,,,
2020-06-07,8,7,5,Avatar: The Last Airbender,TV Show,,"May 15, 2020",20,148,tt0417299,Avatar: The Last Airbender,"Action,Adventure,Animation",9.3,424573
2020-06-07,9,9,-,The Help,Movie,,"Jun 1, 2020",5,19,tt1454029,The Help,Drama,8.1,522426
2020-06-07,10,8,4,Sweet Magnolias,TV Show,Yes,"May 19, 2020",19,143,tt9077540,Sweet Magnolias,"Drama,Romance",7.3,27514
2020-06-08,1,1,-,13 Reasons Why,TV Show,Yes,"Mar 31, 2017",3,30,tt1837492,13 Reasons Why,"Drama,Mystery,Thriller",7.4,334558
2020-06-08,2,2,1,Space Force,TV Show,Yes,"May 29, 2020",10,97,tt9612516,Space Force,Comedy,6.7,74807
2020-06-08,3,3,-,The Last Days of American C…,Movie,Yes,"Jun 5, 2020",3,22,,,,,
2020-06-08,4,-,-,365 Days,Movie,Yes,"Jul 7, 2020",1,7,tt10886166,365 Days,"Drama,Romance",3.3,106540
2020-06-08,5,4,2,Jeffrey Epstein: Filthy Rich,TV Show,Yes,"May 27, 2020",12,104,tt12312250,Jeffrey Epstein: Filthy Rich,"Crime,Documentary",7.1,31610
2020-06-08,6,6,-,Queer Eye,TV Show,Yes,"Feb 7, 2018",2,10,tt7259746,Queer Eye,Reality-TV,8.5,22075
2020-06-08,7,5,-,Fuller House,TV Show,Yes,"Feb 26, 2016",6,41,tt3986586,Fuller House,"Comedy,Drama,Family",6.7,30875
2020-06-08,8,7,-,Cloudy with a Chance of Mea…,Movie,,"Dec 2, 2018",4,14,,,,,
2020-06-08,9,9,-,The Help,Movie,,"Jun 1, 2020",6,21,tt1454029,The Help,Drama,8.1,522426
2020-06-08,10,8,5,Avatar: The Last Airbender,TV Show,,"May 15, 2020",21,149,tt0417299,Avatar: The Last Airbender,"Action,Adventure,Animation",9.3,424573
2020-06-09,1,1,-,13 Reasons Why,TV Show,Yes,"Mar 31, 2017",4,40,tt1837492,13 Reasons Why,"Drama,Mystery,Thriller",7.4,334558
2020-06-09,2,4,-,365 Days,Movie,Yes,"Jul 7, 2020",2,16,tt10886166,365 Days,"Drama,Romance",3.3,106540
2020-06-09,3,2,1,Space Force,TV Show,Yes,"May 29, 2020",11,105,tt9612516,Space Force,Comedy,6.7,74807
2020-06-09,4,5,2,Jeffrey Epstein: Filthy Rich,TV Show,Yes,"May 27, 2020",13,111,tt12312250,Jeffrey Epstein: Filthy Rich,"Crime,Documentary",7.1,31610
2020-06-09,5,6,-,Queer Eye,TV Show,Yes,"Feb 7, 2018",3,16,tt7259746,Queer Eye,Reality-TV,8.5,22075
2020-06-09,6,7,-,Fuller House,TV Show,Yes,"Feb 26, 2016",7,46,tt3986586,Fuller House,"Comedy,Drama,Family",6.7,30875
2020-06-09,7,3,-,The Last Days of American C…,Movie,Yes,"Jun 5, 2020",4,26,,,,,
2020-06-09,8,8,-,Cloudy with a Chance of Mea…,Movie,,"Dec 2, 2018",5,17,,,,,
2020-06-09,9,10,4,Avatar: The Last Airbender,TV Show,,"May 15, 2020",22,151,tt0417299,Avatar: The Last Airbender,"Action,Adventure,Animation",9.3,424573
2020-06-09,10,-,-,Queen of the South,TV Show,,"May 9, 2017",1,1,tt1064899,Queen of the South,"Action,Crime,Drama",8.0,37237
2020-06-10,1,1,-,13 Reasons Why,TV Show,Yes,"Mar 31, 2017",5,50,tt1837492,13 Reasons Why,"Drama,Mystery,Thriller",7.4,334558
2020-06-10,2,2,-,365 Days,Movie,Yes,"Jul 7, 2020",3,25,tt10886166,365 Days,"Drama,Romance",3.3,106540
2020-06-10,3,3,1,Space Force,TV Show,Yes,"May 29, 2020",12,113,tt9612516,Space Force,Comedy,6.7,74807
2020-06-10,4,4,2,Jeffrey Epstein: Filthy Rich,TV Show,Yes,"May 27, 2020",14,118,tt12312250,Jeffrey Epstein: Filthy Rich,"Crime,Documentary",7.1,31610
2020-06-10,5,5,-,Queer Eye,TV Show,Yes,"Feb 7, 2018",4,22,tt7259746,Queer Eye,Reality-TV,8.5,22075
2020-06-10,6,6,3,Fuller House,TV Show,Yes,"Feb 26, 2016",8,51,tt3986586,Fuller House,"Comedy,Drama,Family",6.7,30875
2020-06-10,7,7,-,The Last Days of American C…,Movie,Yes,"Jun 5, 2020",5,30,,,,,
2020-06-10,8,8,-,Cloudy with a Chance of Mea…,Movie,,"Dec 2, 2018",6,20,,,,,
2020-06-10,9,9,5,Avatar: The Last Airbender,TV Show,,"May 15, 2020",23,153,tt0417299,Avatar: The Last Airbender,"Action,Adventure,Animation",9.3,424573
2020-06-10,10,10,-,Queen of the South,TV Show,,"May 9, 2017",2,2,tt1064899,Queen of the South,"Action,Crime,Drama",8.0,37237
2020-06-11,1,1,-,13 Reasons Why,TV Show,Yes,"Mar 31, 2017",6,60,tt1837492,13 Reasons Why,"Drama,Mystery,Thriller",7.4,334558
2020-06-11,2,2,-,365 Days,Movie,Yes,"Jul 7, 2020",4,34,tt10886166,365 Days,"Drama,Romance",3.3,106540
2020-06-11,3,3,1,Space Force,TV Show,Yes,"May 29, 2020",13,121,tt9612516,Space Force,Comedy,6.7,74807
2020-06-11,4,4,2,Jeffrey Epstein: Filthy Rich,TV Show,Yes,"May 27, 2020",15,125,tt12312250,Jeffrey Epstein: Filthy Rich,"Crime,Documentary",7.1,31610
2020-06-11,5,5,-,Queer Eye,TV Show,Yes,"Feb 7, 2018",5,28,tt7259746,Queer Eye,Reality-TV,8.5,22075
2020-06-11,6,6,3,Fuller House,TV Show,Yes,"Feb 26, 2016",9,56,tt3986586,Fuller House,"Comedy,Drama,Family",6.7,30875
2020-06-11,7,9,5,Avatar: The Last Airbender,TV Show,,"May 15, 2020",24,157,tt0417299,Avatar: The Last Airbender,"Action,Adventure,Animation",9.3,424573
2020-06-11,8,8,-,Cloudy with a Chance of Mea…,Movie,,"Dec 2, 2018",7,23,,,,,
2020-06-11,9,10,-,Queen of the South,TV Show,,"May 9, 2017",3,4,tt1064899,Queen of the South,"Action,Crime,Drama",8.0,37237
2020-06-11,10,7,-,The Last Days of American C…,Movie,Yes,"Jun 5, 2020",6,31,,,,,
2020-06-12,1,1,-,13 Reasons Why,TV Show,Yes,"Mar 31, 2017",7,70,tt1837492,13 Reasons Why,"Drama,Mystery,Thriller",7.4,334558
2020-06-12,2,2,-,365 Days,Movie,Yes,"Jul 7, 2020",5,43,tt10886166,365 Days,"Drama,Romance",3.3,106540
2020-06-12,3,3,1,Space Force,TV Show,Yes,"May 29, 2020",14,129,tt9612516,Space Force,Comedy,6.7,74807
2020-06-12,4,4,2,Jeffrey Epstein: Filthy Rich,TV Show,Yes,"May 27, 2020",16,132,tt12312250,Jeffrey Epstein: Filthy Rich,"Crime,Documentary",7.1,31610
2020-06-12,5,5,-,Queer Eye,TV Show,Yes,"Feb 7, 2018",6,34,tt7259746,Queer Eye,Reality-TV,8.5,22075
2020-06-12,6,7,6,Avatar: The Last Airbender,TV Show,,"May 15, 2020",25,162,tt0417299,Avatar: The Last Airbender,"Action,Adventure,Animation",9.3,424573
2020-06-12,7,6,3,Fuller House,TV Show,Yes,"Feb 26, 2016",10,60,tt3986586,Fuller House,"Comedy,Drama,Family",6.7,30875
2020-06-12,8,8,9,Cloudy with a Chance of Mea…,Movie,,"Dec 2, 2018",8,26,,,,,
2020-06-12,9,9,-,Queen of the South,TV Show,,"May 9, 2017",4,6,tt1064899,Queen of the South,"Action,Crime,Drama",8.0,37237
2020-06-12,10,-,-,Hannibal,TV Show,,"Jun 5, 2020",1,1,tt0212985,Hannibal,"Crime,Drama,Thriller",6.8,310014
2020-06-13,1,2,-,365 Days,Movie,Yes,"Jul 7, 2020",6,53,tt10886166,365 Days,"Drama,Romance",3.3,106540
2020-06-13,2,1,1,13 Reasons Why,TV Show,Yes,"Mar 31, 2017",8,79,tt1837492,13 Reasons Why,"Drama,Mystery,Thriller",7.4,334558
2020-06-13,3,-,-,Da 5 Bloods,Movie,Yes,"Jun 12, 2020",1,8,tt9777644,Da 5 Bloods,"Adventure,Drama,War",6.5,56974
2020-06-13,4,3,2,Space Force,TV Show,Yes,"May 29, 2020",15,136,tt9612516,Space Force,Comedy,6.7,74807
2020-06-13,5,-,-,PokÃ©mon Journeys: The Series,TV Show,Yes,"Jun 12, 2020",1,6,,,,,
2020-06-13,6,-,-,F is for Family,TV Show,Yes,"Dec 18, 2015",1,5,tt4326894,F Is for Family,"Animation,Comedy,Drama",8.0,43770
2020-06-13,7,4,3,Jeffrey Epstein: Filthy Rich,TV Show,Yes,"May 27, 2020",17,136,tt12312250,Jeffrey Epstein: Filthy Rich,"Crime,Documentary",7.1,31610
2020-06-13,8,6,7,Avatar: The Last Airbender,TV Show,,"May 15, 2020",26,165,tt0417299,Avatar: The Last Airbender,"Action,Adventure,Animation",9.3,424573
2020-06-13,9,5,-,Queer Eye,TV Show,Yes,"Feb 7, 2018",7,36,tt7259746,Queer Eye,Reality-TV,8.5,22075
2020-06-13,10,7,4,Fuller House,TV Show,Yes,"Feb 26, 2016",11,61,tt3986586,Fuller House,"Comedy,Drama,Family",6.7,30875
2020-06-14,1,3,-,Da 5 Bloods,Movie,Yes,"Jun 12, 2020",2,18,tt9777644,Da 5 Bloods,"Adventure,Drama,War",6.5,56974
2020-06-14,2,1,-,365 Days,Movie,Yes,"Jul 7, 2020",7,62,tt10886166,365 Days,"Drama,Romance",3.3,106540
2020-06-14,3,2,1,13 Reasons Why,TV Show,Yes,"Mar 31, 2017",9,87,tt1837492,13 Reasons Why,"Drama,Mystery,Thriller",7.4,334558
2020-06-14,4,-,-,Alexa & Katie,TV Show,Yes,"Mar 23, 2018",1,7,tt6916746,Alexa & Katie,"Comedy,Drama,Family",7.5,7655
2020-06-14,5,4,2,Space Force,TV Show,Yes,"May 29, 2020",16,142,tt9612516,Space Force,Comedy,6.7,74807
2020-06-14,6,6,-,F is for Family,TV Show,Yes,"Dec 18, 2015",2,10,tt4326894,F Is for Family,"Animation,Comedy,Drama",8.0,43770
2020-06-14,7,5,-,PokÃ©mon Journeys: The Series,TV Show,Yes,"Jun 12, 2020",2,10,,,,,
2020-06-14,8,7,4,Jeffrey Epstein: Filthy Rich,TV Show,Yes,"May 27, 2020",18,139,tt12312250,Jeffrey Epstein: Filthy Rich,"Crime,Documentary",7.1,31610
2020-06-14,9,8,8,Avatar: The Last Airbender,TV Show,,"May 15, 2020",27,167,tt0417299,Avatar: The Last Airbender,"Action,Adventure,Animation",9.3,424573
2020-06-14,10,9,6,Queer Eye,TV Show,Yes,"Feb 7, 2018",8,37,tt7259746,Queer Eye,Reality-TV,8.5,22075
2020-06-15,1,1,-,Da 5 Bloods,Movie,Yes,"Jun 12, 2020",3,28,tt9777644,Da 5 Bloods,"Adventure,Drama,War",6.5,56974
2020-06-15,2,2,4,365 Days,Movie,Yes,"Jul 7, 2020",8,71,tt10886166,365 Days,"Drama,Romance",3.3,106540
2020-06-15,3,3,1,13 Reasons Why,TV Show,Yes,"Mar 31, 2017",10,95,tt1837492,13 Reasons Why,"Drama,Mystery,Thriller",7.4,334558
2020-06-15,4,4,-,Alexa & Katie,TV Show,Yes,"Mar 23, 2018",2,14,tt6916746,Alexa & Katie,"Comedy,Drama,Family",7.5,7655
2020-06-15,5,5,2,Space Force,TV Show,Yes,"May 29, 2020",17,148,tt9612516,Space Force,Comedy,6.7,74807
2020-06-15,6,6,-,F is for Family,TV Show,Yes,"Dec 18, 2015",3,15,tt4326894,F Is for Family,"Animation,Comedy,Drama",8.0,43770
2020-06-15,7,7,-,PokÃ©mon Journeys: The Series,TV Show,Yes,"Jun 12, 2020",3,14,,,,,
2020-06-15,8,8,5,Jeffrey Epstein: Filthy Rich,TV Show,Yes,"May 27, 2020",19,142,tt12312250,Jeffrey Epstein: Filthy Rich,"Crime,Documentary",7.1,31610
2020-06-15,9,9,10,Avatar: The Last Airbender,TV Show,,"May 15, 2020",28,169,tt0417299,Avatar: The Last Airbender,"Action,Adventure,Animation",9.3,424573
2020-06-15,10,10,6,Queer Eye,TV Show,Yes,"Feb 7, 2018",9,38,tt7259746,Queer Eye,Reality-TV,8.5,22075
2020-06-16,1,2,2,365 Days,Movie,Yes,"Jul 7, 2020",9,81,tt10886166,365 Days,"Drama,Romance",3.3,106540
2020-06-16,2,3,1,13 Reasons Why,TV Show,Yes,"Mar 31, 2017",11,104,tt1837492,13 Reasons Why,"Drama,Mystery,Thriller",7.4,334558
2020-06-16,3,1,-,Da 5 Bloods,Movie,Yes,"Jun 12, 2020",4,36,tt9777644,Da 5 Bloods,"Adventure,Drama,War",6.5,56974
2020-06-16,4,4,-,Alexa & Katie,TV Show,Yes,"Mar 23, 2018",3,21,tt6916746,Alexa & Katie,"Comedy,Drama,Family",7.5,7655
2020-06-16,5,5,3,Space Force,TV Show,Yes,"May 29, 2020",18,154,tt9612516,Space Force,Comedy,6.7,74807
2020-06-16,6,6,-,F is for Family,TV Show,Yes,"Dec 18, 2015",4,20,tt4326894,F Is for Family,"Animation,Comedy,Drama",8.0,43770
2020-06-16,7,7,-,PokÃ©mon Journeys: The Series,TV Show,Yes,"Jun 12, 2020",4,18,,,,,
2020-06-16,8,9,9,Avatar: The Last Airbender,TV Show,,"May 15, 2020",29,172,tt0417299,Avatar: The Last Airbender,"Action,Adventure,Animation",9.3,424573
2020-06-16,9,8,4,Jeffrey Epstein: Filthy Rich,TV Show,Yes,"May 27, 2020",20,144,tt12312250,Jeffrey Epstein: Filthy Rich,"Crime,Documentary",7.1,31610
2020-06-16,10,-,6,Fuller House,TV Show,Yes,"Feb 26, 2016",12,62,tt3986586,Fuller House,"Comedy,Drama,Family",6.7,30875
2020-06-17,1,1,2,365 Days,Movie,Yes,"Jul 7, 2020",10,91,tt10886166,365 Days,"Drama,Romance",3.3,106540
2020-06-17,2,2,1,13 Reasons Why,TV Show,Yes,"Mar 31, 2017",12,113,tt1837492,13 Reasons Why,"Drama,Mystery,Thriller",7.4,334558
2020-06-17,3,3,-,Da 5 Bloods,Movie,Yes,"Jun 12, 2020",5,44,tt9777644,Da 5 Bloods,"Adventure,Drama,War",6.5,56974
2020-06-17,4,4,-,Alexa & Katie,TV Show,Yes,"Mar 23, 2018",4,28,tt6916746,Alexa & Katie,"Comedy,Drama,Family",7.5,7655
2020-06-17,5,5,3,Space Force,TV Show,Yes,"May 29, 2020",19,160,tt9612516,Space Force,Comedy,6.7,74807
2020-06-17,6,6,-,F is for Family,TV Show,Yes,"Dec 18, 2015",5,25,tt4326894,F Is for Family,"Animation,Comedy,Drama",8.0,43770
2020-06-17,7,8,9,Avatar: The Last Airbender,TV Show,,"May 15, 2020",30,176,tt0417299,Avatar: The Last Airbender,"Action,Adventure,Animation",9.3,424573
2020-06-17,8,7,-,PokÃ©mon Journeys: The Series,TV Show,Yes,"Jun 12, 2020",5,21,,,,,
2020-06-17,9,-,-,How to Get Away with Murder,TV Show,,"Sep 24, 2015",1,2,tt3205802,How to Get Away with Murder,"Crime,Drama,Mystery",8.1,176374
2020-06-17,10,9,4,Jeffrey Epstein: Filthy Rich,TV Show,Yes,"May 27, 2020",21,145,tt12312250,Jeffrey Epstein: Filthy Rich,"Crime,Documentary",7.1,31610
2020-06-18,1,1,2,365 Days,Movie,Yes,"Jul 7, 2020",11,101,tt10886166,365 Days,"Drama,Romance",3.3,106540
2020-06-18,2,2,1,13 Reasons Why,TV Show,Yes,"Mar 31, 2017",13,122,tt1837492,13 Reasons Why,"Drama,Mystery,Thriller",7.4,334558
2020-06-18,3,-,-,Mr. Iglesias,TV Show,Yes,"Jun 21, 2019",1,8,tt8403536,Mr. Iglesias,Comedy,7.1,8509
2020-06-18,4,3,-,Da 5 Bloods,Movie,Yes,"Jun 12, 2020",6,51,tt9777644,Da 5 Bloods,"Adventure,Drama,War",6.5,56974
2020-06-18,5,5,3,Space Force,TV Show,Yes,"May 29, 2020",20,166,tt9612516,Space Force,Comedy,6.7,74807
2020-06-18,6,4,-,Alexa & Katie,TV Show,Yes,"Mar 23, 2018",5,33,tt6916746,Alexa & Katie,"Comedy,Drama,Family",7.5,7655
2020-06-18,7,7,7,Avatar: The Last Airbender,TV Show,,"May 15, 2020",31,180,tt0417299,Avatar: The Last Airbender,"Action,Adventure,Animation",9.3,424573
2020-06-18,8,6,-,F is for Family,TV Show,Yes,"Dec 18, 2015",6,28,tt4326894,F Is for Family,"Animation,Comedy,Drama",8.0,43770
2020-06-18,9,8,-,PokÃ©mon Journeys: The Series,TV Show,Yes,"Jun 12, 2020",6,23,,,,,
2020-06-18,10,9,-,How to Get Away with Murder,TV Show,,"Sep 24, 2015",2,3,tt3205802,How to Get Away with Murder,"Crime,Drama,Mystery",8.1,176374
2020-06-19,1,1,2,365 Days,Movie,Yes,"Jul 7, 2020",12,111,tt10886166,365 Days,"Drama,Romance",3.3,106540
2020-06-19,2,2,1,13 Reasons Why,TV Show,Yes,"Mar 31, 2017",14,131,tt1837492,13 Reasons Why,"Drama,Mystery,Thriller",7.4,334558
2020-06-19,3,-,-,The Order,TV Show,Yes,"Mar 7, 2019",1,8,tt26625693,The Order,"Crime,Drama,Thriller",6.8,57514
2020-06-19,4,3,-,Mr. Iglesias,TV Show,Yes,"Jun 21, 2019",2,15,tt8403536,Mr. Iglesias,Comedy,7.1,8509
2020-06-19,5,5,3,Space Force,TV Show,Yes,"May 29, 2020",21,172,tt9612516,Space Force,Comedy,6.7,74807
2020-06-19,6,7,6,Avatar: The Last Airbender,TV Show,,"May 15, 2020",32,185,tt0417299,Avatar: The Last Airbender,"Action,Adventure,Animation",9.3,424573
2020-06-19,7,4,-,Da 5 Bloods,Movie,Yes,"Jun 12, 2020",7,55,tt9777644,Da 5 Bloods,"Adventure,Drama,War",6.5,56974
2020-06-19,8,8,-,F is for Family,TV Show,Yes,"Dec 18, 2015",7,31,tt4326894,F Is for Family,"Animation,Comedy,Drama",8.0,43770
2020-06-19,9,-,-,Magnetic,Movie,,"Jun 12, 2020",1,2,tt0702978,Magnetic,"Action,Adventure,Drama",7.1,1425
2020-06-19,10,6,-,Alexa & Katie,TV Show,Yes,"Mar 23, 2018",6,34,tt6916746,Alexa & Katie,"Comedy,Drama,Family",7.5,7655
2020-06-20,1,-,-,Floor is Lava,TV Show,Yes,"Jun 19, 2020",1,10,tt12370124,Floor Is Lava,"Animation,Comedy,Drama",5.4,3088
2020-06-20,2,1,1,365 Days,Movie,Yes,"Jul 7, 2020",13,120,tt10886166,365 Days,"Drama,Romance",3.3,106540
2020-06-20,3,3,-,The Order,TV Show,Yes,"Mar 7, 2019",2,16,tt26625693,The Order,"Crime,Drama,Thriller",6.8,57514
2020-06-20,4,2,2,13 Reasons Why,TV Show,Yes,"Mar 31, 2017",15,138,tt1837492,13 Reasons Why,"Drama,Mystery,Thriller",7.4,334558
2020-06-20,5,-,-,Feel the Beat,Movie,Yes,"Jun 19, 2020",1,6,tt10714856,Feel the Beat,"Comedy,Drama,Family",6.3,14831
2020-06-20,6,4,-,Mr. Iglesias,TV Show,Yes,"Jun 21, 2019",3,20,tt8403536,Mr. Iglesias,Comedy,7.1,8509
2020-06-20,7,5,4,Space Force,TV Show,Yes,"May 29, 2020",22,176,tt9612516,Space Force,Comedy,6.7,74807
2020-06-20,8,-,-,Lost Bullet,Movie,Yes,"Jun 19, 2020",1,3,tt10456740,Lost Bullet,"Action,Crime,Thriller",6.4,16474
2020-06-20,9,6,8,Avatar: The Last Airbender,TV Show,,"May 15, 2020",33,187,tt0417299,Avatar: The Last Airbender,"Action,Adventure,Animation",9.3,424573
2020-06-20,10,9,-,Magnetic,Movie,,"Jun 12, 2020",2,3,tt0702978,Magnetic,"Action,Adventure,Drama",7.1,1425
2020-06-21,1,1,-,Floor is Lava,TV Show,Yes,"Jun 19, 2020",2,20,tt12370124,Floor Is Lava,"Animation,Comedy,Drama",5.4,3088
2020-06-21,2,2,2,365 Days,Movie,Yes,"Jul 7, 2020",14,129,tt10886166,365 Days,"Drama,Romance",3.3,106540
2020-06-21,3,3,-,The Order,TV Show,Yes,"Mar 7, 2019",3,24,tt26625693,The Order,"Crime,Drama,Thriller",6.8,57514
2020-06-21,4,8,-,Lost Bullet,Movie,Yes,"Jun 19, 2020",2,10,tt10456740,Lost Bullet,"Action,Crime,Thriller",6.4,16474
2020-06-21,5,5,-,Feel the Beat,Movie,Yes,"Jun 19, 2020",2,12,tt10714856,Feel the Beat,"Comedy,Drama,Family",6.3,14831
2020-06-21,6,4,3,13 Reasons Why,TV Show,Yes,"Mar 31, 2017",16,143,tt1837492,13 Reasons Why,"Drama,Mystery,Thriller",7.4,334558
2020-06-21,7,7,5,Space Force,TV Show,Yes,"May 29, 2020",23,180,tt9612516,Space Force,Comedy,6.7,74807
2020-06-21,8,10,-,Magnetic,Movie,,"Jun 12, 2020",3,6,tt0702978,Magnetic,"Action,Adventure,Drama",7.1,1425
2020-06-21,9,-,-,The Nut Job,Movie,,"Aug 13, 2014",1,2,tt1821658,The Nut Job,"Adventure,Animation,Comedy",5.7,31925
2020-06-21,10,9,9,Avatar: The Last Airbender,TV Show,,"May 15, 2020",34,188,tt0417299,Avatar: The Last Airbender,"Action,Adventure,Animation",9.3,424573
2020-06-22,1,1,-,Floor is Lava,TV Show,Yes,"Jun 19, 2020",3,30,tt12370124,Floor Is Lava,"Animation,Comedy,Drama",5.4,3088
2020-06-22,2,2,2,365 Days,Movie,Yes,"Jul 7, 2020",15,138,tt10886166,365 Days,"Drama,Romance",3.3,106540
2020-06-22,3,3,-,The Order,TV Show,Yes,"Mar 7, 2019",4,32,tt26625693,The Order,"Crime,Drama,Thriller",6.8,57514
2020-06-22,4,4,-,Lost Bullet,Movie,Yes,"Jun 19, 2020",3,17,tt10456740,Lost Bullet,"Action,Crime,Thriller",6.4,16474
2020-06-22,5,5,-,Feel the Beat,Movie,Yes,"Jun 19, 2020",3,18,tt10714856,Feel the Beat,"Comedy,Drama,Family",6.3,14831
2020-06-22,6,9,-,The Nut Job,Movie,,"Aug 13, 2014",2,7,tt1821658,The Nut Job,"Adventure,Animation,Comedy",5.7,31925
2020-06-22,7,6,3,13 Reasons Why,TV Show,Yes,"Mar 31, 2017",17,147,tt1837492,13 Reasons Why,"Drama,Mystery,Thriller",7.4,334558
2020-06-22,8,-,-,Baby Mama,Movie,,"Dec 16, 2018",1,3,tt0871426,Baby Mama,"Comedy,Romance",6.0,49004
2020-06-22,9,7,5,Space Force,TV Show,Yes,"May 29, 2020",24,182,tt9612516,Space Force,Comedy,6.7,74807
2020-06-22,10,8,-,Magnetic,Movie,,"Jun 12, 2020",4,7,tt0702978,Magnetic,"Action,Adventure,Drama",7.1,1425
2020-06-23,1,1,-,Floor is Lava,TV Show,Yes,"Jun 19, 2020",4,40,tt12370124,Floor Is Lava,"Animation,Comedy,Drama",5.4,3088
2020-06-23,2,3,-,The Order,TV Show,Yes,"Mar 7, 2019",5,41,tt26625693,The Order,"Crime,Drama,Thriller",6.8,57514
2020-06-23,3,2,1,365 Days,Movie,Yes,"Jul 7, 2020",16,146,tt10886166,365 Days,"Drama,Romance",3.3,106540
2020-06-23,4,6,-,The Nut Job,Movie,,"Aug 13, 2014",3,14,tt1821658,The Nut Job,"Adventure,Animation,Comedy",5.7,31925
2020-06-23,5,5,-,Feel the Beat,Movie,Yes,"Jun 19, 2020",4,24,tt10714856,Feel the Beat,"Comedy,Drama,Family",6.3,14831
2020-06-23,6,4,-,Lost Bullet,Movie,Yes,"Jun 19, 2020",4,22,tt10456740,Lost Bullet,"Action,Crime,Thriller",6.4,16474
2020-06-23,7,7,2,13 Reasons Why,TV Show,Yes,"Mar 31, 2017",18,151,tt1837492,13 Reasons Why,"Drama,Mystery,Thriller",7.4,334558
2020-06-23,8,8,-,Baby Mama,Movie,,"Dec 16, 2018",2,6,tt0871426,Baby Mama,"Comedy,Romance",6.0,49004
2020-06-23,9,-,8,Avatar: The Last Airbender,TV Show,,"May 15, 2020",35,190,tt0417299,Avatar: The Last Airbender,"Action,Adventure,Animation",9.3,424573
2020-06-23,10,9,5,Space Force,TV Show,Yes,"May 29, 2020",25,183,tt9612516,Space Force,Comedy,6.7,74807
2020-06-24,1,1,-,Floor is Lava,TV Show,Yes,"Jun 19, 2020",5,50,tt12370124,Floor Is Lava,"Animation,Comedy,Drama",5.4,3088
2020-06-24,2,2,-,The Order,TV Show,Yes,"Mar 7, 2019",6,50,tt26625693,The Order,"Crime,Drama,Thriller",6.8,57514
2020-06-24,3,4,-,The Nut Job,Movie,,"Aug 13, 2014",4,22,tt1821658,The Nut Job,"Adventure,Animation,Comedy",5.7,31925
2020-06-24,4,3,1,365 Days,Movie,Yes,"Jul 7, 2020",17,153,tt10886166,365 Days,"Drama,Romance",3.3,106540
2020-06-24,5,5,-,Feel the Beat,Movie,Yes,"Jun 19, 2020",5,30,tt10714856,Feel the Beat,"Comedy,Drama,Family",6.3,14831
2020-06-24,6,6,-,Lost Bullet,Movie,Yes,"Jun 19, 2020",5,27,tt10456740,Lost Bullet,"Action,Crime,Thriller",6.4,16474
2020-06-24,7,-,-,Love,Movie,,"Feb 4, 2016",1,4,tt3774694,Love,"Drama,Romance",6.1,72853
2020-06-24,8,7,2,13 Reasons Why,TV Show,Yes,"Mar 31, 2017",19,154,tt1837492,13 Reasons Why,"Drama,Mystery,Thriller",7.4,334558
2020-06-24,9,8,-,Baby Mama,Movie,,"Dec 16, 2018",3,8,tt0871426,Baby Mama,"Comedy,Romance",6.0,49004
2020-06-24,10,9,7,Avatar: The Last Airbender,TV Show,,"May 15, 2020",36,191,tt0417299,Avatar: The Last Airbender,"Action,Adventure,Animation",9.3,424573
2020-06-25,1,1,-,Floor is Lava,TV Show,Yes,"Jun 19, 2020",6,60,tt12370124,Floor Is Lava,"Animation,Comedy,Drama",5.4,3088
2020-06-25,2,2,-,The Order,TV Show,Yes,"Mar 7, 2019",7,59,tt26625693,The Order,"Crime,Drama,Thriller",6.8,57514
2020-06-25,3,3,-,The Nut Job,Movie,,"Aug 13, 2014",5,30,tt1821658,The Nut Job,"Adventure,Animation,Comedy",5.7,31925
2020-06-25,4,4,1,365 Days,Movie,Yes,"Jul 7, 2020",18,160,tt10886166,365 Days,"Drama,Romance",3.3,106540
2020-06-25,5,5,-,Feel the Beat,Movie,Yes,"Jun 19, 2020",6,36,tt10714856,Feel the Beat,"Comedy,Drama,Family",6.3,14831
2020-06-25,6,7,-,Love,Movie,,"Feb 4, 2016",2,9,tt3774694,Love,"Drama,Romance",6.1,72853
2020-06-25,7,6,-,Lost Bullet,Movie,Yes,"Jun 19, 2020",6,31,tt10456740,Lost Bullet,"Action,Crime,Thriller",6.4,16474
2020-06-25,8,8,2,13 Reasons Why,TV Show,Yes,"Mar 31, 2017",20,157,tt1837492,13 Reasons Why,"Drama,Mystery,Thriller",7.4,334558
2020-06-25,9,9,-,Baby Mama,Movie,,"Dec 16, 2018",4,10,tt0871426,Baby Mama,"Comedy,Romance",6.0,49004
2020-06-25,10,10,7,Avatar: The Last Airbender,TV Show,,"May 15, 2020",37,192,tt0417299,Avatar: The Last Airbender,"Action,Adventure,Animation",9.3,424573
2020-06-26,1,1,-,Floor is Lava,TV Show,Yes,"Jun 19, 2020",7,70,tt12370124,Floor Is Lava,"Animation,Comedy,Drama",5.4,3088
2020-06-26,2,2,3,The Order,TV Show,Yes,"Mar 7, 2019",8,68,tt26625693,The Order,"Crime,Drama,Thriller",6.8,57514
2020-06-26,3,4,1,365 Days,Movie,Yes,"Jul 7, 2020",19,168,tt10886166,365 Days,"Drama,Romance",3.3,106540
2020-06-26,4,3,-,The Nut Job,Movie,,"Aug 13, 2014",6,37,tt1821658,The Nut Job,"Adventure,Animation,Comedy",5.7,31925
2020-06-26,5,5,-,Feel the Beat,Movie,Yes,"Jun 19, 2020",7,42,tt10714856,Feel the Beat,"Comedy,Drama,Family",6.3,14831
2020-06-26,6,6,-,Love,Movie,,"Feb 4, 2016",3,14,tt3774694,Love,"Drama,Romance",6.1,72853
2020-06-26,7,8,2,13 Reasons Why,TV Show,Yes,"Mar 31, 2017",21,161,tt1837492,13 Reasons Why,"Drama,Mystery,Thriller",7.4,334558
2020-06-26,8,-,-,Athlete A,Movie,Yes,"Jun 24, 2020",1,3,tt11905462,Athlete A,"Crime,Documentary,Sport",7.6,13306
2020-06-26,9,7,-,Lost Bullet,Movie,Yes,"Jun 19, 2020",7,33,tt10456740,Lost Bullet,"Action,Crime,Thriller",6.4,16474
2020-06-26,10,10,6,Avatar: The Last Airbender,TV Show,,"May 15, 2020",38,193,tt0417299,Avatar: The Last Airbender,"Action,Adventure,Animation",9.3,424573
2020-06-27,1,1,1,Floor is Lava,TV Show,Yes,"Jun 19, 2020",8,80,tt12370124,Floor Is Lava,"Animation,Comedy,Drama",5.4,3088
2020-06-27,2,-,-,Eurovision Song Contest: Th…,Movie,Yes,"Jun 26, 2020",1,9,,,,,
2020-06-27,3,3,2,365 Days,Movie,Yes,"Jul 7, 2020",20,176,tt10886166,365 Days,"Drama,Romance",3.3,106540
2020-06-27,4,2,3,The Order,TV Show,Yes,"Mar 7, 2019",9,75,tt26625693,The Order,"Crime,Drama,Thriller",6.8,57514
2020-06-27,5,4,-,The Nut Job,Movie,,"Aug 13, 2014",7,43,tt1821658,The Nut Job,"Adventure,Animation,Comedy",5.7,31925
2020-06-27,6,8,-,Athlete A,Movie,Yes,"Jun 24, 2020",2,8,tt11905462,Athlete A,"Crime,Documentary,Sport",7.6,13306
2020-06-27,7,6,-,Love,Movie,,"Feb 4, 2016",4,18,tt3774694,Love,"Drama,Romance",6.1,72853
2020-06-27,8,5,5,Feel the Beat,Movie,Yes,"Jun 19, 2020",8,45,tt10714856,Feel the Beat,"Comedy,Drama,Family",6.3,14831
2020-06-27,9,-,-,Crazy Delicious,TV Show,Yes,"Jun 24, 2020",1,2,tt11301834,Crazy Delicious,"Documentary,Game-Show",6.8,1238
2020-06-27,10,7,4,13 Reasons Why,TV Show,Yes,"Mar 31, 2017",22,162,tt1837492,13 Reasons Why,"Drama,Mystery,Thriller",7.4,334558
2020-06-28,1,2,-,Eurovision Song Contest: Th…,Movie,Yes,"Jun 26, 2020",2,19,,,,,
2020-06-28,2,1,1,Floor is Lava,TV Show,Yes,"Jun 19, 2020",9,89,tt12370124,Floor Is Lava,"Animation,Comedy,Drama",5.4,3088
2020-06-28,3,6,-,Athlete A,Movie,Yes,"Jun 24, 2020",3,16,tt11905462,Athlete A,"Crime,Documentary,Sport",7.6,13306
2020-06-28,4,3,2,365 Days,Movie,Yes,"Jul 7, 2020",21,183,tt10886166,365 Days,"Drama,Romance",3.3,106540
2020-06-28,5,4,3,The Order,TV Show,Yes,"Mar 7, 2019",10,81,tt26625693,The Order,"Crime,Drama,Thriller",6.8,57514
2020-06-28,6,5,9,The Nut Job,Movie,,"Aug 13, 2014",8,48,tt1821658,The Nut Job,"Adventure,Animation,Comedy",5.7,31925
2020-06-28,7,8,5,Feel the Beat,Movie,Yes,"Jun 19, 2020",9,49,tt10714856,Feel the Beat,"Comedy,Drama,Family",6.3,14831
2020-06-28,8,9,-,Crazy Delicious,TV Show,Yes,"Jun 24, 2020",2,5,tt11301834,Crazy Delicious,"Documentary,Game-Show",6.8,1238
2020-06-28,9,7,-,Love,Movie,,"Feb 4, 2016",5,20,tt3774694,Love,"Drama,Romance",6.1,72853
2020-06-28,10,-,-,Home Game,TV Show,Yes,"Jun 26, 2020",1,1,tt12429046,Home Game,"Documentary,Sport",7.0,1035
2020-06-29,1,1,-,Eurovision Song Contest: Th…,Movie,Yes,"Jun 26, 2020",3,29,,,,,
2020-06-29,2,2,1,Floor is Lava,TV Show,Yes,"Jun 19, 2020",10,98,tt12370124,Floor Is Lava,"Animation,Comedy,Drama",5.4,3088
2020-06-29,3,4,2,365 Days,Movie,Yes,"Jul 7, 2020",22,191,tt10886166,365 Days,"Drama,Romance",3.3,106540
2020-06-29,4,3,-,Athlete A,Movie,Yes,"Jun 24, 2020",4,23,tt11905462,Athlete A,"Crime,Documentary,Sport",7.6,13306
2020-06-29,5,5,3,The Order,TV Show,Yes,"Mar 7, 2019",11,87,tt26625693,The Order,"Crime,Drama,Thriller",6.8,57514
2020-06-29,6,10,-,Home Game,TV Show,Yes,"Jun 26, 2020",2,6,tt12429046,Home Game,"Documentary,Sport",7.0,1035
2020-06-29,7,8,-,Crazy Delicious,TV Show,Yes,"Jun 24, 2020",3,9,tt11301834,Crazy Delicious,"Documentary,Game-Show",6.8,1238
2020-06-29,8,6,6,The Nut Job,Movie,,"Aug 13, 2014",9,51,tt1821658,The Nut Job,"Adventure,Animation,Comedy",5.7,31925
2020-06-29,9,7,5,Feel the Beat,Movie,Yes,"Jun 19, 2020",10,51,tt10714856,Feel the Beat,"Comedy,Drama,Family",6.3,14831
2020-06-29,10,9,-,Love,Movie,,"Feb 4, 2016",6,21,tt3774694,Love,"Drama,Romance",6.1,72853
2020-06-30,1,2,1,Floor is Lava,TV Show,Yes,"Jun 19, 2020",11,108,tt12370124,Floor Is Lava,"Animation,Comedy,Drama",5.4,3088
2020-06-30,2,1,-,Eurovision Song Contest: Th…,Movie,Yes,"Jun 26, 2020",4,38,,,,,
2020-06-30,3,3,3,365 Days,Movie,Yes,"Jul 7, 2020",23,199,tt10886166,365 Days,"Drama,Romance",3.3,106540
2020-06-30,4,5,2,The Order,TV Show,Yes,"Mar 7, 2019",12,94,tt26625693,The Order,"Crime,Drama,Thriller",6.8,57514
2020-06-30,5,7,-,Crazy Delicious,TV Show,Yes,"Jun 24, 2020",4,15,tt11301834,Crazy Delicious,"Documentary,Game-Show",6.8,1238
2020-06-30,6,4,-,Athlete A,Movie,Yes,"Jun 24, 2020",5,28,tt11905462,Athlete A,"Crime,Documentary,Sport",7.6,13306
2020-06-30,7,8,4,The Nut Job,Movie,,"Aug 13, 2014",10,55,tt1821658,The Nut Job,"Adventure,Animation,Comedy",5.7,31925
2020-06-30,8,9,5,Feel the Beat,Movie,Yes,"Jun 19, 2020",11,54,tt10714856,Feel the Beat,"Comedy,Drama,Family",6.3,14831
2020-06-30,9,6,-,Home Game,TV Show,Yes,"Jun 26, 2020",3,8,tt12429046,Home Game,"Documentary,Sport",7.0,1035
2020-06-30,10,10,-,Love,Movie,,"Feb 4, 2016",7,22,tt3774694,Love,"Drama,Romance",6.1,72853
2020-07-01,1,1,1,Floor is Lava,TV Show,Yes,"Jun 19, 2020",12,118,tt12370124,Floor Is Lava,"Animation,Comedy,Drama",5.4,3088
2020-07-01,2,2,-,Eurovision Song Contest: Th…,Movie,Yes,"Jun 26, 2020",5,47,,,,,
2020-07-01,3,-,-,George Lopez: Weâll Do It f…,Stand-Up Comedy,Yes,"Jun 30, 2020",1,8,,,,,
2020-07-01,4,4,2,The Order,TV Show,Yes,"Mar 7, 2019",13,101,tt26625693,The Order,"Crime,Drama,Thriller",6.8,57514
2020-07-01,5,3,4,365 Days,Movie,Yes,"Jul 7, 2020",24,205,tt10886166,365 Days,"Drama,Romance",3.3,106540
2020-07-01,6,5,-,Crazy Delicious,TV Show,Yes,"Jun 24, 2020",5,20,tt11301834,Crazy Delicious,"Documentary,Game-Show",6.8,1238
2020-07-01,7,8,5,Feel the Beat,Movie,Yes,"Jun 19, 2020",12,58,tt10714856,Feel the Beat,"Comedy,Drama,Family",6.3,14831
2020-07-01,8,7,3,The Nut Job,Movie,,"Aug 13, 2014",11,58,tt1821658,The Nut Job,"Adventure,Animation,Comedy",5.7,31925
2020-07-01,9,-,-,Dark,TV Show,Yes,"Dec 1, 2017",1,2,tt5753856,Dark,"Crime,Drama,Mystery",8.7,515975
2020-07-01,10,10,7,Love,Movie,,"Feb 4, 2016",8,23,tt3774694,Love,"Drama,Romance",6.1,72853
2020-07-02,1,-,-,Unsolved Mysteries,TV Show,Yes,"Jul 1, 2020",1,10,tt9642938,Unsolved Mysteries,"Crime,Documentary,Mystery",7.3,13961
2020-07-02,2,1,1,Floor is Lava,TV Show,Yes,"Jun 19, 2020",13,127,tt12370124,Floor Is Lava,"Animation,Comedy,Drama",5.4,3088
2020-07-02,3,-,-,Patriots Day,Movie,,"Jul 1, 2020",1,8,tt4572514,Patriots Day,"Action,Crime,Drama",7.3,120683
2020-07-02,4,3,-,George Lopez: Weâll Do It f…,Stand-Up Comedy,Yes,"Jun 30, 2020",2,15,,,,,
2020-07-02,5,2,-,Eurovision Song Contest: Th…,Movie,Yes,"Jun 26, 2020",6,53,,,,,
2020-07-02,6,4,2,The Order,TV Show,Yes,"Mar 7, 2019",14,106,tt26625693,The Order,"Crime,Drama,Thriller",6.8,57514
2020-07-02,7,5,4,365 Days,Movie,Yes,"Jul 7, 2020",25,209,tt10886166,365 Days,"Drama,Romance",3.3,106540
2020-07-02,8,6,-,Crazy Delicious,TV Show,Yes,"Jun 24, 2020",6,23,tt11301834,Crazy Delicious,"Documentary,Game-Show",6.8,1238
2020-07-02,9,-,-,The Town,Movie,,"Jul 1, 2020",1,2,tt0840361,The Town,"Crime,Drama,Thriller",7.5,440548
2020-07-02,10,-,10,Avatar: The Last Airbender,TV Show,,"May 15, 2020",39,194,tt0417299,Avatar: The Last Airbender,"Action,Adventure,Animation",9.3,424573
2020-07-03,1,1,-,Unsolved Mysteries,TV Show,Yes,"Jul 1, 2020",2,20,tt9642938,Unsolved Mysteries,"Crime,Documentary,Mystery",7.3,13961
2020-07-03,2,3,-,Patriots Day,Movie,,"Jul 1, 2020",2,17,tt4572514,Patriots Day,"Action,Crime,Drama",7.3,120683
2020-07-03,3,2,1,Floor is Lava,TV Show,Yes,"Jun 19, 2020",14,135,tt12370124,Floor Is Lava,"Animation,Comedy,Drama",5.4,3088
2020-07-03,4,-,-,Warrior Nun,TV Show,Yes,"Jul 2, 2020",1,7,tt9059350,Warrior Nun,"Action,Drama,Fantasy",7.0,58511
2020-07-03,5,9,-,The Town,Movie,,"Jul 1, 2020",2,8,tt0840361,The Town,"Crime,Drama,Thriller",7.5,440548
2020-07-03,6,-,-,A Thousand Words,Movie,,"Jul 1, 2020",1,5,tt0763831,A Thousand Words,"Comedy,Drama,Fantasy",5.9,46990
2020-07-03,7,4,-,George Lopez: Weâll Do It f…,Stand-Up Comedy,Yes,"Jun 30, 2020",3,19,,,,,
2020-07-03,8,5,-,Eurovision Song Contest: Th…,Movie,Yes,"Jun 26, 2020",7,56,,,,,
2020-07-03,9,7,3,365 Days,Movie,Yes,"Jul 7, 2020",26,211,tt10886166,365 Days,"Drama,Romance",3.3,106540
2020-07-03,10,6,2,The Order,TV Show,Yes,"Mar 7, 2019",15,107,tt26625693,The Order,"Crime,Drama,Thriller",6.8,57514
2020-07-04,1,1,-,Unsolved Mysteries,TV Show,Yes,"Jul 1, 2020",3,30,tt9642938,Unsolved Mysteries,"Crime,Documentary,Mystery",7.3,13961
2020-07-04,2,4,-,Warrior Nun,TV Show,Yes,"Jul 2, 2020",2,16,tt9059350,Warrior Nun,"Action,Drama,Fantasy",7.0,58511
2020-07-04,3,2,-,Patriots Day,Movie,,"Jul 1, 2020",3,25,tt4572514,Patriots Day,"Action,Crime,Drama",7.3,120683
2020-07-04,4,-,-,The Baby-Sitters Club,TV Show,Yes,"Jul 3, 2020",1,7,tt0112435,The Baby-Sitters Club,"Comedy,Drama,Family",5.8,6944
2020-07-04,5,3,1,Floor is Lava,TV Show,Yes,"Jun 19, 2020",15,141,tt12370124,Floor Is Lava,"Animation,Comedy,Drama",5.4,3088
2020-07-04,6,5,-,The Town,Movie,,"Jul 1, 2020",3,13,tt0840361,The Town,"Crime,Drama,Thriller",7.5,440548
2020-07-04,7,-,-,Desperados,Movie,Yes,"Jul 3, 2020",1,4,tt1545304,Desperados,"Comedy,Romance",5.2,11562
2020-07-04,8,7,-,George Lopez: Weâll Do It f…,Stand-Up Comedy,Yes,"Jun 30, 2020",4,22,,,,,
2020-07-04,9,8,2,Eurovision Song Contest: Th…,Movie,Yes,"Jun 26, 2020",8,58,,,,,
2020-07-04,10,9,3,365 Days,Movie,Yes,"Jul 7, 2020",27,212,tt10886166,365 Days,"Drama,Romance",3.3,106540
2020-07-05,1,1,-,Unsolved Mysteries,TV Show,Yes,"Jul 1, 2020",4,40,tt9642938,Unsolved Mysteries,"Crime,Documentary,Mystery",7.3,13961
2020-07-05,2,2,-,Warrior Nun,TV Show,Yes,"Jul 2, 2020",3,25,tt9059350,Warrior Nun,"Action,Drama,Fantasy",7.0,58511
2020-07-05,3,4,-,The Baby-Sitters Club,TV Show,Yes,"Jul 3, 2020",2,15,tt0112435,The Baby-Sitters Club,"Comedy,Drama,Family",5.8,6944
2020-07-05,4,3,-,Patriots Day,Movie,,"Jul 1, 2020",4,32,tt4572514,Patriots Day,"Action,Crime,Drama",7.3,120683
2020-07-05,5,7,-,Desperados,Movie,Yes,"Jul 3, 2020",2,10,tt1545304,Desperados,"Comedy,Romance",5.2,11562
2020-07-05,6,5,2,Floor is Lava,TV Show,Yes,"Jun 19, 2020",16,146,tt12370124,Floor Is Lava,"Animation,Comedy,Drama",5.4,3088
2020-07-05,7,6,-,The Town,Movie,,"Jul 1, 2020",4,17,tt0840361,The Town,"Crime,Drama,Thriller",7.5,440548
2020-07-05,8,-,-,A Thousand Words,Movie,,"Jul 1, 2020",2,8,tt0763831,A Thousand Words,"Comedy,Drama,Fantasy",5.9,46990
2020-07-05,9,8,-,George Lopez: Weâll Do It f…,Stand-Up Comedy,Yes,"Jun 30, 2020",5,24,,,,,
2020-07-05,10,10,4,365 Days,Movie,Yes,"Jul 7, 2020",28,213,tt10886166,365 Days,"Drama,Romance",3.3,106540
2020-07-06,1,1,-,Unsolved Mysteries,TV Show,Yes,"Jul 1, 2020",5,50,tt9642938,Unsolved Mysteries,"Crime,Documentary,Mystery",7.3,13961
2020-07-06,2,2,-,Warrior Nun,TV Show,Yes,"Jul 2, 2020",4,34,tt9059350,Warrior Nun,"Action,Drama,Fantasy",7.0,58511
2020-07-06,3,3,-,The Baby-Sitters Club,TV Show,Yes,"Jul 3, 2020",3,23,tt0112435,The Baby-Sitters Club,"Comedy,Drama,Family",5.8,6944
2020-07-06,4,4,-,Patriots Day,Movie,,"Jul 1, 2020",5,39,tt4572514,Patriots Day,"Action,Crime,Drama",7.3,120683
2020-07-06,5,5,-,Desperados,Movie,Yes,"Jul 3, 2020",3,16,tt1545304,Desperados,"Comedy,Romance",5.2,11562
2020-07-06,6,7,-,The Town,Movie,,"Jul 1, 2020",5,22,tt0840361,The Town,"Crime,Drama,Thriller",7.5,440548
2020-07-06,7,6,2,Floor is Lava,TV Show,Yes,"Jun 19, 2020",17,150,tt12370124,Floor Is Lava,"Animation,Comedy,Drama",5.4,3088
2020-07-06,8,8,-,A Thousand Words,Movie,,"Jul 1, 2020",3,11,tt0763831,A Thousand Words,"Comedy,Drama,Fantasy",5.9,46990
2020-07-06,9,-,-,I Now Pronounce You Chuck a…,Movie,,"Mar 1, 2018",1,2,,,,,
2020-07-06,10,-,-,Double Jeopardy,Movie,,"Jun 1, 2016",1,1,tt0150377,Double Jeopardy,"Crime,Drama,Mystery",6.5,102229
2020-07-07,1,1,-,Unsolved Mysteries,TV Show,Yes,"Jul 1, 2020",6,60,tt9642938,Unsolved Mysteries,"Crime,Documentary,Mystery",7.3,13961
2020-07-07,2,2,-,Warrior Nun,TV Show,Yes,"Jul 2, 2020",5,43,tt9059350,Warrior Nun,"Action,Drama,Fantasy",7.0,58511
2020-07-07,3,3,-,The Baby-Sitters Club,TV Show,Yes,"Jul 3, 2020",4,31,tt0112435,The Baby-Sitters Club,"Comedy,Drama,Family",5.8,6944
2020-07-07,4,5,-,Desperados,Movie,Yes,"Jul 3, 2020",4,23,tt1545304,Desperados,"Comedy,Romance",5.2,11562
2020-07-07,5,4,-,Patriots Day,Movie,,"Jul 1, 2020",6,45,tt4572514,Patriots Day,"Action,Crime,Drama",7.3,120683
2020-07-07,6,7,1,Floor is Lava,TV Show,Yes,"Jun 19, 2020",18,155,tt12370124,Floor Is Lava,"Animation,Comedy,Drama",5.4,3088
2020-07-07,7,6,-,The Town,Movie,,"Jul 1, 2020",6,26,tt0840361,The Town,"Crime,Drama,Thriller",7.5,440548
2020-07-07,8,9,-,I Now Pronounce You Chuck a…,Movie,,"Mar 1, 2018",2,5,,,,,
2020-07-07,9,8,-,A Thousand Words,Movie,,"Jul 1, 2020",4,13,tt0763831,A Thousand Words,"Comedy,Drama,Fantasy",5.9,46990
2020-07-07,10,10,-,Double Jeopardy,Movie,,"Jun 1, 2016",2,2,tt0150377,Double Jeopardy,"Crime,Drama,Mystery",6.5,102229
2020-07-08,1,1,-,Unsolved Mysteries,TV Show,Yes,"Jul 1, 2020",7,70,tt9642938,Unsolved Mysteries,"Crime,Documentary,Mystery",7.3,13961
2020-07-08,2,2,-,Warrior Nun,TV Show,Yes,"Jul 2, 2020",6,52,tt9059350,Warrior Nun,"Action,Drama,Fantasy",7.0,58511
2020-07-08,3,3,-,The Baby-Sitters Club,TV Show,Yes,"Jul 3, 2020",5,39,tt0112435,The Baby-Sitters Club,"Comedy,Drama,Family",5.8,6944
2020-07-08,4,4,-,Desperados,Movie,Yes,"Jul 3, 2020",5,30,tt1545304,Desperados,"Comedy,Romance",5.2,11562
2020-07-08,5,6,1,Floor is Lava,TV Show,Yes,"Jun 19, 2020",19,161,tt12370124,Floor Is Lava,"Animation,Comedy,Drama",5.4,3088
2020-07-08,6,5,-,Patriots Day,Movie,,"Jul 1, 2020",7,50,tt4572514,Patriots Day,"Action,Crime,Drama",7.3,120683
2020-07-08,7,8,-,I Now Pronounce You Chuck a…,Movie,,"Mar 1, 2018",3,9,,,,,
2020-07-08,8,7,-,The Town,Movie,,"Jul 1, 2020",7,29,tt0840361,The Town,"Crime,Drama,Thriller",7.5,440548
2020-07-08,9,-,-,Only,Movie,,"Jul 5, 2020",1,2,tt3984356,Only,"Drama,Romance,Sci-Fi",5.1,4081
2020-07-08,10,-,-,Dr. Seussâ The Lorax,Movie,,"Jul 7, 2020",1,1,,,,,
2020-07-09,1,1,1,Unsolved Mysteries,TV Show,Yes,"Jul 1, 2020",8,80,tt9642938,Unsolved Mysteries,"Crime,Documentary,Mystery",7.3,13961
2020-07-09,2,2,-,Warrior Nun,TV Show,Yes,"Jul 2, 2020",7,61,tt9059350,Warrior Nun,"Action,Drama,Fantasy",7.0,58511
2020-07-09,3,10,-,Dr. Seussâ The Lorax,Movie,,"Jul 7, 2020",2,9,,,,,
2020-07-09,4,3,-,The Baby-Sitters Club,TV Show,Yes,"Jul 3, 2020",6,46,tt0112435,The Baby-Sitters Club,"Comedy,Drama,Family",5.8,6944
2020-07-09,5,9,-,Only,Movie,,"Jul 5, 2020",2,8,tt3984356,Only,"Drama,Romance,Sci-Fi",5.1,4081
2020-07-09,6,4,-,Desperados,Movie,Yes,"Jul 3, 2020",6,35,tt1545304,Desperados,"Comedy,Romance",5.2,11562
2020-07-09,7,5,2,Floor is Lava,TV Show,Yes,"Jun 19, 2020",20,165,tt12370124,Floor Is Lava,"Animation,Comedy,Drama",5.4,3088
2020-07-09,8,7,-,I Now Pronounce You Chuck a…,Movie,,"Mar 1, 2018",4,12,,,,,
2020-07-09,9,6,3,Patriots Day,Movie,,"Jul 1, 2020",8,52,tt4572514,Patriots Day,"Action,Crime,Drama",7.3,120683
2020-07-09,10,8,9,The Town,Movie,,"Jul 1, 2020",8,30,tt0840361,The Town,"Crime,Drama,Thriller",7.5,440548
2020-07-10,1,1,1,Unsolved Mysteries,TV Show,Yes,"Jul 1, 2020",9,90,tt9642938,Unsolved Mysteries,"Crime,Documentary,Mystery",7.3,13961
2020-07-10,2,3,-,Dr. Seussâ The Lorax,Movie,,"Jul 7, 2020",3,18,,,,,
2020-07-10,3,2,4,Warrior Nun,TV Show,Yes,"Jul 2, 2020",8,69,tt9059350,Warrior Nun,"Action,Drama,Fantasy",7.0,58511
2020-07-10,4,4,-,The Baby-Sitters Club,TV Show,Yes,"Jul 3, 2020",7,53,tt0112435,The Baby-Sitters Club,"Comedy,Drama,Family",5.8,6944
2020-07-10,5,6,-,Desperados,Movie,Yes,"Jul 3, 2020",7,41,tt1545304,Desperados,"Comedy,Romance",5.2,11562
2020-07-10,6,5,-,Only,Movie,,"Jul 5, 2020",3,13,tt3984356,Only,"Drama,Romance,Sci-Fi",5.1,4081
2020-07-10,7,7,3,Floor is Lava,TV Show,Yes,"Jun 19, 2020",21,169,tt12370124,Floor Is Lava,"Animation,Comedy,Drama",5.4,3088
2020-07-10,8,8,-,I Now Pronounce You Chuck a…,Movie,,"Mar 1, 2018",5,15,,,,,
2020-07-10,9,10,5,The Town,Movie,,"Jul 1, 2020",9,32,tt0840361,The Town,"Crime,Drama,Thriller",7.5,440548
2020-07-10,10,-,-,Jeffrey Epstein: Filthy Rich,TV Show,Yes,"May 27, 2020",22,146,tt12312250,Jeffrey Epstein: Filthy Rich,"Crime,Documentary",7.1,31610
2020-07-11,1,-,-,The Old Guard,Movie,Yes,"Jul 10, 2020",1,10,tt7556122,The Old Guard,"Action,Thriller",6.7,207296
2020-07-11,2,1,1,Unsolved Mysteries,TV Show,Yes,"Jul 1, 2020",10,99,tt9642938,Unsolved Mysteries,"Crime,Documentary,Mystery",7.3,13961
2020-07-11,3,2,-,Dr. Seussâ The Lorax,Movie,,"Jul 7, 2020",4,26,,,,,
2020-07-11,4,3,2,Warrior Nun,TV Show,Yes,"Jul 2, 2020",9,76,tt9059350,Warrior Nun,"Action,Drama,Fantasy",7.0,58511
2020-07-11,5,-,-,The Epic Tales of Captain U…,TV Show,Yes,"Jul 10, 2020",1,6,,,,,
2020-07-11,6,-,-,Down to Earth with Zac Efron,TV Show,Yes,"Jul 10, 2020",1,5,tt12585152,Down to Earth with Zac Efron,"Documentary,History,Reality-TV",8.0,8359
2020-07-11,7,4,4,The Baby-Sitters Club,TV Show,Yes,"Jul 3, 2020",8,57,tt0112435,The Baby-Sitters Club,"Comedy,Drama,Family",5.8,6944
2020-07-11,8,5,7,Desperados,Movie,Yes,"Jul 3, 2020",8,44,tt1545304,Desperados,"Comedy,Romance",5.2,11562
2020-07-11,9,7,5,Floor is Lava,TV Show,Yes,"Jun 19, 2020",22,171,tt12370124,Floor Is Lava,"Animation,Comedy,Drama",5.4,3088
2020-07-11,10,6,-,Only,Movie,,"Jul 5, 2020",4,14,tt3984356,Only,"Drama,Romance,Sci-Fi",5.1,4081
2020-07-12,1,1,-,The Old Guard,Movie,Yes,"Jul 10, 2020",2,20,tt7556122,The Old Guard,"Action,Thriller",6.7,207296
2020-07-12,2,2,1,Unsolved Mysteries,TV Show,Yes,"Jul 1, 2020",11,108,tt9642938,Unsolved Mysteries,"Crime,Documentary,Mystery",7.3,13961
2020-07-12,3,3,-,Dr. Seussâ The Lorax,Movie,,"Jul 7, 2020",5,34,,,,,
2020-07-12,4,6,-,Down to Earth with Zac Efron,TV Show,Yes,"Jul 10, 2020",2,12,tt12585152,Down to Earth with Zac Efron,"Documentary,History,Reality-TV",8.0,8359
2020-07-12,5,4,2,Warrior Nun,TV Show,Yes,"Jul 2, 2020",10,82,tt9059350,Warrior Nun,"Action,Drama,Fantasy",7.0,58511
2020-07-12,6,5,-,The Epic Tales of Captain U…,TV Show,Yes,"Jul 10, 2020",2,11,,,,,
2020-07-12,7,7,3,The Baby-Sitters Club,TV Show,Yes,"Jul 3, 2020",9,61,tt0112435,The Baby-Sitters Club,"Comedy,Drama,Family",5.8,6944
2020-07-12,8,10,-,Only,Movie,,"Jul 5, 2020",5,17,tt3984356,Only,"Drama,Romance,Sci-Fi",5.1,4081
2020-07-12,9,8,5,Desperados,Movie,Yes,"Jul 3, 2020",9,46,tt1545304,Desperados,"Comedy,Romance",5.2,11562
2020-07-12,10,-,-,Jeffrey Epstein: Filthy Rich,TV Show,Yes,"May 27, 2020",23,147,tt12312250,Jeffrey Epstein: Filthy Rich,"Crime,Documentary",7.1,31610
2020-07-13,1,1,-,The Old Guard,Movie,Yes,"Jul 10, 2020",3,30,tt7556122,The Old Guard,"Action,Thriller",6.7,207296
2020-07-13,2,2,1,Unsolved Mysteries,TV Show,Yes,"Jul 1, 2020",12,117,tt9642938,Unsolved Mysteries,"Crime,Documentary,Mystery",7.3,13961
2020-07-13,3,4,-,Down to Earth with Zac Efron,TV Show,Yes,"Jul 10, 2020",3,20,tt12585152,Down to Earth with Zac Efron,"Documentary,History,Reality-TV",8.0,8359
2020-07-13,4,3,-,Dr. Seussâ The Lorax,Movie,,"Jul 7, 2020",6,41,,,,,
2020-07-13,5,5,2,Warrior Nun,TV Show,Yes,"Jul 2, 2020",11,88,tt9059350,Warrior Nun,"Action,Drama,Fantasy",7.0,58511
2020-07-13,6,6,-,The Epic Tales of Captain U…,TV Show,Yes,"Jul 10, 2020",3,16,,,,,
2020-07-13,7,8,-,Only,Movie,,"Jul 5, 2020",6,21,tt3984356,Only,"Drama,Romance,Sci-Fi",5.1,4081
2020-07-13,8,10,-,Jeffrey Epstein: Filthy Rich,TV Show,Yes,"May 27, 2020",24,150,tt12312250,Jeffrey Epstein: Filthy Rich,"Crime,Documentary",7.1,31610
2020-07-13,9,7,3,The Baby-Sitters Club,TV Show,Yes,"Jul 3, 2020",10,63,tt0112435,The Baby-Sitters Club,"Comedy,Drama,Family",5.8,6944
2020-07-13,10,9,5,Desperados,Movie,Yes,"Jul 3, 2020",10,47,tt1545304,Desperados,"Comedy,Romance",5.2,11562
2020-07-14,1,1,-,The Old Guard,Movie,Yes,"Jul 10, 2020",4,40,tt7556122,The Old Guard,"Action,Thriller",6.7,207296
2020-07-14,2,3,-,Down to Earth with Zac Efron,TV Show,Yes,"Jul 10, 2020",4,29,tt12585152,Down to Earth with Zac Efron,"Documentary,History,Reality-TV",8.0,8359
2020-07-14,3,4,-,Dr. Seussâ The Lorax,Movie,,"Jul 7, 2020",7,49,,,,,
2020-07-14,4,2,1,Unsolved Mysteries,TV Show,Yes,"Jul 1, 2020",13,124,tt9642938,Unsolved Mysteries,"Crime,Documentary,Mystery",7.3,13961
2020-07-14,5,5,2,Warrior Nun,TV Show,Yes,"Jul 2, 2020",12,94,tt9059350,Warrior Nun,"Action,Drama,Fantasy",7.0,58511
2020-07-14,6,6,-,The Epic Tales of Captain U…,TV Show,Yes,"Jul 10, 2020",4,21,,,,,
2020-07-14,7,9,3,The Baby-Sitters Club,TV Show,Yes,"Jul 3, 2020",11,67,tt0112435,The Baby-Sitters Club,"Comedy,Drama,Family",5.8,6944
2020-07-14,8,8,-,Jeffrey Epstein: Filthy Rich,TV Show,Yes,"May 27, 2020",25,153,tt12312250,Jeffrey Epstein: Filthy Rich,"Crime,Documentary",7.1,31610
2020-07-14,9,7,-,Only,Movie,,"Jul 5, 2020",7,23,tt3984356,Only,"Drama,Romance,Sci-Fi",5.1,4081
2020-07-14,10,10,4,Desperados,Movie,Yes,"Jul 3, 2020",11,48,tt1545304,Desperados,"Comedy,Romance",5.2,11562
2020-07-15,1,1,-,The Old Guard,Movie,Yes,"Jul 10, 2020",5,50,tt7556122,The Old Guard,"Action,Thriller",6.7,207296
2020-07-15,2,2,-,Down to Earth with Zac Efron,TV Show,Yes,"Jul 10, 2020",5,38,tt12585152,Down to Earth with Zac Efron,"Documentary,History,Reality-TV",8.0,8359
2020-07-15,3,3,10,Dr. Seussâ The Lorax,Movie,,"Jul 7, 2020",8,57,,,,,
2020-07-15,4,-,-,The Business of Drugs,TV Show,Yes,"Jul 14, 2020",1,7,tt12588416,The Business of Drugs,Documentary,7.2,1970
2020-07-15,5,4,1,Unsolved Mysteries,TV Show,Yes,"Jul 1, 2020",14,130,tt9642938,Unsolved Mysteries,"Crime,Documentary,Mystery",7.3,13961
2020-07-15,6,5,2,Warrior Nun,TV Show,Yes,"Jul 2, 2020",13,99,tt9059350,Warrior Nun,"Action,Drama,Fantasy",7.0,58511
2020-07-15,7,8,-,Jeffrey Epstein: Filthy Rich,TV Show,Yes,"May 27, 2020",26,157,tt12312250,Jeffrey Epstein: Filthy Rich,"Crime,Documentary",7.1,31610
2020-07-15,8,7,3,The Baby-Sitters Club,TV Show,Yes,"Jul 3, 2020",12,70,tt0112435,The Baby-Sitters Club,"Comedy,Drama,Family",5.8,6944
2020-07-15,9,6,-,The Epic Tales of Captain U…,TV Show,Yes,"Jul 10, 2020",5,23,,,,,
2020-07-15,10,-,-,The Office,TV Show,,"Jan 15, 2007",1,1,tt0386676,The Office,Comedy,9.0,806364
2020-07-16,1,1,-,The Old Guard,Movie,Yes,"Jul 10, 2020",6,60,tt7556122,The Old Guard,"Action,Thriller",6.7,207296
2020-07-16,2,4,-,The Business of Drugs,TV Show,Yes,"Jul 14, 2020",2,16,tt12588416,The Business of Drugs,Documentary,7.2,1970
2020-07-16,3,2,-,Down to Earth with Zac Efron,TV Show,Yes,"Jul 10, 2020",6,46,tt12585152,Down to Earth with Zac Efron,"Documentary,History,Reality-TV",8.0,8359
2020-07-16,4,3,3,Dr. Seussâ The Lorax,Movie,,"Jul 7, 2020",9,64,,,,,
2020-07-16,5,5,1,Unsolved Mysteries,TV Show,Yes,"Jul 1, 2020",15,136,tt9642938,Unsolved Mysteries,"Crime,Documentary,Mystery",7.3,13961
2020-07-16,6,6,2,Warrior Nun,TV Show,Yes,"Jul 2, 2020",14,104,tt9059350,Warrior Nun,"Action,Drama,Fantasy",7.0,58511
2020-07-16,7,-,-,Dark Desire,TV Show,Yes,"Jul 15, 2020",1,4,tt12540080,Dark Desire,"Crime,Drama,Mystery",6.5,10407
2020-07-16,8,7,-,Jeffrey Epstein: Filthy Rich,TV Show,Yes,"May 27, 2020",27,160,tt12312250,Jeffrey Epstein: Filthy Rich,"Crime,Documentary",7.1,31610
2020-07-16,9,8,4,The Baby-Sitters Club,TV Show,Yes,"Jul 3, 2020",13,72,tt0112435,The Baby-Sitters Club,"Comedy,Drama,Family",5.8,6944
2020-07-16,10,9,-,The Epic Tales of Captain U…,TV Show,Yes,"Jul 10, 2020",6,24,,,,,
2020-07-17,1,-,-,Fatal Affair,Movie,Yes,"Jul 16, 2020",1,10,tt11057594,Fatal Affair,"Crime,Horror,Mystery",4.6,7214
2020-07-17,2,1,-,The Old Guard,Movie,Yes,"Jul 10, 2020",7,69,tt7556122,The Old Guard,"Action,Thriller",6.7,207296
2020-07-17,3,2,-,The Business of Drugs,TV Show,Yes,"Jul 14, 2020",3,24,tt12588416,The Business of Drugs,Documentary,7.2,1970
2020-07-17,4,3,-,Down to Earth with Zac Efron,TV Show,Yes,"Jul 10, 2020",7,53,tt12585152,Down to Earth with Zac Efron,"Documentary,History,Reality-TV",8.0,8359
2020-07-17,5,4,2,Dr. Seussâ The Lorax,Movie,,"Jul 7, 2020",10,70,,,,,
2020-07-17,6,5,1,Unsolved Mysteries,TV Show,Yes,"Jul 1, 2020",16,141,tt9642938,Unsolved Mysteries,"Crime,Documentary,Mystery",7.3,13961
2020-07-17,7,7,-,Dark Desire,TV Show,Yes,"Jul 15, 2020",2,8,tt12540080,Dark Desire,"Crime,Drama,Mystery",6.5,10407
2020-07-17,8,6,3,Warrior Nun,TV Show,Yes,"Jul 2, 2020",15,107,tt9059350,Warrior Nun,"Action,Drama,Fantasy",7.0,58511
2020-07-17,9,8,10,Jeffrey Epstein: Filthy Rich,TV Show,Yes,"May 27, 2020",28,162,tt12312250,Jeffrey Epstein: Filthy Rich,"Crime,Documentary",7.1,31610
2020-07-17,10,9,4,The Baby-Sitters Club,TV Show,Yes,"Jul 3, 2020",14,73,tt0112435,The Baby-Sitters Club,"Comedy,Drama,Family",5.8,6944
2020-07-18,1,1,-,Fatal Affair,Movie,Yes,"Jul 16, 2020",2,20,tt11057594,Fatal Affair,"Crime,Horror,Mystery",4.6,7214
2020-07-18,2,-,-,Cursed,TV Show,Yes,"Jul 17, 2020",1,9,tt0257516,Cursed,"Comedy,Horror,Mystery",5.1,37022
2020-07-18,3,2,1,The Old Guard,Movie,Yes,"Jul 10, 2020",8,77,tt7556122,The Old Guard,"Action,Thriller",6.7,207296
2020-07-18,4,3,-,The Business of Drugs,TV Show,Yes,"Jul 14, 2020",4,31,tt12588416,The Business of Drugs,Documentary,7.2,1970
2020-07-18,5,4,6,Down to Earth with Zac Efron,TV Show,Yes,"Jul 10, 2020",8,59,tt12585152,Down to Earth with Zac Efron,"Documentary,History,Reality-TV",8.0,8359
2020-07-18,6,5,3,Dr. Seussâ The Lorax,Movie,,"Jul 7, 2020",11,75,,,,,
2020-07-18,7,6,2,Unsolved Mysteries,TV Show,Yes,"Jul 1, 2020",17,145,tt9642938,Unsolved Mysteries,"Crime,Documentary,Mystery",7.3,13961
2020-07-18,8,7,-,Dark Desire,TV Show,Yes,"Jul 15, 2020",3,11,tt12540080,Dark Desire,"Crime,Drama,Mystery",6.5,10407
2020-07-18,9,8,4,Warrior Nun,TV Show,Yes,"Jul 2, 2020",16,109,tt9059350,Warrior Nun,"Action,Drama,Fantasy",7.0,58511
2020-07-18,10,9,-,Jeffrey Epstein: Filthy Rich,TV Show,Yes,"May 27, 2020",29,163,tt12312250,Jeffrey Epstein: Filthy Rich,"Crime,Documentary",7.1,31610
2020-07-19,1,2,-,Cursed,TV Show,Yes,"Jul 17, 2020",2,19,tt0257516,Cursed,"Comedy,Horror,Mystery",5.1,37022
2020-07-19,2,1,-,Fatal Affair,Movie,Yes,"Jul 16, 2020",3,29,tt11057594,Fatal Affair,"Crime,Horror,Mystery",4.6,7214
2020-07-19,3,3,1,The Old Guard,Movie,Yes,"Jul 10, 2020",9,85,tt7556122,The Old Guard,"Action,Thriller",6.7,207296
2020-07-19,4,5,4,Down to Earth with Zac Efron,TV Show,Yes,"Jul 10, 2020",9,66,tt12585152,Down to Earth with Zac Efron,"Documentary,History,Reality-TV",8.0,8359
2020-07-19,5,4,-,The Business of Drugs,TV Show,Yes,"Jul 14, 2020",5,37,tt12588416,The Business of Drugs,Documentary,7.2,1970
2020-07-19,6,8,-,Dark Desire,TV Show,Yes,"Jul 15, 2020",4,16,tt12540080,Dark Desire,"Crime,Drama,Mystery",6.5,10407
2020-07-19,7,6,3,Dr. Seussâ The Lorax,Movie,,"Jul 7, 2020",12,79,,,,,
2020-07-19,8,7,2,Unsolved Mysteries,TV Show,Yes,"Jul 1, 2020",18,148,tt9642938,Unsolved Mysteries,"Crime,Documentary,Mystery",7.3,13961
2020-07-19,9,9,5,Warrior Nun,TV Show,Yes,"Jul 2, 2020",17,111,tt9059350,Warrior Nun,"Action,Drama,Fantasy",7.0,58511
2020-07-19,10,10,10,Jeffrey Epstein: Filthy Rich,TV Show,Yes,"May 27, 2020",30,164,tt12312250,Jeffrey Epstein: Filthy Rich,"Crime,Documentary",7.1,31610
2020-07-20,1,1,-,Cursed,TV Show,Yes,"Jul 17, 2020",3,29,tt0257516,Cursed,"Comedy,Horror,Mystery",5.1,37022
2020-07-20,2,2,-,Fatal Affair,Movie,Yes,"Jul 16, 2020",4,38,tt11057594,Fatal Affair,"Crime,Horror,Mystery",4.6,7214
2020-07-20,3,3,1,The Old Guard,Movie,Yes,"Jul 10, 2020",10,93,tt7556122,The Old Guard,"Action,Thriller",6.7,207296
2020-07-20,4,-,-,The Last Dance,TV Show,Yes,"Jul 19, 2020",1,7,tt8420184,The Last Dance,"Biography,Documentary,History",9.0,175561
2020-07-20,5,4,3,Down to Earth with Zac Efron,TV Show,Yes,"Jul 10, 2020",10,72,tt12585152,Down to Earth with Zac Efron,"Documentary,History,Reality-TV",8.0,8359
2020-07-20,6,6,-,Dark Desire,TV Show,Yes,"Jul 15, 2020",5,21,tt12540080,Dark Desire,"Crime,Drama,Mystery",6.5,10407
2020-07-20,7,5,-,The Business of Drugs,TV Show,Yes,"Jul 14, 2020",6,41,tt12588416,The Business of Drugs,Documentary,7.2,1970
2020-07-20,8,8,2,Unsolved Mysteries,TV Show,Yes,"Jul 1, 2020",19,151,tt9642938,Unsolved Mysteries,"Crime,Documentary,Mystery",7.3,13961
2020-07-20,9,7,4,Dr. Seussâ The Lorax,Movie,,"Jul 7, 2020",13,81,,,,,
2020-07-20,10,-,-,Indian Matchmaking,TV Show,Yes,"Jul 16, 2020",1,1,tt12580168,Indian Matchmaking,"Documentary,Family,News",6.3,4551
2020-07-21,1,1,-,Cursed,TV Show,Yes,"Jul 17, 2020",4,39,tt0257516,Cursed,"Comedy,Horror,Mystery",5.1,37022
2020-07-21,2,4,-,The Last Dance,TV Show,Yes,"Jul 19, 2020",2,16,tt8420184,The Last Dance,"Biography,Documentary,History",9.0,175561
2020-07-21,3,2,-,Fatal Affair,Movie,Yes,"Jul 16, 2020",5,46,tt11057594,Fatal Affair,"Crime,Horror,Mystery",4.6,7214
2020-07-21,4,5,2,Down to Earth with Zac Efron,TV Show,Yes,"Jul 10, 2020",11,79,tt12585152,Down to Earth with Zac Efron,"Documentary,History,Reality-TV",8.0,8359
2020-07-21,5,6,-,Dark Desire,TV Show,Yes,"Jul 15, 2020",6,27,tt12540080,Dark Desire,"Crime,Drama,Mystery",6.5,10407
2020-07-21,6,3,1,The Old Guard,Movie,Yes,"Jul 10, 2020",11,98,tt7556122,The Old Guard,"Action,Thriller",6.7,207296
2020-07-21,7,9,3,Dr. Seussâ The Lorax,Movie,,"Jul 7, 2020",14,85,,,,,
2020-07-21,8,7,-,The Business of Drugs,TV Show,Yes,"Jul 14, 2020",7,44,tt12588416,The Business of Drugs,Documentary,7.2,1970
2020-07-21,9,10,-,Indian Matchmaking,TV Show,Yes,"Jul 16, 2020",2,3,tt12580168,Indian Matchmaking,"Documentary,Family,News",6.3,4551
2020-07-21,10,8,4,Unsolved Mysteries,TV Show,Yes,"Jul 1, 2020",20,152,tt9642938,Unsolved Mysteries,"Crime,Documentary,Mystery",7.3,13961
2020-07-22,1,1,-,Cursed,TV Show,Yes,"Jul 17, 2020",5,49,tt0257516,Cursed,"Comedy,Horror,Mystery",5.1,37022
2020-07-22,2,2,-,The Last Dance,TV Show,Yes,"Jul 19, 2020",3,25,tt8420184,The Last Dance,"Biography,Documentary,History",9.0,175561
2020-07-22,3,3,-,Fatal Affair,Movie,Yes,"Jul 16, 2020",6,54,tt11057594,Fatal Affair,"Crime,Horror,Mystery",4.6,7214
2020-07-22,4,5,-,Dark Desire,TV Show,Yes,"Jul 15, 2020",7,34,tt12540080,Dark Desire,"Crime,Drama,Mystery",6.5,10407
2020-07-22,5,4,2,Down to Earth with Zac Efron,TV Show,Yes,"Jul 10, 2020",12,85,tt12585152,Down to Earth with Zac Efron,"Documentary,History,Reality-TV",8.0,8359
2020-07-22,6,6,1,The Old Guard,Movie,Yes,"Jul 10, 2020",12,103,tt7556122,The Old Guard,"Action,Thriller",6.7,207296
2020-07-22,7,9,-,Indian Matchmaking,TV Show,Yes,"Jul 16, 2020",3,7,tt12580168,Indian Matchmaking,"Documentary,Family,News",6.3,4551
2020-07-22,8,10,5,Unsolved Mysteries,TV Show,Yes,"Jul 1, 2020",21,155,tt9642938,Unsolved Mysteries,"Crime,Documentary,Mystery",7.3,13961
2020-07-22,9,7,3,Dr. Seussâ The Lorax,Movie,,"Jul 7, 2020",15,87,,,,,
2020-07-22,10,-,-,In the Dark,TV Show,,"Jul 5, 2019",1,1,tt7772602,In the Dark,"Action,Crime,Mystery",7.5,16500
2020-07-23,1,1,-,Cursed,TV Show,Yes,"Jul 17, 2020",6,59,tt0257516,Cursed,"Comedy,Horror,Mystery",5.1,37022
2020-07-23,2,2,-,The Last Dance,TV Show,Yes,"Jul 19, 2020",4,34,tt8420184,The Last Dance,"Biography,Documentary,History",9.0,175561
2020-07-23,3,-,-,Fear City: New York vs. The…,TV Show,Yes,"Jul 22, 2020",1,8,,,,,
2020-07-23,4,4,7,Dark Desire,TV Show,Yes,"Jul 15, 2020",8,41,tt12540080,Dark Desire,"Crime,Drama,Mystery",6.5,10407
2020-07-23,5,3,-,Fatal Affair,Movie,Yes,"Jul 16, 2020",7,60,tt11057594,Fatal Affair,"Crime,Horror,Mystery",4.6,7214
2020-07-23,6,5,3,Down to Earth with Zac Efron,TV Show,Yes,"Jul 10, 2020",13,90,tt12585152,Down to Earth with Zac Efron,"Documentary,History,Reality-TV",8.0,8359
2020-07-23,7,-,-,Ip Man 4: The Finale,Movie,,"Jul 21, 2020",1,4,tt2076298,Ip Man 4: The Finale,"Action,Biography,Drama",7.0,39947
2020-07-23,8,8,5,Unsolved Mysteries,TV Show,Yes,"Jul 1, 2020",22,158,tt9642938,Unsolved Mysteries,"Crime,Documentary,Mystery",7.3,13961
2020-07-23,9,7,-,Indian Matchmaking,TV Show,Yes,"Jul 16, 2020",4,9,tt12580168,Indian Matchmaking,"Documentary,Family,News",6.3,4551
2020-07-23,10,9,4,Dr. Seussâ The Lorax,Movie,,"Jul 7, 2020",16,88,,,,,
2020-07-24,1,3,-,Fear City: New York vs. The…,TV Show,Yes,"Jul 22, 2020",2,18,,,,,
2020-07-24,2,1,-,Cursed,TV Show,Yes,"Jul 17, 2020",7,68,tt0257516,Cursed,"Comedy,Horror,Mystery",5.1,37022
2020-07-24,3,2,-,The Last Dance,TV Show,Yes,"Jul 19, 2020",5,42,tt8420184,The Last Dance,"Biography,Documentary,History",9.0,175561
2020-07-24,4,7,-,Ip Man 4: The Finale,Movie,,"Jul 21, 2020",2,11,tt2076298,Ip Man 4: The Finale,"Action,Biography,Drama",7.0,39947
2020-07-24,5,4,7,Dark Desire,TV Show,Yes,"Jul 15, 2020",9,47,tt12540080,Dark Desire,"Crime,Drama,Mystery",6.5,10407
2020-07-24,6,6,4,Down to Earth with Zac Efron,TV Show,Yes,"Jul 10, 2020",14,95,tt12585152,Down to Earth with Zac Efron,"Documentary,History,Reality-TV",8.0,8359
2020-07-24,7,10,5,Dr. Seussâ The Lorax,Movie,,"Jul 7, 2020",17,92,,,,,
2020-07-24,8,9,-,Indian Matchmaking,TV Show,Yes,"Jul 16, 2020",5,12,tt12580168,Indian Matchmaking,"Documentary,Family,News",6.3,4551
2020-07-24,9,-,-,In the Dark,TV Show,,"Jul 5, 2019",2,3,tt7772602,In the Dark,"Action,Crime,Mystery",7.5,16500
2020-07-24,10,5,1,Fatal Affair,Movie,Yes,"Jul 16, 2020",8,61,tt11057594,Fatal Affair,"Crime,Horror,Mystery",4.6,7214
2020-07-25,1,-,-,The Kissing Booth 2,Movie,Yes,"Jul 24, 2020",1,10,tt9784456,The Kissing Booth 2,"Comedy,Romance",5.7,42392
2020-07-25,2,1,-,Fear City: New York vs. The…,TV Show,Yes,"Jul 22, 2020",3,27,,,,,
2020-07-25,3,2,2,Cursed,TV Show,Yes,"Jul 17, 2020",8,76,tt0257516,Cursed,"Comedy,Horror,Mystery",5.1,37022
2020-07-25,4,3,-,The Last Dance,TV Show,Yes,"Jul 19, 2020",6,49,tt8420184,The Last Dance,"Biography,Documentary,History",9.0,175561
2020-07-25,5,4,-,Ip Man 4: The Finale,Movie,,"Jul 21, 2020",3,17,tt2076298,Ip Man 4: The Finale,"Action,Biography,Drama",7.0,39947
2020-07-25,6,5,8,Dark Desire,TV Show,Yes,"Jul 15, 2020",10,52,tt12540080,Dark Desire,"Crime,Drama,Mystery",6.5,10407
2020-07-25,7,-,-,Animal Crackers,Movie,Yes,"Jul 24, 2020",1,4,tt0020640,Animal Crackers,"Comedy,Family,Musical",7.4,15911
2020-07-25,8,6,5,Down to Earth with Zac Efron,TV Show,Yes,"Jul 10, 2020",15,98,tt12585152,Down to Earth with Zac Efron,"Documentary,History,Reality-TV",8.0,8359
2020-07-25,9,-,-,The Kissing Booth,Movie,Yes,"May 11, 2020",1,2,tt3799232,The Kissing Booth,"Comedy,Romance",5.9,101394
2020-07-25,10,8,-,Indian Matchmaking,TV Show,Yes,"Jul 16, 2020",6,13,tt12580168,Indian Matchmaking,"Documentary,Family,News",6.3,4551
2020-07-26,1,1,-,The Kissing Booth 2,Movie,Yes,"Jul 24, 2020",2,20,tt9784456,The Kissing Booth 2,"Comedy,Romance",5.7,42392
2020-07-26,2,2,-,Fear City: New York vs. The…,TV Show,Yes,"Jul 22, 2020",4,36,,,,,
2020-07-26,3,3,1,Cursed,TV Show,Yes,"Jul 17, 2020",9,84,tt0257516,Cursed,"Comedy,Horror,Mystery",5.1,37022
2020-07-26,4,4,-,The Last Dance,TV Show,Yes,"Jul 19, 2020",7,56,tt8420184,The Last Dance,"Biography,Documentary,History",9.0,175561
2020-07-26,5,7,-,Animal Crackers,Movie,Yes,"Jul 24, 2020",2,10,tt0020640,Animal Crackers,"Comedy,Family,Musical",7.4,15911
2020-07-26,6,9,-,The Kissing Booth,Movie,Yes,"May 11, 2020",2,7,tt3799232,The Kissing Booth,"Comedy,Romance",5.9,101394
2020-07-26,7,5,-,Ip Man 4: The Finale,Movie,,"Jul 21, 2020",4,21,tt2076298,Ip Man 4: The Finale,"Action,Biography,Drama",7.0,39947
2020-07-26,8,6,6,Dark Desire,TV Show,Yes,"Jul 15, 2020",11,55,tt12540080,Dark Desire,"Crime,Drama,Mystery",6.5,10407
2020-07-26,9,-,3,The Old Guard,Movie,Yes,"Jul 10, 2020",13,105,tt7556122,The Old Guard,"Action,Thriller",6.7,207296
2020-07-26,10,8,4,Down to Earth with Zac Efron,TV Show,Yes,"Jul 10, 2020",16,99,tt12585152,Down to Earth with Zac Efron,"Documentary,History,Reality-TV",8.0,8359
2020-07-27,1,1,-,The Kissing Booth 2,Movie,Yes,"Jul 24, 2020",3,30,tt9784456,The Kissing Booth 2,"Comedy,Romance",5.7,42392
2020-07-27,2,2,-,Fear City: New York vs. The…,TV Show,Yes,"Jul 22, 2020",5,45,,,,,
2020-07-27,3,4,4,The Last Dance,TV Show,Yes,"Jul 19, 2020",8,64,tt8420184,The Last Dance,"Biography,Documentary,History",9.0,175561
2020-07-27,4,3,1,Cursed,TV Show,Yes,"Jul 17, 2020",10,91,tt0257516,Cursed,"Comedy,Horror,Mystery",5.1,37022
2020-07-27,5,-,-,Shameless,TV Show,,"Jun 30, 2016",1,6,tt1586680,Shameless,"Comedy,Drama",8.5,324102
2020-07-27,6,5,-,Animal Crackers,Movie,Yes,"Jul 24, 2020",3,15,tt0020640,Animal Crackers,"Comedy,Family,Musical",7.4,15911
2020-07-27,7,6,-,The Kissing Booth,Movie,Yes,"May 11, 2020",3,11,tt3799232,The Kissing Booth,"Comedy,Romance",5.9,101394
2020-07-27,8,9,3,The Old Guard,Movie,Yes,"Jul 10, 2020",14,108,tt7556122,The Old Guard,"Action,Thriller",6.7,207296
2020-07-27,9,10,5,Down to Earth with Zac Efron,TV Show,Yes,"Jul 10, 2020",17,101,tt12585152,Down to Earth with Zac Efron,"Documentary,History,Reality-TV",8.0,8359
2020-07-27,10,7,-,Ip Man 4: The Finale,Movie,,"Jul 21, 2020",5,22,tt2076298,Ip Man 4: The Finale,"Action,Biography,Drama",7.0,39947
2020-07-28,1,1,-,The Kissing Booth 2,Movie,Yes,"Jul 24, 2020",4,40,tt9784456,The Kissing Booth 2,"Comedy,Romance",5.7,42392
2020-07-28,2,5,-,Shameless,TV Show,,"Jun 30, 2016",2,15,tt1586680,Shameless,"Comedy,Drama",8.5,324102
2020-07-28,3,2,-,Fear City: New York vs. The…,TV Show,Yes,"Jul 22, 2020",6,53,,,,,
2020-07-28,4,3,2,The Last Dance,TV Show,Yes,"Jul 19, 2020",9,71,tt8420184,The Last Dance,"Biography,Documentary,History",9.0,175561
2020-07-28,5,6,-,Animal Crackers,Movie,Yes,"Jul 24, 2020",4,21,tt0020640,Animal Crackers,"Comedy,Family,Musical",7.4,15911
2020-07-28,6,4,1,Cursed,TV Show,Yes,"Jul 17, 2020",11,96,tt0257516,Cursed,"Comedy,Horror,Mystery",5.1,37022
2020-07-28,7,7,-,The Kissing Booth,Movie,Yes,"May 11, 2020",4,15,tt3799232,The Kissing Booth,"Comedy,Romance",5.9,101394
2020-07-28,8,9,4,Down to Earth with Zac Efron,TV Show,Yes,"Jul 10, 2020",18,104,tt12585152,Down to Earth with Zac Efron,"Documentary,History,Reality-TV",8.0,8359
2020-07-28,9,-,5,Dark Desire,TV Show,Yes,"Jul 15, 2020",12,57,tt12540080,Dark Desire,"Crime,Drama,Mystery",6.5,10407
2020-07-28,10,-,-,In the Dark,TV Show,,"Jul 5, 2019",3,4,tt7772602,In the Dark,"Action,Crime,Mystery",7.5,16500
2020-07-29,1,1,-,The Kissing Booth 2,Movie,Yes,"Jul 24, 2020",5,50,tt9784456,The Kissing Booth 2,"Comedy,Romance",5.7,42392
2020-07-29,2,2,-,Shameless,TV Show,,"Jun 30, 2016",3,24,tt1586680,Shameless,"Comedy,Drama",8.5,324102
2020-07-29,3,5,-,Animal Crackers,Movie,Yes,"Jul 24, 2020",5,29,tt0020640,Animal Crackers,"Comedy,Family,Musical",7.4,15911
2020-07-29,4,4,2,The Last Dance,TV Show,Yes,"Jul 19, 2020",10,78,tt8420184,The Last Dance,"Biography,Documentary,History",9.0,175561
2020-07-29,5,6,1,Cursed,TV Show,Yes,"Jul 17, 2020",12,102,tt0257516,Cursed,"Comedy,Horror,Mystery",5.1,37022
2020-07-29,6,3,-,Fear City: New York vs. The…,TV Show,Yes,"Jul 22, 2020",7,58,,,,,
2020-07-29,7,-,-,Last Chance U,TV Show,Yes,"Jul 29, 2016",1,4,tt5863126,Last Chance U,"Documentary,Sport",8.4,7866
2020-07-29,8,7,-,The Kissing Booth,Movie,Yes,"May 11, 2020",5,18,tt3799232,The Kissing Booth,"Comedy,Romance",5.9,101394
2020-07-29,9,9,4,Dark Desire,TV Show,Yes,"Jul 15, 2020",13,59,tt12540080,Dark Desire,"Crime,Drama,Mystery",6.5,10407
2020-07-29,10,10,10,In the Dark,TV Show,,"Jul 5, 2019",4,5,tt7772602,In the Dark,"Action,Crime,Mystery",7.5,16500
2020-07-30,1,2,-,Shameless,TV Show,,"Jun 30, 2016",4,34,tt1586680,Shameless,"Comedy,Drama",8.5,324102
2020-07-30,2,1,-,The Kissing Booth 2,Movie,Yes,"Jul 24, 2020",6,59,tt9784456,The Kissing Booth 2,"Comedy,Romance",5.7,42392
2020-07-30,3,7,-,Last Chance U,TV Show,Yes,"Jul 29, 2016",2,12,tt5863126,Last Chance U,"Documentary,Sport",8.4,7866
2020-07-30,4,4,2,The Last Dance,TV Show,Yes,"Jul 19, 2020",11,85,tt8420184,The Last Dance,"Biography,Documentary,History",9.0,175561
2020-07-30,5,3,-,Animal Crackers,Movie,Yes,"Jul 24, 2020",6,35,tt0020640,Animal Crackers,"Comedy,Family,Musical",7.4,15911
2020-07-30,6,5,1,Cursed,TV Show,Yes,"Jul 17, 2020",13,107,tt0257516,Cursed,"Comedy,Horror,Mystery",5.1,37022
2020-07-30,7,6,3,Fear City: New York vs. The…,TV Show,Yes,"Jul 22, 2020",8,62,,,,,
2020-07-30,8,8,-,The Kissing Booth,Movie,Yes,"May 11, 2020",6,21,tt3799232,The Kissing Booth,"Comedy,Romance",5.9,101394
2020-07-30,9,9,4,Dark Desire,TV Show,Yes,"Jul 15, 2020",14,61,tt12540080,Dark Desire,"Crime,Drama,Mystery",6.5,10407
2020-07-30,10,10,-,In the Dark,TV Show,,"Jul 5, 2019",5,6,tt7772602,In the Dark,"Action,Crime,Mystery",7.5,16500
2020-07-31,1,1,-,Shameless,TV Show,,"Jun 30, 2016",5,44,tt1586680,Shameless,"Comedy,Drama",8.5,324102
2020-07-31,2,2,-,The Kissing Booth 2,Movie,Yes,"Jul 24, 2020",7,68,tt9784456,The Kissing Booth 2,"Comedy,Romance",5.7,42392
2020-07-31,3,5,-,Animal Crackers,Movie,Yes,"Jul 24, 2020",7,43,tt0020640,Animal Crackers,"Comedy,Family,Musical",7.4,15911
2020-07-31,4,4,3,The Last Dance,TV Show,Yes,"Jul 19, 2020",12,92,tt8420184,The Last Dance,"Biography,Documentary,History",9.0,175561
2020-07-31,5,3,-,Last Chance U,TV Show,Yes,"Jul 29, 2016",3,18,tt5863126,Last Chance U,"Documentary,Sport",8.4,7866
2020-07-31,6,6,2,Cursed,TV Show,Yes,"Jul 17, 2020",14,112,tt0257516,Cursed,"Comedy,Horror,Mystery",5.1,37022
2020-07-31,7,-,-,Transformers: War for Cyber…,TV Show,Yes,"Jul 30, 2020",1,4,,,,,
2020-07-31,8,7,1,Fear City: New York vs. The…,TV Show,Yes,"Jul 22, 2020",9,65,,,,,
2020-07-31,9,-,-,Zookeeper,Movie,,"Jul 26, 2020",1,2,tt1222817,Zookeeper,"Comedy,Family,Fantasy",5.2,68774
2020-07-31,10,9,5,Dark Desire,TV Show,Yes,"Jul 15, 2020",15,62,tt12540080,Dark Desire,"Crime,Drama,Mystery",6.5,10407
2020-08-01,1,-,-,The Umbrella Academy,TV Show,Yes,"Feb 15, 2019",1,10,tt1312171,The Umbrella Academy,"Action,Adventure,Comedy",7.8,309710
2020-08-01,2,1,-,Shameless,TV Show,,"Jun 30, 2016",6,53,tt1586680,Shameless,"Comedy,Drama",8.5,324102
2020-08-01,3,2,1,The Kissing Booth 2,Movie,Yes,"Jul 24, 2020",8,76,tt9784456,The Kissing Booth 2,"Comedy,Romance",5.7,42392
2020-08-01,4,3,7,Animal Crackers,Movie,Yes,"Jul 24, 2020",8,50,tt0020640,Animal Crackers,"Comedy,Family,Musical",7.4,15911
2020-08-01,5,4,4,The Last Dance,TV Show,Yes,"Jul 19, 2020",13,98,tt8420184,The Last Dance,"Biography,Documentary,History",9.0,175561
2020-08-01,6,5,-,Last Chance U,TV Show,Yes,"Jul 29, 2016",4,23,tt5863126,Last Chance U,"Documentary,Sport",8.4,7866
2020-08-01,7,6,3,Cursed,TV Show,Yes,"Jul 17, 2020",15,116,tt0257516,Cursed,"Comedy,Horror,Mystery",5.1,37022
2020-08-01,8,9,-,Zookeeper,Movie,,"Jul 26, 2020",2,5,tt1222817,Zookeeper,"Comedy,Family,Fantasy",5.2,68774
2020-08-01,9,7,-,Transformers: War for Cyber…,TV Show,Yes,"Jul 30, 2020",2,6,,,,,
2020-08-01,10,-,-,Sugar Rush,TV Show,Yes,"Jul 13, 2018",1,1,tt0452568,Sugar Rush,"Drama,Romance",7.7,4387
2020-08-02,1,1,-,The Umbrella Academy,TV Show,Yes,"Feb 15, 2019",2,20,tt1312171,The Umbrella Academy,"Action,Adventure,Comedy",7.8,309710
2020-08-02,2,2,-,Shameless,TV Show,,"Jun 30, 2016",7,62,tt1586680,Shameless,"Comedy,Drama",8.5,324102
2020-08-02,3,3,1,The Kissing Booth 2,Movie,Yes,"Jul 24, 2020",9,84,tt9784456,The Kissing Booth 2,"Comedy,Romance",5.7,42392
2020-08-02,4,5,4,The Last Dance,TV Show,Yes,"Jul 19, 2020",14,105,tt8420184,The Last Dance,"Biography,Documentary,History",9.0,175561
2020-08-02,5,4,5,Animal Crackers,Movie,Yes,"Jul 24, 2020",9,56,tt0020640,Animal Crackers,"Comedy,Family,Musical",7.4,15911
2020-08-02,6,6,-,Last Chance U,TV Show,Yes,"Jul 29, 2016",5,28,tt5863126,Last Chance U,"Documentary,Sport",8.4,7866
2020-08-02,7,8,-,Zookeeper,Movie,,"Jul 26, 2020",3,9,tt1222817,Zookeeper,"Comedy,Family,Fantasy",5.2,68774
2020-08-02,8,10,-,Sugar Rush,TV Show,Yes,"Jul 13, 2018",2,4,tt0452568,Sugar Rush,"Drama,Romance",7.7,4387
2020-08-02,9,7,3,Cursed,TV Show,Yes,"Jul 17, 2020",16,118,tt0257516,Cursed,"Comedy,Horror,Mystery",5.1,37022
2020-08-02,10,-,-,Moesha,TV Show,,"Aug 1, 2020",1,1,tt0115275,Moesha,"Comedy,Drama,Family",5.9,4462
2020-08-03,1,1,-,The Umbrella Academy,TV Show,Yes,"Feb 15, 2019",3,30,tt1312171,The Umbrella Academy,"Action,Adventure,Comedy",7.8,309710
2020-08-03,2,2,5,Shameless,TV Show,,"Jun 30, 2016",8,71,tt1586680,Shameless,"Comedy,Drama",8.5,324102
2020-08-03,3,-,-,Rogue Warfare: The Hunt,Movie,,"Aug 1, 2020",1,8,tt7983712,Rogue Warfare: The Hunt,Action,3.2,701
2020-08-03,4,4,3,The Last Dance,TV Show,Yes,"Jul 19, 2020",15,112,tt8420184,The Last Dance,"Biography,Documentary,History",9.0,175561
2020-08-03,5,3,1,The Kissing Booth 2,Movie,Yes,"Jul 24, 2020",10,90,tt9784456,The Kissing Booth 2,"Comedy,Romance",5.7,42392
2020-08-03,6,10,-,Moesha,TV Show,,"Aug 1, 2020",2,6,tt0115275,Moesha,"Comedy,Drama,Family",5.9,4462
2020-08-03,7,8,-,Sugar Rush,TV Show,Yes,"Jul 13, 2018",3,8,tt0452568,Sugar Rush,"Drama,Romance",7.7,4387
2020-08-03,8,5,6,Animal Crackers,Movie,Yes,"Jul 24, 2020",10,59,tt0020640,Animal Crackers,"Comedy,Family,Musical",7.4,15911
2020-08-03,9,6,-,Last Chance U,TV Show,Yes,"Jul 29, 2016",6,30,tt5863126,Last Chance U,"Documentary,Sport",8.4,7866
2020-08-03,10,9,4,Cursed,TV Show,Yes,"Jul 17, 2020",17,119,tt0257516,Cursed,"Comedy,Horror,Mystery",5.1,37022
2020-08-04,1,1,-,The Umbrella Academy,TV Show,Yes,"Feb 15, 2019",4,40,tt1312171,The Umbrella Academy,"Action,Adventure,Comedy",7.8,309710
2020-08-04,2,2,2,Shameless,TV Show,,"Jun 30, 2016",9,80,tt1586680,Shameless,"Comedy,Drama",8.5,324102
2020-08-04,3,7,-,Sugar Rush,TV Show,Yes,"Jul 13, 2018",4,16,tt0452568,Sugar Rush,"Drama,Romance",7.7,4387
2020-08-04,4,4,4,The Last Dance,TV Show,Yes,"Jul 19, 2020",16,119,tt8420184,The Last Dance,"Biography,Documentary,History",9.0,175561
2020-08-04,5,6,-,Moesha,TV Show,,"Aug 1, 2020",3,12,tt0115275,Moesha,"Comedy,Drama,Family",5.9,4462
2020-08-04,6,5,1,The Kissing Booth 2,Movie,Yes,"Jul 24, 2020",11,95,tt9784456,The Kissing Booth 2,"Comedy,Romance",5.7,42392
2020-08-04,7,-,-,Latte & the Magic Waterstone,Movie,Yes,"Jul 31, 2020",1,4,tt9038290,Latte & the Magic Waterstone,"Adventure,Animation,Comedy",5.6,1309
2020-08-04,8,-,-,Immigration Nation,TV Show,Yes,"Aug 3, 2020",1,3,tt12754910,Immigration Nation,Documentary,7.6,1286
2020-08-04,9,3,-,Rogue Warfare: The Hunt,Movie,,"Aug 1, 2020",2,10,tt7983712,Rogue Warfare: The Hunt,Action,3.2,701
2020-08-04,10,8,5,Animal Crackers,Movie,Yes,"Jul 24, 2020",11,60,tt0020640,Animal Crackers,"Comedy,Family,Musical",7.4,15911
2020-08-05,1,1,-,The Umbrella Academy,TV Show,Yes,"Feb 15, 2019",5,50,tt1312171,The Umbrella Academy,"Action,Adventure,Comedy",7.8,309710
2020-08-05,2,2,2,Shameless,TV Show,,"Jun 30, 2016",10,89,tt1586680,Shameless,"Comedy,Drama",8.5,324102
2020-08-05,3,8,-,Immigration Nation,TV Show,Yes,"Aug 3, 2020",2,11,tt12754910,Immigration Nation,Documentary,7.6,1286
2020-08-05,4,-,-,Malibu Rescue: The Next Wave,Movie,Yes,"Aug 3, 2020",1,7,tt11032990,Malibu Rescue: The Next Wave,Family,5.0,1157
2020-08-05,5,3,-,Sugar Rush,TV Show,Yes,"Jul 13, 2018",5,22,tt0452568,Sugar Rush,"Drama,Romance",7.7,4387
2020-08-05,6,4,4,The Last Dance,TV Show,Yes,"Jul 19, 2020",17,124,tt8420184,The Last Dance,"Biography,Documentary,History",9.0,175561
2020-08-05,7,-,-,Jurassic Park,Movie,,"Aug 1, 2020",1,4,tt0107290,Jurassic Park,"Action,Adventure,Sci-Fi",8.2,1153610
2020-08-05,8,5,-,Moesha,TV Show,,"Aug 1, 2020",4,15,tt0115275,Moesha,"Comedy,Drama,Family",5.9,4462
2020-08-05,9,6,1,The Kissing Booth 2,Movie,Yes,"Jul 24, 2020",12,97,tt9784456,The Kissing Booth 2,"Comedy,Romance",5.7,42392
2020-08-05,10,7,-,Latte & the Magic Waterstone,Movie,Yes,"Jul 31, 2020",2,5,tt9038290,Latte & the Magic Waterstone,"Adventure,Animation,Comedy",5.6,1309
2020-08-06,1,1,-,The Umbrella Academy,TV Show,Yes,"Feb 15, 2019",6,60,tt1312171,The Umbrella Academy,"Action,Adventure,Comedy",7.8,309710
2020-08-06,2,2,1,Shameless,TV Show,,"Jun 30, 2016",11,98,tt1586680,Shameless,"Comedy,Drama",8.5,324102
2020-08-06,3,-,-,Worldâs Most Wanted,TV Show,Yes,"Aug 5, 2020",1,8,,,,,
2020-08-06,4,4,-,Malibu Rescue: The Next Wave,Movie,Yes,"Aug 3, 2020",2,14,tt11032990,Malibu Rescue: The Next Wave,Family,5.0,1157
2020-08-06,5,3,-,Immigration Nation,TV Show,Yes,"Aug 3, 2020",3,17,tt12754910,Immigration Nation,Documentary,7.6,1286
2020-08-06,6,7,-,Jurassic Park,Movie,,"Aug 1, 2020",2,9,tt0107290,Jurassic Park,"Action,Adventure,Sci-Fi",8.2,1153610
2020-08-06,7,5,-,Sugar Rush,TV Show,Yes,"Jul 13, 2018",6,26,tt0452568,Sugar Rush,"Drama,Romance",7.7,4387
2020-08-06,8,-,-,Dennis the Menace,Movie,,"Aug 1, 2020",1,3,tt0106701,Dennis the Menace,"Comedy,Family",5.7,68378
2020-08-06,9,6,4,The Last Dance,TV Show,Yes,"Jul 19, 2020",18,126,tt8420184,The Last Dance,"Biography,Documentary,History",9.0,175561
2020-08-06,10,8,-,Moesha,TV Show,,"Aug 1, 2020",5,16,tt0115275,Moesha,"Comedy,Drama,Family",5.9,4462
2020-08-07,1,1,-,The Umbrella Academy,TV Show,Yes,"Feb 15, 2019",7,70,tt1312171,The Umbrella Academy,"Action,Adventure,Comedy",7.8,309710
2020-08-07,2,3,-,Worldâs Most Wanted,TV Show,Yes,"Aug 5, 2020",2,17,,,,,
2020-08-07,3,-,-,The Seven Deadly Sins,TV Show,Yes,"Nov 1, 2015",1,8,tt3909224,The Seven Deadly Sins,"Action,Adventure,Animation",7.7,44269
2020-08-07,4,2,1,Shameless,TV Show,,"Jun 30, 2016",12,105,tt1586680,Shameless,"Comedy,Drama",8.5,324102
2020-08-07,5,8,-,Dennis the Menace,Movie,,"Aug 1, 2020",2,9,tt0106701,Dennis the Menace,"Comedy,Family",5.7,68378
2020-08-07,6,6,-,Jurassic Park,Movie,,"Aug 1, 2020",3,14,tt0107290,Jurassic Park,"Action,Adventure,Sci-Fi",8.2,1153610
2020-08-07,7,4,-,Malibu Rescue: The Next Wave,Movie,Yes,"Aug 3, 2020",3,18,tt11032990,Malibu Rescue: The Next Wave,Family,5.0,1157
2020-08-07,8,5,-,Immigration Nation,TV Show,Yes,"Aug 3, 2020",4,20,tt12754910,Immigration Nation,Documentary,7.6,1286
2020-08-07,9,7,-,Sugar Rush,TV Show,Yes,"Jul 13, 2018",7,28,tt0452568,Sugar Rush,"Drama,Romance",7.7,4387
2020-08-07,10,9,4,The Last Dance,TV Show,Yes,"Jul 19, 2020",19,127,tt8420184,The Last Dance,"Biography,Documentary,History",9.0,175561
2020-08-08,1,1,1,The Umbrella Academy,TV Show,Yes,"Feb 15, 2019",8,80,tt1312171,The Umbrella Academy,"Action,Adventure,Comedy",7.8,309710
2020-08-08,2,2,-,Worldâs Most Wanted,TV Show,Yes,"Aug 5, 2020",3,26,,,,,
2020-08-08,3,3,-,The Seven Deadly Sins,TV Show,Yes,"Nov 1, 2015",2,16,tt3909224,The Seven Deadly Sins,"Action,Adventure,Animation",7.7,44269
2020-08-08,4,-,-,Work It,Movie,Yes,"Aug 7, 2020",1,7,tt10276470,Work It,"Comedy,Music",6.1,17469
2020-08-08,5,4,2,Shameless,TV Show,,"Jun 30, 2016",13,111,tt1586680,Shameless,"Comedy,Drama",8.5,324102
2020-08-08,6,-,-,Wizards: Tales of Arcadia,TV Show,Yes,"Aug 7, 2020",1,5,,,,,
2020-08-08,7,-,-,Selling Sunset,TV Show,Yes,"Mar 22, 2019",1,4,tt9817298,Selling Sunset,Reality-TV,6.5,9114
2020-08-08,8,5,-,Dennis the Menace,Movie,,"Aug 1, 2020",3,12,tt0106701,Dennis the Menace,"Comedy,Family",5.7,68378
2020-08-08,9,6,-,Jurassic Park,Movie,,"Aug 1, 2020",4,16,tt0107290,Jurassic Park,"Action,Adventure,Sci-Fi",8.2,1153610
2020-08-08,10,10,5,The Last Dance,TV Show,Yes,"Jul 19, 2020",20,128,tt8420184,The Last Dance,"Biography,Documentary,History",9.0,175561
2020-08-09,1,1,1,The Umbrella Academy,TV Show,Yes,"Feb 15, 2019",9,90,tt1312171,The Umbrella Academy,"Action,Adventure,Comedy",7.8,309710
2020-08-09,2,2,-,Worldâs Most Wanted,TV Show,Yes,"Aug 5, 2020",4,35,,,,,
2020-08-09,3,3,-,The Seven Deadly Sins,TV Show,Yes,"Nov 1, 2015",3,24,tt3909224,The Seven Deadly Sins,"Action,Adventure,Animation",7.7,44269
2020-08-09,4,4,-,Work It,Movie,Yes,"Aug 7, 2020",2,14,tt10276470,Work It,"Comedy,Music",6.1,17469
2020-08-09,5,5,2,Shameless,TV Show,,"Jun 30, 2016",14,117,tt1586680,Shameless,"Comedy,Drama",8.5,324102
2020-08-09,6,6,-,Wizards: Tales of Arcadia,TV Show,Yes,"Aug 7, 2020",2,10,,,,,
2020-08-09,7,7,-,Selling Sunset,TV Show,Yes,"Mar 22, 2019",2,8,tt9817298,Selling Sunset,Reality-TV,6.5,9114
2020-08-09,8,8,-,Dennis the Menace,Movie,,"Aug 1, 2020",4,15,tt0106701,Dennis the Menace,"Comedy,Family",5.7,68378
2020-08-09,9,9,-,Jurassic Park,Movie,,"Aug 1, 2020",5,18,tt0107290,Jurassic Park,"Action,Adventure,Sci-Fi",8.2,1153610
2020-08-09,10,10,4,The Last Dance,TV Show,Yes,"Jul 19, 2020",21,129,tt8420184,The Last Dance,"Biography,Documentary,History",9.0,175561
2020-08-10,1,1,1,The Umbrella Academy,TV Show,Yes,"Feb 15, 2019",10,100,tt1312171,The Umbrella Academy,"Action,Adventure,Comedy",7.8,309710
2020-08-10,2,2,-,Worldâs Most Wanted,TV Show,Yes,"Aug 5, 2020",5,44,,,,,
2020-08-10,3,4,-,Work It,Movie,Yes,"Aug 7, 2020",3,22,tt10276470,Work It,"Comedy,Music",6.1,17469
2020-08-10,4,3,-,The Seven Deadly Sins,TV Show,Yes,"Nov 1, 2015",4,31,tt3909224,The Seven Deadly Sins,"Action,Adventure,Animation",7.7,44269
2020-08-10,5,5,2,Shameless,TV Show,,"Jun 30, 2016",15,123,tt1586680,Shameless,"Comedy,Drama",8.5,324102
2020-08-10,6,6,-,Wizards: Tales of Arcadia,TV Show,Yes,"Aug 7, 2020",3,15,,,,,
2020-08-10,7,7,-,Selling Sunset,TV Show,Yes,"Mar 22, 2019",3,12,tt9817298,Selling Sunset,Reality-TV,6.5,9114
2020-08-10,8,8,-,Dennis the Menace,Movie,,"Aug 1, 2020",5,18,tt0106701,Dennis the Menace,"Comedy,Family",5.7,68378
2020-08-10,9,9,-,Jurassic Park,Movie,,"Aug 1, 2020",6,20,tt0107290,Jurassic Park,"Action,Adventure,Sci-Fi",8.2,1153610
2020-08-10,10,10,4,The Last Dance,TV Show,Yes,"Jul 19, 2020",22,130,tt8420184,The Last Dance,"Biography,Documentary,History",9.0,175561
2020-08-11,1,1,1,The Umbrella Academy,TV Show,Yes,"Feb 15, 2019",11,110,tt1312171,The Umbrella Academy,"Action,Adventure,Comedy",7.8,309710
2020-08-11,2,-,-,The Lost Husband,Movie,,"Aug 10, 2020",1,9,tt4257940,The Lost Husband,"Drama,Romance",6.1,6373
2020-08-11,3,2,-,Worldâs Most Wanted,TV Show,Yes,"Aug 5, 2020",6,52,,,,,
2020-08-11,4,3,-,Work It,Movie,Yes,"Aug 7, 2020",4,29,tt10276470,Work It,"Comedy,Music",6.1,17469
2020-08-11,5,4,-,The Seven Deadly Sins,TV Show,Yes,"Nov 1, 2015",5,37,tt3909224,The Seven Deadly Sins,"Action,Adventure,Animation",7.7,44269
2020-08-11,6,5,2,Shameless,TV Show,,"Jun 30, 2016",16,128,tt1586680,Shameless,"Comedy,Drama",8.5,324102
2020-08-11,7,6,-,Wizards: Tales of Arcadia,TV Show,Yes,"Aug 7, 2020",4,19,,,,,
2020-08-11,8,7,-,Selling Sunset,TV Show,Yes,"Mar 22, 2019",4,15,tt9817298,Selling Sunset,Reality-TV,6.5,9114
2020-08-11,9,8,-,Dennis the Menace,Movie,,"Aug 1, 2020",6,20,tt0106701,Dennis the Menace,"Comedy,Family",5.7,68378
2020-08-11,10,-,-,Game On: A Comedy Crossover…,TV Show,Yes,"Aug 10, 2020",1,1,,,,,
2020-08-12,1,2,-,The Lost Husband,Movie,,"Aug 10, 2020",2,19,tt4257940,The Lost Husband,"Drama,Romance",6.1,6373
2020-08-12,2,1,1,The Umbrella Academy,TV Show,Yes,"Feb 15, 2019",12,119,tt1312171,The Umbrella Academy,"Action,Adventure,Comedy",7.8,309710
2020-08-12,3,3,-,Worldâs Most Wanted,TV Show,Yes,"Aug 5, 2020",7,60,,,,,
2020-08-12,4,5,-,The Seven Deadly Sins,TV Show,Yes,"Nov 1, 2015",6,44,tt3909224,The Seven Deadly Sins,"Action,Adventure,Animation",7.7,44269
2020-08-12,5,4,-,Work It,Movie,Yes,"Aug 7, 2020",5,35,tt10276470,Work It,"Comedy,Music",6.1,17469
2020-08-12,6,6,2,Shameless,TV Show,,"Jun 30, 2016",17,133,tt1586680,Shameless,"Comedy,Drama",8.5,324102
2020-08-12,7,10,-,Game On: A Comedy Crossover…,TV Show,Yes,"Aug 10, 2020",2,5,,,,,
2020-08-12,8,7,-,Wizards: Tales of Arcadia,TV Show,Yes,"Aug 7, 2020",5,22,,,,,
2020-08-12,9,8,-,Selling Sunset,TV Show,Yes,"Mar 22, 2019",5,17,tt9817298,Selling Sunset,Reality-TV,6.5,9114
2020-08-12,10,9,-,Dennis the Menace,Movie,,"Aug 1, 2020",7,21,tt0106701,Dennis the Menace,"Comedy,Family",5.7,68378
2020-08-13,1,1,-,The Lost Husband,Movie,,"Aug 10, 2020",3,29,tt4257940,The Lost Husband,"Drama,Romance",6.1,6373
2020-08-13,2,2,1,The Umbrella Academy,TV Show,Yes,"Feb 15, 2019",13,128,tt1312171,The Umbrella Academy,"Action,Adventure,Comedy",7.8,309710
2020-08-13,3,3,3,Worldâs Most Wanted,TV Show,Yes,"Aug 5, 2020",8,68,,,,,
2020-08-13,4,4,-,The Seven Deadly Sins,TV Show,Yes,"Nov 1, 2015",7,51,tt3909224,The Seven Deadly Sins,"Action,Adventure,Animation",7.7,44269
2020-08-13,5,6,2,Shameless,TV Show,,"Jun 30, 2016",18,139,tt1586680,Shameless,"Comedy,Drama",8.5,324102
2020-08-13,6,5,-,Work It,Movie,Yes,"Aug 7, 2020",6,40,tt10276470,Work It,"Comedy,Music",6.1,17469
2020-08-13,7,9,-,Selling Sunset,TV Show,Yes,"Mar 22, 2019",6,21,tt9817298,Selling Sunset,Reality-TV,6.5,9114
2020-08-13,8,10,8,Dennis the Menace,Movie,,"Aug 1, 2020",8,24,tt0106701,Dennis the Menace,"Comedy,Family",5.7,68378
2020-08-13,9,8,-,Wizards: Tales of Arcadia,TV Show,Yes,"Aug 7, 2020",6,24,,,,,
2020-08-13,10,-,-,Mr. Peabody & Sherman,Movie,,"Aug 11, 2020",1,1,tt0864835,Mr. Peabody & Sherman,"Adventure,Animation,Comedy",6.8,82839
2020-08-14,1,1,-,The Lost Husband,Movie,,"Aug 10, 2020",4,39,tt4257940,The Lost Husband,"Drama,Romance",6.1,6373
2020-08-14,2,2,1,The Umbrella Academy,TV Show,Yes,"Feb 15, 2019",14,137,tt1312171,The Umbrella Academy,"Action,Adventure,Comedy",7.8,309710
2020-08-14,3,10,-,Mr. Peabody & Sherman,Movie,,"Aug 11, 2020",2,9,tt0864835,Mr. Peabody & Sherman,"Adventure,Animation,Comedy",6.8,82839
2020-08-14,4,3,2,Worldâs Most Wanted,TV Show,Yes,"Aug 5, 2020",9,75,,,,,
2020-08-14,5,4,3,The Seven Deadly Sins,TV Show,Yes,"Nov 1, 2015",8,57,tt3909224,The Seven Deadly Sins,"Action,Adventure,Animation",7.7,44269
2020-08-14,6,5,4,Shameless,TV Show,,"Jun 30, 2016",19,144,tt1586680,Shameless,"Comedy,Drama",8.5,324102
2020-08-14,7,-,-,(Un)Well,TV Show,Yes,"Aug 12, 2020",1,4,tt12759384,(Un)Well,Documentary,6.4,1294
2020-08-14,8,6,-,Work It,Movie,Yes,"Aug 7, 2020",7,43,tt10276470,Work It,"Comedy,Music",6.1,17469
2020-08-14,9,7,-,Selling Sunset,TV Show,Yes,"Mar 22, 2019",7,23,tt9817298,Selling Sunset,Reality-TV,6.5,9114
2020-08-14,10,8,5,Dennis the Menace,Movie,,"Aug 1, 2020",9,25,tt0106701,Dennis the Menace,"Comedy,Family",5.7,68378
2020-08-15,1,-,-,Project Power,Movie,Yes,"Aug 14, 2020",1,10,tt7550000,Project Power,"Action,Crime,Sci-Fi",6.0,102587
2020-08-15,2,1,-,The Lost Husband,Movie,,"Aug 10, 2020",5,48,tt4257940,The Lost Husband,"Drama,Romance",6.1,6373
2020-08-15,3,2,1,The Umbrella Academy,TV Show,Yes,"Feb 15, 2019",15,145,tt1312171,The Umbrella Academy,"Action,Adventure,Comedy",7.8,309710
2020-08-15,4,3,-,Mr. Peabody & Sherman,Movie,,"Aug 11, 2020",3,16,tt0864835,Mr. Peabody & Sherman,"Adventure,Animation,Comedy",6.8,82839
2020-08-15,5,-,-,The Legend of Korra,TV Show,,"Aug 14, 2020",1,6,tt1695360,The Legend of Korra,"Action,Adventure,Animation",8.3,147768
2020-08-15,6,5,3,The Seven Deadly Sins,TV Show,Yes,"Nov 1, 2015",9,62,tt3909224,The Seven Deadly Sins,"Action,Adventure,Animation",7.7,44269
2020-08-15,7,7,-,(Un)Well,TV Show,Yes,"Aug 12, 2020",2,8,tt12759384,(Un)Well,Documentary,6.4,1294
2020-08-15,8,6,5,Shameless,TV Show,,"Jun 30, 2016",20,147,tt1586680,Shameless,"Comedy,Drama",8.5,324102
2020-08-15,9,-,-,Teenage Bounty Hunters,TV Show,Yes,"Aug 14, 2020",1,2,tt10584608,Teenage Bounty Hunters,"Comedy,Crime,Drama",7.6,15572
2020-08-15,10,4,2,Worldâs Most Wanted,TV Show,Yes,"Aug 5, 2020",10,76,,,,,
2020-08-16,1,1,-,Project Power,Movie,Yes,"Aug 14, 2020",2,20,tt7550000,Project Power,"Action,Crime,Sci-Fi",6.0,102587
2020-08-16,2,5,-,The Legend of Korra,TV Show,,"Aug 14, 2020",2,15,tt1695360,The Legend of Korra,"Action,Adventure,Animation",8.3,147768
2020-08-16,3,2,-,The Lost Husband,Movie,,"Aug 10, 2020",6,56,tt4257940,The Lost Husband,"Drama,Romance",6.1,6373
2020-08-16,4,3,1,The Umbrella Academy,TV Show,Yes,"Feb 15, 2019",16,152,tt1312171,The Umbrella Academy,"Action,Adventure,Comedy",7.8,309710
2020-08-16,5,4,-,Mr. Peabody & Sherman,Movie,,"Aug 11, 2020",4,22,tt0864835,Mr. Peabody & Sherman,"Adventure,Animation,Comedy",6.8,82839
2020-08-16,6,9,-,Teenage Bounty Hunters,TV Show,Yes,"Aug 14, 2020",2,7,tt10584608,Teenage Bounty Hunters,"Comedy,Crime,Drama",7.6,15572
2020-08-16,7,7,-,(Un)Well,TV Show,Yes,"Aug 12, 2020",3,12,tt12759384,(Un)Well,Documentary,6.4,1294
2020-08-16,8,10,2,Worldâs Most Wanted,TV Show,Yes,"Aug 5, 2020",11,79,,,,,
2020-08-16,9,8,5,Shameless,TV Show,,"Jun 30, 2016",21,149,tt1586680,Shameless,"Comedy,Drama",8.5,324102
2020-08-16,10,6,3,The Seven Deadly Sins,TV Show,Yes,"Nov 1, 2015",10,63,tt3909224,The Seven Deadly Sins,"Action,Adventure,Animation",7.7,44269
2020-08-17,1,1,-,Project Power,Movie,Yes,"Aug 14, 2020",3,30,tt7550000,Project Power,"Action,Crime,Sci-Fi",6.0,102587
2020-08-17,2,2,-,The Legend of Korra,TV Show,,"Aug 14, 2020",3,24,tt1695360,The Legend of Korra,"Action,Adventure,Animation",8.3,147768
2020-08-17,3,3,-,The Lost Husband,Movie,,"Aug 10, 2020",7,64,tt4257940,The Lost Husband,"Drama,Romance",6.1,6373
2020-08-17,4,4,1,The Umbrella Academy,TV Show,Yes,"Feb 15, 2019",17,159,tt1312171,The Umbrella Academy,"Action,Adventure,Comedy",7.8,309710
2020-08-17,5,6,-,Teenage Bounty Hunters,TV Show,Yes,"Aug 14, 2020",3,13,tt10584608,Teenage Bounty Hunters,"Comedy,Crime,Drama",7.6,15572
2020-08-17,6,5,-,Mr. Peabody & Sherman,Movie,,"Aug 11, 2020",5,27,tt0864835,Mr. Peabody & Sherman,"Adventure,Animation,Comedy",6.8,82839
2020-08-17,7,7,-,(Un)Well,TV Show,Yes,"Aug 12, 2020",4,16,tt12759384,(Un)Well,Documentary,6.4,1294
2020-08-17,8,9,5,Shameless,TV Show,,"Jun 30, 2016",22,152,tt1586680,Shameless,"Comedy,Drama",8.5,324102
2020-08-17,9,8,2,Worldâs Most Wanted,TV Show,Yes,"Aug 5, 2020",12,81,,,,,
2020-08-17,10,10,4,The Seven Deadly Sins,TV Show,Yes,"Nov 1, 2015",11,64,tt3909224,The Seven Deadly Sins,"Action,Adventure,Animation",7.7,44269
2020-08-18,1,1,-,Project Power,Movie,Yes,"Aug 14, 2020",4,40,tt7550000,Project Power,"Action,Crime,Sci-Fi",6.0,102587
2020-08-18,2,2,-,The Legend of Korra,TV Show,,"Aug 14, 2020",4,33,tt1695360,The Legend of Korra,"Action,Adventure,Animation",8.3,147768
2020-08-18,3,4,1,The Umbrella Academy,TV Show,Yes,"Feb 15, 2019",18,167,tt1312171,The Umbrella Academy,"Action,Adventure,Comedy",7.8,309710
2020-08-18,4,5,-,Teenage Bounty Hunters,TV Show,Yes,"Aug 14, 2020",4,20,tt10584608,Teenage Bounty Hunters,"Comedy,Crime,Drama",7.6,15572
2020-08-18,5,6,-,Mr. Peabody & Sherman,Movie,,"Aug 11, 2020",6,33,tt0864835,Mr. Peabody & Sherman,"Adventure,Animation,Comedy",6.8,82839
2020-08-18,6,3,2,The Lost Husband,Movie,,"Aug 10, 2020",8,69,tt4257940,The Lost Husband,"Drama,Romance",6.1,6373
2020-08-18,7,7,-,(Un)Well,TV Show,Yes,"Aug 12, 2020",5,20,tt12759384,(Un)Well,Documentary,6.4,1294
2020-08-18,8,8,6,Shameless,TV Show,,"Jun 30, 2016",23,155,tt1586680,Shameless,"Comedy,Drama",8.5,324102
2020-08-18,9,10,5,The Seven Deadly Sins,TV Show,Yes,"Nov 1, 2015",12,66,tt3909224,The Seven Deadly Sins,"Action,Adventure,Animation",7.7,44269
2020-08-18,10,-,-,Glow Up,TV Show,Yes,"Dec 6, 2019",1,1,tt16967344,Glow Up,Reality-TV,3.1,84
2020-08-19,1,1,-,Project Power,Movie,Yes,"Aug 14, 2020",5,50,tt7550000,Project Power,"Action,Crime,Sci-Fi",6.0,102587
2020-08-19,2,2,-,The Legend of Korra,TV Show,,"Aug 14, 2020",5,42,tt1695360,The Legend of Korra,"Action,Adventure,Animation",8.3,147768
2020-08-19,3,3,2,The Umbrella Academy,TV Show,Yes,"Feb 15, 2019",19,175,tt1312171,The Umbrella Academy,"Action,Adventure,Comedy",7.8,309710
2020-08-19,4,4,-,Teenage Bounty Hunters,TV Show,Yes,"Aug 14, 2020",5,27,tt10584608,Teenage Bounty Hunters,"Comedy,Crime,Drama",7.6,15572
2020-08-19,5,5,-,Mr. Peabody & Sherman,Movie,,"Aug 11, 2020",7,39,tt0864835,Mr. Peabody & Sherman,"Adventure,Animation,Comedy",6.8,82839
2020-08-19,6,6,1,The Lost Husband,Movie,,"Aug 10, 2020",9,74,tt4257940,The Lost Husband,"Drama,Romance",6.1,6373
2020-08-19,7,7,-,(Un)Well,TV Show,Yes,"Aug 12, 2020",6,24,tt12759384,(Un)Well,Documentary,6.4,1294
2020-08-19,8,8,6,Shameless,TV Show,,"Jun 30, 2016",24,158,tt1586680,Shameless,"Comedy,Drama",8.5,324102
2020-08-19,9,-,-,The Game,TV Show,,"Sep 15, 2014",1,2,tt0119174,The Game,"Drama,Mystery,Thriller",7.7,462419
2020-08-19,10,10,-,Glow Up,TV Show,Yes,"Dec 6, 2019",2,2,tt16967344,Glow Up,Reality-TV,3.1,84
2020-08-20,1,1,-,Project Power,Movie,Yes,"Aug 14, 2020",6,60,tt7550000,Project Power,"Action,Crime,Sci-Fi",6.0,102587
2020-08-20,2,2,-,The Legend of Korra,TV Show,,"Aug 14, 2020",6,51,tt1695360,The Legend of Korra,"Action,Adventure,Animation",8.3,147768
2020-08-20,3,3,2,The Umbrella Academy,TV Show,Yes,"Feb 15, 2019",20,183,tt1312171,The Umbrella Academy,"Action,Adventure,Comedy",7.8,309710
2020-08-20,4,4,-,Teenage Bounty Hunters,TV Show,Yes,"Aug 14, 2020",6,34,tt10584608,Teenage Bounty Hunters,"Comedy,Crime,Drama",7.6,15572
2020-08-20,5,5,10,Mr. Peabody & Sherman,Movie,,"Aug 11, 2020",8,45,tt0864835,Mr. Peabody & Sherman,"Adventure,Animation,Comedy",6.8,82839
2020-08-20,6,-,-,High Score,TV Show,Yes,"Aug 19, 2020",1,5,tt12759400,High Score,Documentary,7.4,9281
2020-08-20,7,6,1,The Lost Husband,Movie,,"Aug 10, 2020",10,78,tt4257940,The Lost Husband,"Drama,Romance",6.1,6373
2020-08-20,8,9,-,The Game,TV Show,,"Sep 15, 2014",2,5,tt0119174,The Game,"Drama,Mystery,Thriller",7.7,462419
2020-08-20,9,8,5,Shameless,TV Show,,"Jun 30, 2016",25,160,tt1586680,Shameless,"Comedy,Drama",8.5,324102
2020-08-20,10,-,-,Drunk Parents,Movie,,"Aug 17, 2020",1,1,tt5037840,Drunk Parents,Comedy,4.0,8188
2020-08-21,1,1,-,Project Power,Movie,Yes,"Aug 14, 2020",7,70,tt7550000,Project Power,"Action,Crime,Sci-Fi",6.0,102587
2020-08-21,2,2,-,The Legend of Korra,TV Show,,"Aug 14, 2020",7,60,tt1695360,The Legend of Korra,"Action,Adventure,Animation",8.3,147768
2020-08-21,3,3,2,The Umbrella Academy,TV Show,Yes,"Feb 15, 2019",21,191,tt1312171,The Umbrella Academy,"Action,Adventure,Comedy",7.8,309710
2020-08-21,4,4,-,Teenage Bounty Hunters,TV Show,Yes,"Aug 14, 2020",7,41,tt10584608,Teenage Bounty Hunters,"Comedy,Crime,Drama",7.6,15572
2020-08-21,5,6,-,High Score,TV Show,Yes,"Aug 19, 2020",2,11,tt12759400,High Score,Documentary,7.4,9281
2020-08-21,6,5,3,Mr. Peabody & Sherman,Movie,,"Aug 11, 2020",9,50,tt0864835,Mr. Peabody & Sherman,"Adventure,Animation,Comedy",6.8,82839
2020-08-21,7,10,-,Drunk Parents,Movie,,"Aug 17, 2020",2,5,tt5037840,Drunk Parents,Comedy,4.0,8188
2020-08-21,8,8,-,The Game,TV Show,,"Sep 15, 2014",3,8,tt0119174,The Game,"Drama,Mystery,Thriller",7.7,462419
2020-08-21,9,7,1,The Lost Husband,Movie,,"Aug 10, 2020",11,80,tt4257940,The Lost Husband,"Drama,Romance",6.1,6373
2020-08-21,10,9,6,Shameless,TV Show,,"Jun 30, 2016",26,161,tt1586680,Shameless,"Comedy,Drama",8.5,324102
2020-08-22,1,-,-,Lucifer,TV Show,,"Dec 15, 2018",1,10,tt4052886,Lucifer,"Crime,Drama,Fantasy",8.0,384482
2020-08-22,2,1,1,Project Power,Movie,Yes,"Aug 14, 2020",8,79,tt7550000,Project Power,"Action,Crime,Sci-Fi",6.0,102587
2020-08-22,3,2,5,The Legend of Korra,TV Show,,"Aug 14, 2020",8,68,tt1695360,The Legend of Korra,"Action,Adventure,Animation",8.3,147768
2020-08-22,4,7,-,Drunk Parents,Movie,,"Aug 17, 2020",3,12,tt5037840,Drunk Parents,Comedy,4.0,8188
2020-08-22,5,3,3,The Umbrella Academy,TV Show,Yes,"Feb 15, 2019",22,197,tt1312171,The Umbrella Academy,"Action,Adventure,Comedy",7.8,309710
2020-08-22,6,5,-,High Score,TV Show,Yes,"Aug 19, 2020",3,16,tt12759400,High Score,Documentary,7.4,9281
2020-08-22,7,-,-,The Sleepover,Movie,Yes,"Aug 21, 2020",1,4,tt10888708,The Sleepover,"Action,Adventure,Comedy",5.7,13104
2020-08-22,8,6,4,Mr. Peabody & Sherman,Movie,,"Aug 11, 2020",10,53,tt0864835,Mr. Peabody & Sherman,"Adventure,Animation,Comedy",6.8,82839
2020-08-22,9,4,9,Teenage Bounty Hunters,TV Show,Yes,"Aug 14, 2020",8,43,tt10584608,Teenage Bounty Hunters,"Comedy,Crime,Drama",7.6,15572
2020-08-22,10,-,-,Rust Valley Restorers,TV Show,Yes,"Aug 23, 2019",1,1,tt9498102,Rust Valley Restorers,"Documentary,Reality-TV",7.7,3643
2020-08-23,1,1,-,Lucifer,TV Show,,"Dec 15, 2018",2,20,tt4052886,Lucifer,"Crime,Drama,Fantasy",8.0,384482
2020-08-23,2,2,1,Project Power,Movie,Yes,"Aug 14, 2020",9,88,tt7550000,Project Power,"Action,Crime,Sci-Fi",6.0,102587
2020-08-23,3,7,-,The Sleepover,Movie,Yes,"Aug 21, 2020",2,12,tt10888708,The Sleepover,"Action,Adventure,Comedy",5.7,13104
2020-08-23,4,4,-,Drunk Parents,Movie,,"Aug 17, 2020",4,19,tt5037840,Drunk Parents,Comedy,4.0,8188
2020-08-23,5,3,2,The Legend of Korra,TV Show,,"Aug 14, 2020",9,74,tt1695360,The Legend of Korra,"Action,Adventure,Animation",8.3,147768
2020-08-23,6,5,4,The Umbrella Academy,TV Show,Yes,"Feb 15, 2019",23,202,tt1312171,The Umbrella Academy,"Action,Adventure,Comedy",7.8,309710
2020-08-23,7,6,-,High Score,TV Show,Yes,"Aug 19, 2020",4,20,tt12759400,High Score,Documentary,7.4,9281
2020-08-23,8,8,5,Mr. Peabody & Sherman,Movie,,"Aug 11, 2020",11,56,tt0864835,Mr. Peabody & Sherman,"Adventure,Animation,Comedy",6.8,82839
2020-08-23,9,-,-,Hoops,TV Show,Yes,"Aug 21, 2020",1,2,tt9077562,Hoops,"Animation,Comedy,Sport",6.0,7920
2020-08-23,10,10,-,Rust Valley Restorers,TV Show,Yes,"Aug 23, 2019",2,2,tt9498102,Rust Valley Restorers,"Documentary,Reality-TV",7.7,3643
2020-08-24,1,1,-,Lucifer,TV Show,,"Dec 15, 2018",3,30,tt4052886,Lucifer,"Crime,Drama,Fantasy",8.0,384482
2020-08-24,2,2,1,Project Power,Movie,Yes,"Aug 14, 2020",10,97,tt7550000,Project Power,"Action,Crime,Sci-Fi",6.0,102587
2020-08-24,3,4,-,Drunk Parents,Movie,,"Aug 17, 2020",5,27,tt5037840,Drunk Parents,Comedy,4.0,8188
2020-08-24,4,3,-,The Sleepover,Movie,Yes,"Aug 21, 2020",3,19,tt10888708,The Sleepover,"Action,Adventure,Comedy",5.7,13104
2020-08-24,5,6,4,The Umbrella Academy,TV Show,Yes,"Feb 15, 2019",24,208,tt1312171,The Umbrella Academy,"Action,Adventure,Comedy",7.8,309710
2020-08-24,6,5,2,The Legend of Korra,TV Show,,"Aug 14, 2020",10,79,tt1695360,The Legend of Korra,"Action,Adventure,Animation",8.3,147768
2020-08-24,7,7,-,High Score,TV Show,Yes,"Aug 19, 2020",5,24,tt12759400,High Score,Documentary,7.4,9281
2020-08-24,8,9,-,Hoops,TV Show,Yes,"Aug 21, 2020",2,5,tt9077562,Hoops,"Animation,Comedy,Sport",6.0,7920
2020-08-24,9,8,6,Mr. Peabody & Sherman,Movie,,"Aug 11, 2020",12,58,tt0864835,Mr. Peabody & Sherman,"Adventure,Animation,Comedy",6.8,82839
2020-08-24,10,10,-,Rust Valley Restorers,TV Show,Yes,"Aug 23, 2019",3,3,tt9498102,Rust Valley Restorers,"Documentary,Reality-TV",7.7,3643
2020-08-25,1,1,-,Lucifer,TV Show,,"Dec 15, 2018",4,40,tt4052886,Lucifer,"Crime,Drama,Fantasy",8.0,384482
2020-08-25,2,2,1,Project Power,Movie,Yes,"Aug 14, 2020",11,106,tt7550000,Project Power,"Action,Crime,Sci-Fi",6.0,102587
2020-08-25,3,3,-,Drunk Parents,Movie,,"Aug 17, 2020",6,35,tt5037840,Drunk Parents,Comedy,4.0,8188
2020-08-25,4,5,3,The Umbrella Academy,TV Show,Yes,"Feb 15, 2019",25,215,tt1312171,The Umbrella Academy,"Action,Adventure,Comedy",7.8,309710
2020-08-25,5,8,-,Hoops,TV Show,Yes,"Aug 21, 2020",3,11,tt9077562,Hoops,"Animation,Comedy,Sport",6.0,7920
2020-08-25,6,4,-,The Sleepover,Movie,Yes,"Aug 21, 2020",4,24,tt10888708,The Sleepover,"Action,Adventure,Comedy",5.7,13104
2020-08-25,7,6,2,The Legend of Korra,TV Show,,"Aug 14, 2020",11,83,tt1695360,The Legend of Korra,"Action,Adventure,Animation",8.3,147768
2020-08-25,8,-,-,1BR,Movie,,"Aug 23, 2020",1,3,tt7541106,1BR,"Drama,Horror,Thriller",5.8,16753
2020-08-25,9,7,-,High Score,TV Show,Yes,"Aug 19, 2020",6,26,tt12759400,High Score,Documentary,7.4,9281
2020-08-25,10,9,5,Mr. Peabody & Sherman,Movie,,"Aug 11, 2020",13,59,tt0864835,Mr. Peabody & Sherman,"Adventure,Animation,Comedy",6.8,82839
2020-08-26,1,1,-,Lucifer,TV Show,,"Dec 15, 2018",5,50,tt4052886,Lucifer,"Crime,Drama,Fantasy",8.0,384482
2020-08-26,2,4,3,The Umbrella Academy,TV Show,Yes,"Feb 15, 2019",26,224,tt1312171,The Umbrella Academy,"Action,Adventure,Comedy",7.8,309710
2020-08-26,3,5,-,Hoops,TV Show,Yes,"Aug 21, 2020",4,19,tt9077562,Hoops,"Animation,Comedy,Sport",6.0,7920
2020-08-26,4,2,1,Project Power,Movie,Yes,"Aug 14, 2020",12,113,tt7550000,Project Power,"Action,Crime,Sci-Fi",6.0,102587
2020-08-26,5,3,-,Drunk Parents,Movie,,"Aug 17, 2020",7,41,tt5037840,Drunk Parents,Comedy,4.0,8188
2020-08-26,6,7,2,The Legend of Korra,TV Show,,"Aug 14, 2020",12,88,tt1695360,The Legend of Korra,"Action,Adventure,Animation",8.3,147768
2020-08-26,7,6,-,The Sleepover,Movie,Yes,"Aug 21, 2020",5,28,tt10888708,The Sleepover,"Action,Adventure,Comedy",5.7,13104
2020-08-26,8,8,-,1BR,Movie,,"Aug 23, 2020",2,6,tt7541106,1BR,"Drama,Horror,Thriller",5.8,16753
2020-08-26,9,-,-,Trinkets,TV Show,Yes,"Jun 14, 2019",1,2,tt9134194,Trinkets,"Comedy,Crime,Drama",7.0,14443
2020-08-26,10,9,-,High Score,TV Show,Yes,"Aug 19, 2020",7,27,tt12759400,High Score,Documentary,7.4,9281
2020-08-27,1,1,-,Lucifer,TV Show,,"Dec 15, 2018",6,60,tt4052886,Lucifer,"Crime,Drama,Fantasy",8.0,384482
2020-08-27,2,3,-,Hoops,TV Show,Yes,"Aug 21, 2020",5,28,tt9077562,Hoops,"Animation,Comedy,Sport",6.0,7920
2020-08-27,3,2,3,The Umbrella Academy,TV Show,Yes,"Feb 15, 2019",27,232,tt1312171,The Umbrella Academy,"Action,Adventure,Comedy",7.8,309710
2020-08-27,4,4,1,Project Power,Movie,Yes,"Aug 14, 2020",13,120,tt7550000,Project Power,"Action,Crime,Sci-Fi",6.0,102587
2020-08-27,5,-,-,Million Dollar Beach House,TV Show,Yes,"Aug 26, 2020",1,6,tt12882136,Million Dollar Beach House,Reality-TV,4.3,929
2020-08-27,6,9,-,Trinkets,TV Show,Yes,"Jun 14, 2019",2,7,tt9134194,Trinkets,"Comedy,Crime,Drama",7.0,14443
2020-08-27,7,8,-,1BR,Movie,,"Aug 23, 2020",3,10,tt7541106,1BR,"Drama,Horror,Thriller",5.8,16753
2020-08-27,8,6,2,The Legend of Korra,TV Show,,"Aug 14, 2020",13,91,tt1695360,The Legend of Korra,"Action,Adventure,Animation",8.3,147768
2020-08-27,9,5,10,Drunk Parents,Movie,,"Aug 17, 2020",8,43,tt5037840,Drunk Parents,Comedy,4.0,8188
2020-08-27,10,7,-,The Sleepover,Movie,Yes,"Aug 21, 2020",6,29,tt10888708,The Sleepover,"Action,Adventure,Comedy",5.7,13104
2020-08-28,1,1,-,Lucifer,TV Show,,"Dec 15, 2018",7,70,tt4052886,Lucifer,"Crime,Drama,Fantasy",8.0,384482
2020-08-28,2,5,-,Million Dollar Beach House,TV Show,Yes,"Aug 26, 2020",2,15,tt12882136,Million Dollar Beach House,Reality-TV,4.3,929
2020-08-28,3,2,-,Hoops,TV Show,Yes,"Aug 21, 2020",6,36,tt9077562,Hoops,"Animation,Comedy,Sport",6.0,7920
2020-08-28,4,-,-,Bunkâd,TV Show,,"Jun 19, 2016",1,7,,,,,
2020-08-28,5,3,3,The Umbrella Academy,TV Show,Yes,"Feb 15, 2019",28,238,tt1312171,The Umbrella Academy,"Action,Adventure,Comedy",7.8,309710
2020-08-28,6,7,-,1BR,Movie,,"Aug 23, 2020",4,15,tt7541106,1BR,"Drama,Horror,Thriller",5.8,16753
2020-08-28,7,4,1,Project Power,Movie,Yes,"Aug 14, 2020",14,124,tt7550000,Project Power,"Action,Crime,Sci-Fi",6.0,102587
2020-08-28,8,6,-,Trinkets,TV Show,Yes,"Jun 14, 2019",3,10,tt9134194,Trinkets,"Comedy,Crime,Drama",7.0,14443
2020-08-28,9,-,-,Cocomelon,TV Show,,"Jun 1, 2020",1,2,tt12427840,Cocomelon,"Adventure,Animation,Family",3.6,1419
2020-08-28,10,8,2,The Legend of Korra,TV Show,,"Aug 14, 2020",14,92,tt1695360,The Legend of Korra,"Action,Adventure,Animation",8.3,147768
2020-08-29,1,-,-,Cobra Kai,TV Show,,"Aug 28, 2020",1,10,tt7221388,Cobra Kai,"Action,Comedy,Drama",8.4,237505
2020-08-29,2,1,1,Lucifer,TV Show,,"Dec 15, 2018",8,79,tt4052886,Lucifer,"Crime,Drama,Fantasy",8.0,384482
2020-08-29,3,2,-,Million Dollar Beach House,TV Show,Yes,"Aug 26, 2020",3,23,tt12882136,Million Dollar Beach House,Reality-TV,4.3,929
2020-08-29,4,-,-,I Am a Killer Released,TV Show,Yes,"Aug 28, 2020",1,7,,,,,
2020-08-29,5,4,-,Bunkâd,TV Show,,"Jun 19, 2016",2,13,,,,,
2020-08-29,6,3,-,Hoops,TV Show,Yes,"Aug 21, 2020",7,41,tt9077562,Hoops,"Animation,Comedy,Sport",6.0,7920
2020-08-29,7,5,5,The Umbrella Academy,TV Show,Yes,"Feb 15, 2019",29,242,tt1312171,The Umbrella Academy,"Action,Adventure,Comedy",7.8,309710
2020-08-29,8,7,2,Project Power,Movie,Yes,"Aug 14, 2020",15,127,tt7550000,Project Power,"Action,Crime,Sci-Fi",6.0,102587
2020-08-29,9,9,-,Cocomelon,TV Show,,"Jun 1, 2020",2,4,tt12427840,Cocomelon,"Adventure,Animation,Family",3.6,1419
2020-08-29,10,6,-,1BR,Movie,,"Aug 23, 2020",5,16,tt7541106,1BR,"Drama,Horror,Thriller",5.8,16753
2020-08-30,1,1,-,Cobra Kai,TV Show,,"Aug 28, 2020",2,20,tt7221388,Cobra Kai,"Action,Comedy,Drama",8.4,237505
2020-08-30,2,2,1,Lucifer,TV Show,,"Dec 15, 2018",9,88,tt4052886,Lucifer,"Crime,Drama,Fantasy",8.0,384482
2020-08-30,3,4,-,I Am a Killer Released,TV Show,Yes,"Aug 28, 2020",2,15,,,,,
2020-08-30,4,3,-,Million Dollar Beach House,TV Show,Yes,"Aug 26, 2020",4,30,tt12882136,Million Dollar Beach House,Reality-TV,4.3,929
2020-08-30,5,-,-,The Frozen Ground,Movie,,"Aug 27, 2020",1,6,tt2005374,The Frozen Ground,"Biography,Crime,Drama",6.4,71896
2020-08-30,6,5,-,Bunkâd,TV Show,,"Jun 19, 2016",3,18,,,,,
2020-08-30,7,7,6,The Umbrella Academy,TV Show,Yes,"Feb 15, 2019",30,246,tt1312171,The Umbrella Academy,"Action,Adventure,Comedy",7.8,309710
2020-08-30,8,8,2,Project Power,Movie,Yes,"Aug 14, 2020",16,130,tt7550000,Project Power,"Action,Crime,Sci-Fi",6.0,102587
2020-08-30,9,9,-,Cocomelon,TV Show,,"Jun 1, 2020",3,6,tt12427840,Cocomelon,"Adventure,Animation,Family",3.6,1419
2020-08-30,10,6,9,Hoops,TV Show,Yes,"Aug 21, 2020",8,42,tt9077562,Hoops,"Animation,Comedy,Sport",6.0,7920
2020-08-31,1,1,-,Cobra Kai,TV Show,,"Aug 28, 2020",3,30,tt7221388,Cobra Kai,"Action,Comedy,Drama",8.4,237505
2020-08-31,2,5,-,The Frozen Ground,Movie,,"Aug 27, 2020",2,15,tt2005374,The Frozen Ground,"Biography,Crime,Drama",6.4,71896
2020-08-31,3,2,1,Lucifer,TV Show,,"Dec 15, 2018",10,96,tt4052886,Lucifer,"Crime,Drama,Fantasy",8.0,384482
2020-08-31,4,3,-,I Am a Killer Released,TV Show,Yes,"Aug 28, 2020",3,22,,,,,
2020-08-31,5,4,-,Million Dollar Beach House,TV Show,Yes,"Aug 26, 2020",5,36,tt12882136,Million Dollar Beach House,Reality-TV,4.3,929
2020-08-31,6,7,5,The Umbrella Academy,TV Show,Yes,"Feb 15, 2019",31,251,tt1312171,The Umbrella Academy,"Action,Adventure,Comedy",7.8,309710
2020-08-31,7,8,2,Project Power,Movie,Yes,"Aug 14, 2020",17,134,tt7550000,Project Power,"Action,Crime,Sci-Fi",6.0,102587
2020-08-31,8,6,-,Bunkâd,TV Show,,"Jun 19, 2016",4,21,,,,,
2020-08-31,9,9,-,Cocomelon,TV Show,,"Jun 1, 2020",4,8,tt12427840,Cocomelon,"Adventure,Animation,Family",3.6,1419
2020-08-31,10,10,8,Hoops,TV Show,Yes,"Aug 21, 2020",9,43,tt9077562,Hoops,"Animation,Comedy,Sport",6.0,7920
2020-09-01,1,1,-,Cobra Kai,TV Show,,"Aug 28, 2020",4,40,tt7221388,Cobra Kai,"Action,Comedy,Drama",8.4,237505
2020-09-01,2,2,-,The Frozen Ground,Movie,,"Aug 27, 2020",3,24,tt2005374,The Frozen Ground,"Biography,Crime,Drama",6.4,71896
2020-09-01,3,3,1,Lucifer,TV Show,,"Dec 15, 2018",11,104,tt4052886,Lucifer,"Crime,Drama,Fantasy",8.0,384482
2020-09-01,4,5,-,Million Dollar Beach House,TV Show,Yes,"Aug 26, 2020",6,43,tt12882136,Million Dollar Beach House,Reality-TV,4.3,929
2020-09-01,5,4,-,I Am a Killer Released,TV Show,Yes,"Aug 28, 2020",4,28,,,,,
2020-09-01,6,9,-,Cocomelon,TV Show,,"Jun 1, 2020",5,13,tt12427840,Cocomelon,"Adventure,Animation,Family",3.6,1419
2020-09-01,7,6,4,The Umbrella Academy,TV Show,Yes,"Feb 15, 2019",32,255,tt1312171,The Umbrella Academy,"Action,Adventure,Comedy",7.8,309710
2020-09-01,8,8,-,Bunkâd,TV Show,,"Jun 19, 2016",5,24,,,,,
2020-09-01,9,-,-,Quantum of Solace,Movie,,"Aug 31, 2020",1,2,tt0830515,Quantum of Solace,"Action,Adventure,Mystery",6.5,490304
2020-09-01,10,10,5,Hoops,TV Show,Yes,"Aug 21, 2020",10,44,tt9077562,Hoops,"Animation,Comedy,Sport",6.0,7920
2020-09-02,1,1,-,Cobra Kai,TV Show,,"Aug 28, 2020",5,50,tt7221388,Cobra Kai,"Action,Comedy,Drama",8.4,237505
2020-09-02,2,-,-,The Smurfs,Movie,,"Sep 1, 2020",1,9,tt0472181,The Smurfs,"Adventure,Animation,Comedy",5.4,102851
2020-09-02,3,-,-,"Sister, Sister",TV Show,,"Sep 1, 2020",1,8,tt0108927,"Sister, Sister","Comedy,Drama,Family",6.3,14472
2020-09-02,4,3,1,Lucifer,TV Show,,"Dec 15, 2018",12,111,tt4052886,Lucifer,"Crime,Drama,Fantasy",8.0,384482
2020-09-02,5,2,-,The Frozen Ground,Movie,,"Aug 27, 2020",4,30,tt2005374,The Frozen Ground,"Biography,Crime,Drama",6.4,71896
2020-09-02,6,9,-,Quantum of Solace,Movie,,"Aug 31, 2020",2,7,tt0830515,Quantum of Solace,"Action,Adventure,Mystery",6.5,490304
2020-09-02,7,6,-,Cocomelon,TV Show,,"Jun 1, 2020",6,17,tt12427840,Cocomelon,"Adventure,Animation,Family",3.6,1419
2020-09-02,8,4,-,Million Dollar Beach House,TV Show,Yes,"Aug 26, 2020",7,46,tt12882136,Million Dollar Beach House,Reality-TV,4.3,929
2020-09-02,9,7,2,The Umbrella Academy,TV Show,Yes,"Feb 15, 2019",33,257,tt1312171,The Umbrella Academy,"Action,Adventure,Comedy",7.8,309710
2020-09-02,10,-,-,Due Date,Movie,,"Sep 1, 2020",1,1,tt1231583,Due Date,"Comedy,Drama",6.5,368777
2020-09-03,1,1,-,Cobra Kai,TV Show,,"Aug 28, 2020",6,60,tt7221388,Cobra Kai,"Action,Comedy,Drama",8.4,237505
2020-09-03,2,2,-,The Smurfs,Movie,,"Sep 1, 2020",2,18,tt0472181,The Smurfs,"Adventure,Animation,Comedy",5.4,102851
2020-09-03,3,3,-,"Sister, Sister",TV Show,,"Sep 1, 2020",2,16,tt0108927,"Sister, Sister","Comedy,Drama,Family",6.3,14472
2020-09-03,4,10,-,Due Date,Movie,,"Sep 1, 2020",2,8,tt1231583,Due Date,"Comedy,Drama",6.5,368777
2020-09-03,5,4,1,Lucifer,TV Show,,"Dec 15, 2018",13,117,tt4052886,Lucifer,"Crime,Drama,Fantasy",8.0,384482
2020-09-03,6,5,-,The Frozen Ground,Movie,,"Aug 27, 2020",5,35,tt2005374,The Frozen Ground,"Biography,Crime,Drama",6.4,71896
2020-09-03,7,-,-,The Boss Baby: Get That Baby,Movie,Yes,"Sep 1, 2020",1,4,,,,,
2020-09-03,8,7,-,Cocomelon,TV Show,,"Jun 1, 2020",7,20,tt12427840,Cocomelon,"Adventure,Animation,Family",3.6,1419
2020-09-03,9,-,-,Chefâs Table: BBQ,TV Show,Yes,"Sep 2, 2020",1,2,,,,,
2020-09-03,10,9,3,The Umbrella Academy,TV Show,Yes,"Feb 15, 2019",34,258,tt1312171,The Umbrella Academy,"Action,Adventure,Comedy",7.8,309710
2020-09-04,1,1,-,Cobra Kai,TV Show,,"Aug 28, 2020",7,70,tt7221388,Cobra Kai,"Action,Comedy,Drama",8.4,237505
2020-09-04,2,2,-,The Smurfs,Movie,,"Sep 1, 2020",3,27,tt0472181,The Smurfs,"Adventure,Animation,Comedy",5.4,102851
2020-09-04,3,-,-,"Love, Guaranteed",Movie,Yes,"Sep 3, 2020",1,8,tt11100856,"Love, Guaranteed","Comedy,Romance",5.6,20100
2020-09-04,4,3,-,"Sister, Sister",TV Show,,"Sep 1, 2020",3,23,tt0108927,"Sister, Sister","Comedy,Drama,Family",6.3,14472
2020-09-04,5,4,-,Due Date,Movie,,"Sep 1, 2020",3,14,tt1231583,Due Date,"Comedy,Drama",6.5,368777
2020-09-04,6,9,-,Chefâs Table: BBQ,TV Show,Yes,"Sep 2, 2020",2,7,,,,,
2020-09-04,7,5,1,Lucifer,TV Show,,"Dec 15, 2018",14,121,tt4052886,Lucifer,"Crime,Drama,Fantasy",8.0,384482
2020-09-04,8,7,-,The Boss Baby: Get That Baby,Movie,Yes,"Sep 1, 2020",2,7,,,,,
2020-09-04,9,6,-,The Frozen Ground,Movie,,"Aug 27, 2020",6,37,tt2005374,The Frozen Ground,"Biography,Crime,Drama",6.4,71896
2020-09-04,10,8,9,Cocomelon,TV Show,,"Jun 1, 2020",8,21,tt12427840,Cocomelon,"Adventure,Animation,Family",3.6,1419
2020-09-05,1,1,1,Cobra Kai,TV Show,,"Aug 28, 2020",8,80,tt7221388,Cobra Kai,"Action,Comedy,Drama",8.4,237505
2020-09-05,2,3,-,"Love, Guaranteed",Movie,Yes,"Sep 3, 2020",2,17,tt11100856,"Love, Guaranteed","Comedy,Romance",5.6,20100
2020-09-05,3,2,-,The Smurfs,Movie,,"Sep 1, 2020",4,35,tt0472181,The Smurfs,"Adventure,Animation,Comedy",5.4,102851
2020-09-05,4,-,-,Away,TV Show,Yes,"Sep 4, 2020",1,7,tt8787802,Away,"Drama,Romance,Sci-Fi",6.6,26841
2020-09-05,5,5,-,Due Date,Movie,,"Sep 1, 2020",4,20,tt1231583,Due Date,"Comedy,Drama",6.5,368777
2020-09-05,6,4,-,"Sister, Sister",TV Show,,"Sep 1, 2020",4,28,tt0108927,"Sister, Sister","Comedy,Drama,Family",6.3,14472
2020-09-05,7,6,-,Chefâs Table: BBQ,TV Show,Yes,"Sep 2, 2020",3,11,,,,,
2020-09-05,8,7,2,Lucifer,TV Show,,"Dec 15, 2018",15,124,tt4052886,Lucifer,"Crime,Drama,Fantasy",8.0,384482
2020-09-05,9,8,-,The Boss Baby: Get That Baby,Movie,Yes,"Sep 1, 2020",3,9,,,,,
2020-09-05,10,10,9,Cocomelon,TV Show,,"Jun 1, 2020",9,22,tt12427840,Cocomelon,"Adventure,Animation,Family",3.6,1419
2020-09-06,1,1,1,Cobra Kai,TV Show,,"Aug 28, 2020",9,90,tt7221388,Cobra Kai,"Action,Comedy,Drama",8.4,237505
2020-09-06,2,4,-,Away,TV Show,Yes,"Sep 4, 2020",2,16,tt8787802,Away,"Drama,Romance,Sci-Fi",6.6,26841
2020-09-06,3,2,-,"Love, Guaranteed",Movie,Yes,"Sep 3, 2020",3,25,tt11100856,"Love, Guaranteed","Comedy,Romance",5.6,20100
2020-09-06,4,3,-,The Smurfs,Movie,,"Sep 1, 2020",5,42,tt0472181,The Smurfs,"Adventure,Animation,Comedy",5.4,102851
2020-09-06,5,5,-,Due Date,Movie,,"Sep 1, 2020",5,26,tt1231583,Due Date,"Comedy,Drama",6.5,368777
2020-09-06,6,6,-,"Sister, Sister",TV Show,,"Sep 1, 2020",5,33,tt0108927,"Sister, Sister","Comedy,Drama,Family",6.3,14472
2020-09-06,7,7,-,Chefâs Table: BBQ,TV Show,Yes,"Sep 2, 2020",4,15,,,,,
2020-09-06,8,9,-,The Boss Baby: Get That Baby,Movie,Yes,"Sep 1, 2020",4,12,,,,,
2020-09-06,9,8,2,Lucifer,TV Show,,"Dec 15, 2018",16,126,tt4052886,Lucifer,"Crime,Drama,Fantasy",8.0,384482
2020-09-06,10,10,9,Cocomelon,TV Show,,"Jun 1, 2020",10,23,tt12427840,Cocomelon,"Adventure,Animation,Family",3.6,1419
2020-09-07,1,2,-,Away,TV Show,Yes,"Sep 4, 2020",3,26,tt8787802,Away,"Drama,Romance,Sci-Fi",6.6,26841
2020-09-07,2,1,1,Cobra Kai,TV Show,,"Aug 28, 2020",10,99,tt7221388,Cobra Kai,"Action,Comedy,Drama",8.4,237505
2020-09-07,3,3,-,"Love, Guaranteed",Movie,Yes,"Sep 3, 2020",4,33,tt11100856,"Love, Guaranteed","Comedy,Romance",5.6,20100
2020-09-07,4,5,-,Due Date,Movie,,"Sep 1, 2020",6,33,tt1231583,Due Date,"Comedy,Drama",6.5,368777
2020-09-07,5,4,-,The Smurfs,Movie,,"Sep 1, 2020",6,48,tt0472181,The Smurfs,"Adventure,Animation,Comedy",5.4,102851
2020-09-07,6,7,-,Chefâs Table: BBQ,TV Show,Yes,"Sep 2, 2020",5,20,,,,,
2020-09-07,7,6,-,"Sister, Sister",TV Show,,"Sep 1, 2020",6,37,tt0108927,"Sister, Sister","Comedy,Drama,Family",6.3,14472
2020-09-07,8,9,3,Lucifer,TV Show,,"Dec 15, 2018",17,129,tt4052886,Lucifer,"Crime,Drama,Fantasy",8.0,384482
2020-09-07,9,-,-,Anaconda,Movie,,"Sep 1, 2020",1,2,tt0118615,Anaconda,"Action,Adventure,Horror",4.9,119680
2020-09-07,10,-,-,Puss in Boots,Movie,,"Sep 1, 2020",1,1,tt0448694,Puss in Boots,"Action,Adventure,Animation",6.6,207075
2020-09-08,1,1,-,Away,TV Show,Yes,"Sep 4, 2020",4,36,tt8787802,Away,"Drama,Romance,Sci-Fi",6.6,26841
2020-09-08,2,2,1,Cobra Kai,TV Show,,"Aug 28, 2020",11,108,tt7221388,Cobra Kai,"Action,Comedy,Drama",8.4,237505
2020-09-08,3,3,-,"Love, Guaranteed",Movie,Yes,"Sep 3, 2020",5,41,tt11100856,"Love, Guaranteed","Comedy,Romance",5.6,20100
2020-09-08,4,4,-,Due Date,Movie,,"Sep 1, 2020",7,40,tt1231583,Due Date,"Comedy,Drama",6.5,368777
2020-09-08,5,5,-,The Smurfs,Movie,,"Sep 1, 2020",7,54,tt0472181,The Smurfs,"Adventure,Animation,Comedy",5.4,102851
2020-09-08,6,6,-,Chefâs Table: BBQ,TV Show,Yes,"Sep 2, 2020",6,25,,,,,
2020-09-08,7,7,-,"Sister, Sister",TV Show,,"Sep 1, 2020",7,41,tt0108927,"Sister, Sister","Comedy,Drama,Family",6.3,14472
2020-09-08,8,8,3,Lucifer,TV Show,,"Dec 15, 2018",18,132,tt4052886,Lucifer,"Crime,Drama,Fantasy",8.0,384482
2020-09-08,9,9,-,Anaconda,Movie,,"Sep 1, 2020",2,4,tt0118615,Anaconda,"Action,Adventure,Horror",4.9,119680
2020-09-08,10,10,-,Puss in Boots,Movie,,"Sep 1, 2020",2,2,tt0448694,Puss in Boots,"Action,Adventure,Animation",6.6,207075
2020-09-09,1,1,-,Away,TV Show,Yes,"Sep 4, 2020",5,46,tt8787802,Away,"Drama,Romance,Sci-Fi",6.6,26841
2020-09-09,2,2,1,Cobra Kai,TV Show,,"Aug 28, 2020",12,117,tt7221388,Cobra Kai,"Action,Comedy,Drama",8.4,237505
2020-09-09,3,3,-,"Love, Guaranteed",Movie,Yes,"Sep 3, 2020",6,49,tt11100856,"Love, Guaranteed","Comedy,Romance",5.6,20100
2020-09-09,4,-,-,#Alive,Movie,Yes,"Sep 8, 2020",1,7,tt10620868,#Alive,"Action,Drama,Horror",6.3,53436
2020-09-09,5,5,2,The Smurfs,Movie,,"Sep 1, 2020",8,60,tt0472181,The Smurfs,"Adventure,Animation,Comedy",5.4,102851
2020-09-09,6,4,10,Due Date,Movie,,"Sep 1, 2020",8,45,tt1231583,Due Date,"Comedy,Drama",6.5,368777
2020-09-09,7,7,3,"Sister, Sister",TV Show,,"Sep 1, 2020",8,45,tt0108927,"Sister, Sister","Comedy,Drama,Family",6.3,14472
2020-09-09,8,8,4,Lucifer,TV Show,,"Dec 15, 2018",19,135,tt4052886,Lucifer,"Crime,Drama,Fantasy",8.0,384482
2020-09-09,9,6,-,Chefâs Table: BBQ,TV Show,Yes,"Sep 2, 2020",7,27,,,,,
2020-09-09,10,-,7,Cocomelon,TV Show,,"Jun 1, 2020",11,24,tt12427840,Cocomelon,"Adventure,Animation,Family",3.6,1419
2020-09-10,1,1,-,Away,TV Show,Yes,"Sep 4, 2020",6,56,tt8787802,Away,"Drama,Romance,Sci-Fi",6.6,26841
2020-09-10,2,2,1,Cobra Kai,TV Show,,"Aug 28, 2020",13,126,tt7221388,Cobra Kai,"Action,Comedy,Drama",8.4,237505
2020-09-10,3,4,-,#Alive,Movie,Yes,"Sep 8, 2020",2,15,tt10620868,#Alive,"Action,Drama,Horror",6.3,53436
2020-09-10,4,-,-,Get Organized with The Home…,TV Show,Yes,"Sep 9, 2020",1,7,,,,,
2020-09-10,5,3,-,"Love, Guaranteed",Movie,Yes,"Sep 3, 2020",7,55,tt11100856,"Love, Guaranteed","Comedy,Romance",5.6,20100
2020-09-10,6,5,2,The Smurfs,Movie,,"Sep 1, 2020",9,65,tt0472181,The Smurfs,"Adventure,Animation,Comedy",5.4,102851
2020-09-10,7,7,3,"Sister, Sister",TV Show,,"Sep 1, 2020",9,49,tt0108927,"Sister, Sister","Comedy,Drama,Family",6.3,14472
2020-09-10,8,6,4,Due Date,Movie,,"Sep 1, 2020",9,48,tt1231583,Due Date,"Comedy,Drama",6.5,368777
2020-09-10,9,10,8,Cocomelon,TV Show,,"Jun 1, 2020",12,26,tt12427840,Cocomelon,"Adventure,Animation,Family",3.6,1419
2020-09-10,10,8,5,Lucifer,TV Show,,"Dec 15, 2018",20,136,tt4052886,Lucifer,"Crime,Drama,Fantasy",8.0,384482
2020-09-11,1,1,-,Away,TV Show,Yes,"Sep 4, 2020",7,66,tt8787802,Away,"Drama,Romance,Sci-Fi",6.6,26841
2020-09-11,2,-,-,The Babysitter: Killer Queen,Movie,Yes,"Sep 10, 2020",1,9,tt11024272,The Babysitter: Killer Queen,"Comedy,Horror",5.8,58330
2020-09-11,3,2,1,Cobra Kai,TV Show,,"Aug 28, 2020",14,134,tt7221388,Cobra Kai,"Action,Comedy,Drama",8.4,237505
2020-09-11,4,4,-,Get Organized with The Home…,TV Show,Yes,"Sep 9, 2020",2,14,,,,,
2020-09-11,5,3,-,#Alive,Movie,Yes,"Sep 8, 2020",3,21,tt10620868,#Alive,"Action,Drama,Horror",6.3,53436
2020-09-11,6,9,10,Cocomelon,TV Show,,"Jun 1, 2020",13,31,tt12427840,Cocomelon,"Adventure,Animation,Family",3.6,1419
2020-09-11,7,5,3,"Love, Guaranteed",Movie,Yes,"Sep 3, 2020",8,59,tt11100856,"Love, Guaranteed","Comedy,Romance",5.6,20100
2020-09-11,8,7,4,"Sister, Sister",TV Show,,"Sep 1, 2020",10,52,tt0108927,"Sister, Sister","Comedy,Drama,Family",6.3,14472
2020-09-11,9,-,-,The Social Dilemma,Movie,Yes,"Sep 9, 2020",1,2,tt11464826,The Social Dilemma,"Documentary,Drama",7.6,93326
2020-09-11,10,6,2,The Smurfs,Movie,,"Sep 1, 2020",10,66,tt0472181,The Smurfs,"Adventure,Animation,Comedy",5.4,102851
2020-09-12,1,1,4,Away,TV Show,Yes,"Sep 4, 2020",8,76,tt8787802,Away,"Drama,Romance,Sci-Fi",6.6,26841
2020-09-12,2,2,-,The Babysitter: Killer Queen,Movie,Yes,"Sep 10, 2020",2,18,tt11024272,The Babysitter: Killer Queen,"Comedy,Horror",5.8,58330
2020-09-12,3,3,1,Cobra Kai,TV Show,,"Aug 28, 2020",15,142,tt7221388,Cobra Kai,"Action,Comedy,Drama",8.4,237505
2020-09-12,4,-,-,Pets United,Movie,Yes,"Sep 11, 2020",1,7,tt11276598,Pets United,"Adventure,Animation,Comedy",3.7,3407
2020-09-12,5,4,-,Get Organized with The Home…,TV Show,Yes,"Sep 9, 2020",3,20,,,,,
2020-09-12,6,5,-,#Alive,Movie,Yes,"Sep 8, 2020",4,26,tt10620868,#Alive,"Action,Drama,Horror",6.3,53436
2020-09-12,7,-,-,Girlfriends,TV Show,,"Sep 11, 2020",1,4,tt0247102,Girlfriends,"Comedy,Drama,Romance",7.4,5455
2020-09-12,8,-,-,Cuties,Movie,Yes,"Sep 9, 2020",1,3,tt9196192,Cuties,Drama,3.6,33176
2020-09-12,9,9,-,The Social Dilemma,Movie,Yes,"Sep 9, 2020",2,4,tt11464826,The Social Dilemma,"Documentary,Drama",7.6,93326
2020-09-12,10,-,-,Julie and the Phantoms,TV Show,Yes,"Sep 10, 2020",1,1,tt10183988,Julie and the Phantoms,"Adventure,Comedy,Drama",8.4,13625
2020-09-13,1,1,2,Away,TV Show,Yes,"Sep 4, 2020",9,86,tt8787802,Away,"Drama,Romance,Sci-Fi",6.6,26841
2020-09-13,2,4,-,Pets United,Movie,Yes,"Sep 11, 2020",2,16,tt11276598,Pets United,"Adventure,Animation,Comedy",3.7,3407
2020-09-13,3,2,-,The Babysitter: Killer Queen,Movie,Yes,"Sep 10, 2020",3,26,tt11024272,The Babysitter: Killer Queen,"Comedy,Horror",5.8,58330
2020-09-13,4,3,1,Cobra Kai,TV Show,,"Aug 28, 2020",16,149,tt7221388,Cobra Kai,"Action,Comedy,Drama",8.4,237505
2020-09-13,5,5,-,Get Organized with The Home…,TV Show,Yes,"Sep 9, 2020",4,26,,,,,
2020-09-13,6,6,-,#Alive,Movie,Yes,"Sep 8, 2020",5,31,tt10620868,#Alive,"Action,Drama,Horror",6.3,53436
2020-09-13,7,9,-,The Social Dilemma,Movie,Yes,"Sep 9, 2020",3,8,tt11464826,The Social Dilemma,"Documentary,Drama",7.6,93326
2020-09-13,8,8,-,Cuties,Movie,Yes,"Sep 9, 2020",2,6,tt9196192,Cuties,Drama,3.6,33176
2020-09-13,9,7,-,Girlfriends,TV Show,,"Sep 11, 2020",2,6,tt0247102,Girlfriends,"Comedy,Drama,Romance",7.4,5455
2020-09-13,10,10,-,Julie and the Phantoms,TV Show,Yes,"Sep 10, 2020",2,2,tt10183988,Julie and the Phantoms,"Adventure,Comedy,Drama",8.4,13625
2020-09-14,1,1,1,Away,TV Show,Yes,"Sep 4, 2020",10,96,tt8787802,Away,"Drama,Romance,Sci-Fi",6.6,26841
2020-09-14,2,2,-,Pets United,Movie,Yes,"Sep 11, 2020",3,25,tt11276598,Pets United,"Adventure,Animation,Comedy",3.7,3407
2020-09-14,3,4,2,Cobra Kai,TV Show,,"Aug 28, 2020",17,157,tt7221388,Cobra Kai,"Action,Comedy,Drama",8.4,237505
2020-09-14,4,3,-,The Babysitter: Killer Queen,Movie,Yes,"Sep 10, 2020",4,33,tt11024272,The Babysitter: Killer Queen,"Comedy,Horror",5.8,58330
2020-09-14,5,5,-,Get Organized with The Home…,TV Show,Yes,"Sep 9, 2020",5,32,,,,,
2020-09-14,6,7,-,The Social Dilemma,Movie,Yes,"Sep 9, 2020",4,13,tt11464826,The Social Dilemma,"Documentary,Drama",7.6,93326
2020-09-14,7,8,-,Cuties,Movie,Yes,"Sep 9, 2020",3,10,tt9196192,Cuties,Drama,3.6,33176
2020-09-14,8,6,-,#Alive,Movie,Yes,"Sep 8, 2020",6,34,tt10620868,#Alive,"Action,Drama,Horror",6.3,53436
2020-09-14,9,9,-,Girlfriends,TV Show,,"Sep 11, 2020",3,8,tt0247102,Girlfriends,"Comedy,Drama,Romance",7.4,5455
2020-09-14,10,10,-,Julie and the Phantoms,TV Show,Yes,"Sep 10, 2020",3,3,tt10183988,Julie and the Phantoms,"Adventure,Comedy,Drama",8.4,13625
2020-09-15,1,1,1,Away,TV Show,Yes,"Sep 4, 2020",11,106,tt8787802,Away,"Drama,Romance,Sci-Fi",6.6,26841
2020-09-15,2,2,-,Pets United,Movie,Yes,"Sep 11, 2020",4,34,tt11276598,Pets United,"Adventure,Animation,Comedy",3.7,3407
2020-09-15,3,3,2,Cobra Kai,TV Show,,"Aug 28, 2020",18,165,tt7221388,Cobra Kai,"Action,Comedy,Drama",8.4,237505
2020-09-15,4,6,-,The Social Dilemma,Movie,Yes,"Sep 9, 2020",5,20,tt11464826,The Social Dilemma,"Documentary,Drama",7.6,93326
2020-09-15,5,5,-,Get Organized with The Home…,TV Show,Yes,"Sep 9, 2020",6,38,,,,,
2020-09-15,6,4,-,The Babysitter: Killer Queen,Movie,Yes,"Sep 10, 2020",5,38,tt11024272,The Babysitter: Killer Queen,"Comedy,Horror",5.8,58330
2020-09-15,7,7,-,Cuties,Movie,Yes,"Sep 9, 2020",4,14,tt9196192,Cuties,Drama,3.6,33176
2020-09-15,8,9,-,Girlfriends,TV Show,,"Sep 11, 2020",4,11,tt0247102,Girlfriends,"Comedy,Drama,Romance",7.4,5455
2020-09-15,9,-,-,Cocomelon,TV Show,,"Jun 1, 2020",14,33,tt12427840,Cocomelon,"Adventure,Animation,Family",3.6,1419
2020-09-15,10,10,-,Julie and the Phantoms,TV Show,Yes,"Sep 10, 2020",4,4,tt10183988,Julie and the Phantoms,"Adventure,Comedy,Drama",8.4,13625
2020-09-16,1,1,1,Away,TV Show,Yes,"Sep 4, 2020",12,116,tt8787802,Away,"Drama,Romance,Sci-Fi",6.6,26841
2020-09-16,2,3,2,Cobra Kai,TV Show,,"Aug 28, 2020",19,174,tt7221388,Cobra Kai,"Action,Comedy,Drama",8.4,237505
2020-09-16,3,2,-,Pets United,Movie,Yes,"Sep 11, 2020",5,42,tt11276598,Pets United,"Adventure,Animation,Comedy",3.7,3407
2020-09-16,4,4,-,The Social Dilemma,Movie,Yes,"Sep 9, 2020",6,27,tt11464826,The Social Dilemma,"Documentary,Drama",7.6,93326
2020-09-16,5,5,-,Get Organized with The Home…,TV Show,Yes,"Sep 9, 2020",7,44,,,,,
2020-09-16,6,6,-,The Babysitter: Killer Queen,Movie,Yes,"Sep 10, 2020",6,43,tt11024272,The Babysitter: Killer Queen,"Comedy,Horror",5.8,58330
2020-09-16,7,7,-,Cuties,Movie,Yes,"Sep 9, 2020",5,18,tt9196192,Cuties,Drama,3.6,33176
2020-09-16,8,-,-,Ancient Aliens,TV Show,,"Sep 17, 2019",1,3,tt1643266,Ancient Aliens,"Fantasy,History,Sci-Fi",7.0,13389
2020-09-16,9,9,10,Cocomelon,TV Show,,"Jun 1, 2020",15,35,tt12427840,Cocomelon,"Adventure,Animation,Family",3.6,1419
2020-09-16,10,-,-,How to Train Your Dragon 2,Movie,,"Sep 11, 2020",1,1,tt1646971,How to Train Your Dragon 2,"Action,Adventure,Animation",7.8,393950
2020-09-17,1,-,-,The Devil All the Time,Movie,Yes,"Sep 16, 2020",1,10,tt7395114,The Devil All the Time,"Crime,Drama,Thriller",7.1,165633
2020-09-17,2,1,1,Away,TV Show,Yes,"Sep 4, 2020",13,125,tt8787802,Away,"Drama,Romance,Sci-Fi",6.6,26841
2020-09-17,3,2,2,Cobra Kai,TV Show,,"Aug 28, 2020",20,182,tt7221388,Cobra Kai,"Action,Comedy,Drama",8.4,237505
2020-09-17,4,4,-,The Social Dilemma,Movie,Yes,"Sep 9, 2020",7,34,tt11464826,The Social Dilemma,"Documentary,Drama",7.6,93326
2020-09-17,5,3,-,Pets United,Movie,Yes,"Sep 11, 2020",6,48,tt11276598,Pets United,"Adventure,Animation,Comedy",3.7,3407
2020-09-17,6,-,-,The Smurfs 2,Movie,,"Sep 15, 2020",1,5,tt2017020,The Smurfs 2,"Adventure,Animation,Comedy",5.3,49677
2020-09-17,7,-,-,Challenger: The Final Flight,TV Show,Yes,"Sep 16, 2020",1,4,tt12930534,Challenger: The Final Flight,"Documentary,History",7.8,8487
2020-09-17,8,5,4,Get Organized with The Home…,TV Show,Yes,"Sep 9, 2020",8,47,,,,,
2020-09-17,9,-,-,The Paramedic,Movie,Yes,"Sep 16, 2020",1,2,tt11127690,The Paramedic,"Crime,Drama,Thriller",5.7,15956
2020-09-17,10,8,-,Ancient Aliens,TV Show,,"Sep 17, 2019",2,4,tt1643266,Ancient Aliens,"Fantasy,History,Sci-Fi",7.0,13389
2020-09-18,1,1,-,The Devil All the Time,Movie,Yes,"Sep 16, 2020",2,20,tt7395114,The Devil All the Time,"Crime,Drama,Thriller",7.1,165633
2020-09-18,2,2,1,Away,TV Show,Yes,"Sep 4, 2020",14,134,tt8787802,Away,"Drama,Romance,Sci-Fi",6.6,26841
2020-09-18,3,6,-,The Smurfs 2,Movie,,"Sep 15, 2020",2,13,tt2017020,The Smurfs 2,"Adventure,Animation,Comedy",5.3,49677
2020-09-18,4,7,-,Challenger: The Final Flight,TV Show,Yes,"Sep 16, 2020",2,11,tt12930534,Challenger: The Final Flight,"Documentary,History",7.8,8487
2020-09-18,5,3,3,Cobra Kai,TV Show,,"Aug 28, 2020",21,188,tt7221388,Cobra Kai,"Action,Comedy,Drama",8.4,237505
2020-09-18,6,4,9,The Social Dilemma,Movie,Yes,"Sep 9, 2020",8,39,tt11464826,The Social Dilemma,"Documentary,Drama",7.6,93326
2020-09-18,7,9,-,The Paramedic,Movie,Yes,"Sep 16, 2020",2,6,tt11127690,The Paramedic,"Crime,Drama,Thriller",5.7,15956
2020-09-18,8,5,-,Pets United,Movie,Yes,"Sep 11, 2020",7,51,tt11276598,Pets United,"Adventure,Animation,Comedy",3.7,3407
2020-09-18,9,8,4,Get Organized with The Home…,TV Show,Yes,"Sep 9, 2020",9,49,,,,,
2020-09-18,10,-,-,The Take,Movie,,"Sep 16, 2020",1,1,tt2368619,The Take,"Action,Adventure,Crime",6.3,54376
2020-09-19,1,-,-,Ratched,TV Show,Yes,"Sep 18, 2020",1,10,tt7423538,Ratched,"Crime,Drama,History",7.2,77929
2020-09-19,2,-,-,Jurassic World: Camp Cretac…,TV Show,Yes,"Sep 18, 2020",1,9,,,,,
2020-09-19,3,3,-,The Smurfs 2,Movie,,"Sep 15, 2020",3,21,tt2017020,The Smurfs 2,"Adventure,Animation,Comedy",5.3,49677
2020-09-19,4,1,-,The Devil All the Time,Movie,Yes,"Sep 16, 2020",3,27,tt7395114,The Devil All the Time,"Crime,Drama,Thriller",7.1,165633
2020-09-19,5,10,-,The Take,Movie,,"Sep 16, 2020",2,7,tt2368619,The Take,"Action,Adventure,Crime",6.3,54376
2020-09-19,6,2,1,Away,TV Show,Yes,"Sep 4, 2020",15,139,tt8787802,Away,"Drama,Romance,Sci-Fi",6.6,26841
2020-09-19,7,5,3,Cobra Kai,TV Show,,"Aug 28, 2020",22,192,tt7221388,Cobra Kai,"Action,Comedy,Drama",8.4,237505
2020-09-19,8,4,-,Challenger: The Final Flight,TV Show,Yes,"Sep 16, 2020",3,14,tt12930534,Challenger: The Final Flight,"Documentary,History",7.8,8487
2020-09-19,9,6,9,The Social Dilemma,Movie,Yes,"Sep 9, 2020",9,41,tt11464826,The Social Dilemma,"Documentary,Drama",7.6,93326
2020-09-19,10,8,4,Pets United,Movie,Yes,"Sep 11, 2020",8,52,tt11276598,Pets United,"Adventure,Animation,Comedy",3.7,3407
2020-09-20,1,1,-,Ratched,TV Show,Yes,"Sep 18, 2020",2,20,tt7423538,Ratched,"Crime,Drama,History",7.2,77929
2020-09-20,2,2,-,Jurassic World: Camp Cretac…,TV Show,Yes,"Sep 18, 2020",2,18,,,,,
2020-09-20,3,5,-,The Take,Movie,,"Sep 16, 2020",3,15,tt2368619,The Take,"Action,Adventure,Crime",6.3,54376
2020-09-20,4,3,-,The Smurfs 2,Movie,,"Sep 15, 2020",4,28,tt2017020,The Smurfs 2,"Adventure,Animation,Comedy",5.3,49677
2020-09-20,5,4,-,The Devil All the Time,Movie,Yes,"Sep 16, 2020",4,33,tt7395114,The Devil All the Time,"Crime,Drama,Thriller",7.1,165633
2020-09-20,6,6,1,Away,TV Show,Yes,"Sep 4, 2020",16,144,tt8787802,Away,"Drama,Romance,Sci-Fi",6.6,26841
2020-09-20,7,9,7,The Social Dilemma,Movie,Yes,"Sep 9, 2020",10,45,tt11464826,The Social Dilemma,"Documentary,Drama",7.6,93326
2020-09-20,8,7,4,Cobra Kai,TV Show,,"Aug 28, 2020",23,195,tt7221388,Cobra Kai,"Action,Comedy,Drama",8.4,237505
2020-09-20,9,8,-,Challenger: The Final Flight,TV Show,Yes,"Sep 16, 2020",4,16,tt12930534,Challenger: The Final Flight,"Documentary,History",7.8,8487
2020-09-20,10,10,2,Pets United,Movie,Yes,"Sep 11, 2020",9,53,tt11276598,Pets United,"Adventure,Animation,Comedy",3.7,3407
2020-09-21,1,1,-,Ratched,TV Show,Yes,"Sep 18, 2020",3,30,tt7423538,Ratched,"Crime,Drama,History",7.2,77929
2020-09-21,2,3,-,The Take,Movie,,"Sep 16, 2020",4,24,tt2368619,The Take,"Action,Adventure,Crime",6.3,54376
2020-09-21,3,2,-,Jurassic World: Camp Cretac…,TV Show,Yes,"Sep 18, 2020",3,26,,,,,
2020-09-21,4,4,-,The Smurfs 2,Movie,,"Sep 15, 2020",5,35,tt2017020,The Smurfs 2,"Adventure,Animation,Comedy",5.3,49677
2020-09-21,5,5,-,The Devil All the Time,Movie,Yes,"Sep 16, 2020",5,39,tt7395114,The Devil All the Time,"Crime,Drama,Thriller",7.1,165633
2020-09-21,6,8,3,Cobra Kai,TV Show,,"Aug 28, 2020",24,200,tt7221388,Cobra Kai,"Action,Comedy,Drama",8.4,237505
2020-09-21,7,7,6,The Social Dilemma,Movie,Yes,"Sep 9, 2020",11,49,tt11464826,The Social Dilemma,"Documentary,Drama",7.6,93326
2020-09-21,8,6,1,Away,TV Show,Yes,"Sep 4, 2020",17,147,tt8787802,Away,"Drama,Romance,Sci-Fi",6.6,26841
2020-09-21,9,9,-,Challenger: The Final Flight,TV Show,Yes,"Sep 16, 2020",5,18,tt12930534,Challenger: The Final Flight,"Documentary,History",7.8,8487
2020-09-21,10,-,-,The Blacklist,TV Show,,"Sep 15, 2014",1,1,tt2741602,The Blacklist,"Crime,Drama,Mystery",7.9,296250
2020-09-22,1,1,-,Ratched,TV Show,Yes,"Sep 18, 2020",4,40,tt7423538,Ratched,"Crime,Drama,History",7.2,77929
2020-09-22,2,3,-,Jurassic World: Camp Cretac…,TV Show,Yes,"Sep 18, 2020",4,35,,,,,
2020-09-22,3,2,-,The Take,Movie,,"Sep 16, 2020",5,32,tt2368619,The Take,"Action,Adventure,Crime",6.3,54376
2020-09-22,4,4,-,The Smurfs 2,Movie,,"Sep 15, 2020",6,42,tt2017020,The Smurfs 2,"Adventure,Animation,Comedy",5.3,49677
2020-09-22,5,6,3,Cobra Kai,TV Show,,"Aug 28, 2020",25,206,tt7221388,Cobra Kai,"Action,Comedy,Drama",8.4,237505
2020-09-22,6,5,-,The Devil All the Time,Movie,Yes,"Sep 16, 2020",6,44,tt7395114,The Devil All the Time,"Crime,Drama,Thriller",7.1,165633
2020-09-22,7,8,1,Away,TV Show,Yes,"Sep 4, 2020",18,151,tt8787802,Away,"Drama,Romance,Sci-Fi",6.6,26841
2020-09-22,8,10,-,The Blacklist,TV Show,,"Sep 15, 2014",2,4,tt2741602,The Blacklist,"Crime,Drama,Mystery",7.9,296250
2020-09-22,9,7,4,The Social Dilemma,Movie,Yes,"Sep 9, 2020",12,51,tt11464826,The Social Dilemma,"Documentary,Drama",7.6,93326
2020-09-22,10,-,-,The American Barbecue Showdown,TV Show,Yes,"Sep 18, 2020",1,1,tt12938472,The American Barbecue Showdown,"Game-Show,Reality-TV",7.2,2128
2020-09-23,1,1,-,Ratched,TV Show,Yes,"Sep 18, 2020",5,50,tt7423538,Ratched,"Crime,Drama,History",7.2,77929
2020-09-23,2,2,-,Jurassic World: Camp Cretac…,TV Show,Yes,"Sep 18, 2020",5,44,,,,,
2020-09-23,3,3,-,The Take,Movie,,"Sep 16, 2020",6,40,tt2368619,The Take,"Action,Adventure,Crime",6.3,54376
2020-09-23,4,4,-,The Smurfs 2,Movie,,"Sep 15, 2020",7,49,tt2017020,The Smurfs 2,"Adventure,Animation,Comedy",5.3,49677
2020-09-23,5,5,2,Cobra Kai,TV Show,,"Aug 28, 2020",26,212,tt7221388,Cobra Kai,"Action,Comedy,Drama",8.4,237505
2020-09-23,6,8,-,The Blacklist,TV Show,,"Sep 15, 2014",3,9,tt2741602,The Blacklist,"Crime,Drama,Mystery",7.9,296250
2020-09-23,7,10,-,The American Barbecue Showdown,TV Show,Yes,"Sep 18, 2020",2,5,tt12938472,The American Barbecue Showdown,"Game-Show,Reality-TV",7.2,2128
2020-09-23,8,7,1,Away,TV Show,Yes,"Sep 4, 2020",19,154,tt8787802,Away,"Drama,Romance,Sci-Fi",6.6,26841
2020-09-23,9,9,4,The Social Dilemma,Movie,Yes,"Sep 9, 2020",13,53,tt11464826,The Social Dilemma,"Documentary,Drama",7.6,93326
2020-09-23,10,6,-,The Devil All the Time,Movie,Yes,"Sep 16, 2020",7,45,tt7395114,The Devil All the Time,"Crime,Drama,Thriller",7.1,165633
2020-09-24,1,1,-,Ratched,TV Show,Yes,"Sep 18, 2020",6,60,tt7423538,Ratched,"Crime,Drama,History",7.2,77929
2020-09-24,2,-,-,Enola Holmes,Movie,Yes,"Sep 23, 2020",1,9,tt7846844,Enola Holmes,"Adventure,Crime,Drama",6.6,239490
2020-09-24,3,2,-,Jurassic World: Camp Cretac…,TV Show,Yes,"Sep 18, 2020",6,52,,,,,
2020-09-24,4,3,-,The Take,Movie,,"Sep 16, 2020",7,47,tt2368619,The Take,"Action,Adventure,Crime",6.3,54376
2020-09-24,5,4,6,The Smurfs 2,Movie,,"Sep 15, 2020",8,55,tt2017020,The Smurfs 2,"Adventure,Animation,Comedy",5.3,49677
2020-09-24,6,6,-,The Blacklist,TV Show,,"Sep 15, 2014",4,14,tt2741602,The Blacklist,"Crime,Drama,Mystery",7.9,296250
2020-09-24,7,5,3,Cobra Kai,TV Show,,"Aug 28, 2020",27,216,tt7221388,Cobra Kai,"Action,Comedy,Drama",8.4,237505
2020-09-24,8,7,-,The American Barbecue Showdown,TV Show,Yes,"Sep 18, 2020",3,8,tt12938472,The American Barbecue Showdown,"Game-Show,Reality-TV",7.2,2128
2020-09-24,9,8,2,Away,TV Show,Yes,"Sep 4, 2020",20,156,tt8787802,Away,"Drama,Romance,Sci-Fi",6.6,26841
2020-09-24,10,-,-,Cocomelon,TV Show,,"Jun 1, 2020",16,36,tt12427840,Cocomelon,"Adventure,Animation,Family",3.6,1419
2020-09-25,1,1,-,Ratched,TV Show,Yes,"Sep 18, 2020",7,70,tt7423538,Ratched,"Crime,Drama,History",7.2,77929
2020-09-25,2,2,-,Enola Holmes,Movie,Yes,"Sep 23, 2020",2,18,tt7846844,Enola Holmes,"Adventure,Crime,Drama",6.6,239490
2020-09-25,3,-,-,Real Steel,Movie,,"Sep 24, 2020",1,8,tt0433035,Real Steel,"Action,Drama,Sci-Fi",7.1,376067
2020-09-25,4,3,-,Jurassic World: Camp Cretac…,TV Show,Yes,"Sep 18, 2020",7,59,,,,,
2020-09-25,5,5,3,The Smurfs 2,Movie,,"Sep 15, 2020",9,61,tt2017020,The Smurfs 2,"Adventure,Animation,Comedy",5.3,49677
2020-09-25,6,4,10,The Take,Movie,,"Sep 16, 2020",8,52,tt2368619,The Take,"Action,Adventure,Crime",6.3,54376
2020-09-25,7,6,-,The Blacklist,TV Show,,"Sep 15, 2014",5,18,tt2741602,The Blacklist,"Crime,Drama,Mystery",7.9,296250
2020-09-25,8,7,5,Cobra Kai,TV Show,,"Aug 28, 2020",28,219,tt7221388,Cobra Kai,"Action,Comedy,Drama",8.4,237505
2020-09-25,9,8,-,The American Barbecue Showdown,TV Show,Yes,"Sep 18, 2020",4,10,tt12938472,The American Barbecue Showdown,"Game-Show,Reality-TV",7.2,2128
2020-09-25,10,10,-,Cocomelon,TV Show,,"Jun 1, 2020",17,37,tt12427840,Cocomelon,"Adventure,Animation,Family",3.6,1419
2020-09-26,1,2,-,Enola Holmes,Movie,Yes,"Sep 23, 2020",3,28,tt7846844,Enola Holmes,"Adventure,Crime,Drama",6.6,239490
2020-09-26,2,1,1,Ratched,TV Show,Yes,"Sep 18, 2020",8,79,tt7423538,Ratched,"Crime,Drama,History",7.2,77929
2020-09-26,3,3,-,Real Steel,Movie,,"Sep 24, 2020",2,16,tt0433035,Real Steel,"Action,Drama,Sci-Fi",7.1,376067
2020-09-26,4,4,2,Jurassic World: Camp Cretac…,TV Show,Yes,"Sep 18, 2020",8,66,,,,,
2020-09-26,5,5,3,The Smurfs 2,Movie,,"Sep 15, 2020",10,67,tt2017020,The Smurfs 2,"Adventure,Animation,Comedy",5.3,49677
2020-09-26,6,6,5,The Take,Movie,,"Sep 16, 2020",9,57,tt2368619,The Take,"Action,Adventure,Crime",6.3,54376
2020-09-26,7,-,-,The Great British Baking Show,TV Show,,"Oct 3, 2015",1,4,tt1877368,The Great British Baking Show,"Game-Show,Reality-TV",8.6,15026
2020-09-26,8,7,-,The Blacklist,TV Show,,"Sep 15, 2014",6,21,tt2741602,The Blacklist,"Crime,Drama,Mystery",7.9,296250
2020-09-26,9,10,-,Cocomelon,TV Show,,"Jun 1, 2020",18,39,tt12427840,Cocomelon,"Adventure,Animation,Family",3.6,1419
2020-09-26,10,8,7,Cobra Kai,TV Show,,"Aug 28, 2020",29,220,tt7221388,Cobra Kai,"Action,Comedy,Drama",8.4,237505
2020-09-27,1,1,-,Enola Holmes,Movie,Yes,"Sep 23, 2020",4,38,tt7846844,Enola Holmes,"Adventure,Crime,Drama",6.6,239490
2020-09-27,2,2,1,Ratched,TV Show,Yes,"Sep 18, 2020",9,88,tt7423538,Ratched,"Crime,Drama,History",7.2,77929
2020-09-27,3,3,-,Real Steel,Movie,,"Sep 24, 2020",3,24,tt0433035,Real Steel,"Action,Drama,Sci-Fi",7.1,376067
2020-09-27,4,4,2,Jurassic World: Camp Cretac…,TV Show,Yes,"Sep 18, 2020",9,73,,,,,
2020-09-27,5,6,3,The Take,Movie,,"Sep 16, 2020",10,63,tt2368619,The Take,"Action,Adventure,Crime",6.3,54376
2020-09-27,6,5,4,The Smurfs 2,Movie,,"Sep 15, 2020",11,72,tt2017020,The Smurfs 2,"Adventure,Animation,Comedy",5.3,49677
2020-09-27,7,-,-,The Good Place,TV Show,,"Aug 21, 2017",1,4,tt4955642,The Good Place,"Comedy,Drama,Fantasy",8.2,214222
2020-09-27,8,10,8,Cobra Kai,TV Show,,"Aug 28, 2020",30,223,tt7221388,Cobra Kai,"Action,Comedy,Drama",8.4,237505
2020-09-27,9,9,-,Cocomelon,TV Show,,"Jun 1, 2020",19,41,tt12427840,Cocomelon,"Adventure,Animation,Family",3.6,1419
2020-09-27,10,-,-,Sneakerheads,TV Show,Yes,"Sep 25, 2020",1,1,tt10151772,Sneakerheads,Comedy,6.1,1736
2020-09-28,1,2,1,Ratched,TV Show,Yes,"Sep 18, 2020",10,98,tt7423538,Ratched,"Crime,Drama,History",7.2,77929
2020-09-28,2,1,-,Enola Holmes,Movie,Yes,"Sep 23, 2020",5,47,tt7846844,Enola Holmes,"Adventure,Crime,Drama",6.6,239490
2020-09-28,3,3,-,Real Steel,Movie,,"Sep 24, 2020",4,32,tt0433035,Real Steel,"Action,Drama,Sci-Fi",7.1,376067
2020-09-28,4,7,-,The Good Place,TV Show,,"Aug 21, 2017",2,11,tt4955642,The Good Place,"Comedy,Drama,Fantasy",8.2,214222
2020-09-28,5,4,3,Jurassic World: Camp Cretac…,TV Show,Yes,"Sep 18, 2020",10,79,,,,,
2020-09-28,6,-,-,Bad Teacher,Movie,,"Sep 27, 2020",1,5,tt1284575,Bad Teacher,"Comedy,Romance",5.7,220486
2020-09-28,7,10,-,Sneakerheads,TV Show,Yes,"Sep 25, 2020",2,5,tt10151772,Sneakerheads,Comedy,6.1,1736
2020-09-28,8,5,2,The Take,Movie,,"Sep 16, 2020",11,66,tt2368619,The Take,"Action,Adventure,Crime",6.3,54376
2020-09-28,9,6,4,The Smurfs 2,Movie,,"Sep 15, 2020",12,74,tt2017020,The Smurfs 2,"Adventure,Animation,Comedy",5.3,49677
2020-09-28,10,8,6,Cobra Kai,TV Show,,"Aug 28, 2020",31,224,tt7221388,Cobra Kai,"Action,Comedy,Drama",8.4,237505
2020-09-29,1,1,1,Ratched,TV Show,Yes,"Sep 18, 2020",11,108,tt7423538,Ratched,"Crime,Drama,History",7.2,77929
2020-09-29,2,2,-,Enola Holmes,Movie,Yes,"Sep 23, 2020",6,56,tt7846844,Enola Holmes,"Adventure,Crime,Drama",6.6,239490
2020-09-29,3,3,-,Real Steel,Movie,,"Sep 24, 2020",5,40,tt0433035,Real Steel,"Action,Drama,Sci-Fi",7.1,376067
2020-09-29,4,6,-,Bad Teacher,Movie,,"Sep 27, 2020",2,12,tt1284575,Bad Teacher,"Comedy,Romance",5.7,220486
2020-09-29,5,4,-,The Good Place,TV Show,,"Aug 21, 2017",3,17,tt4955642,The Good Place,"Comedy,Drama,Fantasy",8.2,214222
2020-09-29,6,5,2,Jurassic World: Camp Cretac…,TV Show,Yes,"Sep 18, 2020",11,84,,,,,
2020-09-29,7,7,-,Sneakerheads,TV Show,Yes,"Sep 25, 2020",3,9,tt10151772,Sneakerheads,Comedy,6.1,1736
2020-09-29,8,-,-,Cocomelon,TV Show,,"Jun 1, 2020",20,44,tt12427840,Cocomelon,"Adventure,Animation,Family",3.6,1419
2020-09-29,9,10,5,Cobra Kai,TV Show,,"Aug 28, 2020",32,226,tt7221388,Cobra Kai,"Action,Comedy,Drama",8.4,237505
2020-09-29,10,-,8,The Blacklist,TV Show,,"Sep 15, 2014",7,22,tt2741602,The Blacklist,"Crime,Drama,Mystery",7.9,296250
2020-09-30,1,1,1,Ratched,TV Show,Yes,"Sep 18, 2020",12,118,tt7423538,Ratched,"Crime,Drama,History",7.2,77929
2020-09-30,2,4,-,Bad Teacher,Movie,,"Sep 27, 2020",3,21,tt1284575,Bad Teacher,"Comedy,Romance",5.7,220486
2020-09-30,3,2,-,Enola Holmes,Movie,Yes,"Sep 23, 2020",7,64,tt7846844,Enola Holmes,"Adventure,Crime,Drama",6.6,239490
2020-09-30,4,3,-,Real Steel,Movie,,"Sep 24, 2020",6,47,tt0433035,Real Steel,"Action,Drama,Sci-Fi",7.1,376067
2020-09-30,5,5,-,The Good Place,TV Show,,"Aug 21, 2017",4,23,tt4955642,The Good Place,"Comedy,Drama,Fantasy",8.2,214222
2020-09-30,6,6,2,Jurassic World: Camp Cretac…,TV Show,Yes,"Sep 18, 2020",12,89,,,,,
2020-09-30,7,8,-,Cocomelon,TV Show,,"Jun 1, 2020",21,48,tt12427840,Cocomelon,"Adventure,Animation,Family",3.6,1419
2020-09-30,8,7,-,Sneakerheads,TV Show,Yes,"Sep 25, 2020",4,12,tt10151772,Sneakerheads,Comedy,6.1,1736
2020-09-30,9,10,6,The Blacklist,TV Show,,"Sep 15, 2014",8,24,tt2741602,The Blacklist,"Crime,Drama,Mystery",7.9,296250
2020-09-30,10,9,5,Cobra Kai,TV Show,,"Aug 28, 2020",33,227,tt7221388,Cobra Kai,"Action,Comedy,Drama",8.4,237505
2020-10-01,1,-,-,American Murder: The Family…,Movie,Yes,"Sep 30, 2020",1,10,,,,,
2020-10-01,2,1,1,Ratched,TV Show,Yes,"Sep 18, 2020",13,127,tt7423538,Ratched,"Crime,Drama,History",7.2,77929
2020-10-01,3,2,-,Bad Teacher,Movie,,"Sep 27, 2020",4,29,tt1284575,Bad Teacher,"Comedy,Romance",5.7,220486
2020-10-01,4,3,2,Enola Holmes,Movie,Yes,"Sep 23, 2020",8,71,tt7846844,Enola Holmes,"Adventure,Crime,Drama",6.6,239490
2020-10-01,5,5,-,The Good Place,TV Show,,"Aug 21, 2017",5,29,tt4955642,The Good Place,"Comedy,Drama,Fantasy",8.2,214222
2020-10-01,6,4,-,Real Steel,Movie,,"Sep 24, 2020",7,52,tt0433035,Real Steel,"Action,Drama,Sci-Fi",7.1,376067
2020-10-01,7,-,-,Welcome to Sudden Death,Movie,,"Sep 29, 2020",1,4,tt10804786,Welcome to Sudden Death,"Action,Adventure,Drama",4.3,3478
2020-10-01,8,7,10,Cocomelon,TV Show,,"Jun 1, 2020",22,51,tt12427840,Cocomelon,"Adventure,Animation,Family",3.6,1419
2020-10-01,9,6,3,Jurassic World: Camp Cretac…,TV Show,Yes,"Sep 18, 2020",13,91,,,,,
2020-10-01,10,-,-,Wentworth,TV Show,Yes,"Nov 8, 2014",1,1,tt2433738,Wentworth,"Crime,Drama,Thriller",8.6,26544
2020-10-02,1,1,-,American Murder: The Family…,Movie,Yes,"Sep 30, 2020",2,20,,,,,
2020-10-02,2,2,1,Ratched,TV Show,Yes,"Sep 18, 2020",14,136,tt7423538,Ratched,"Crime,Drama,History",7.2,77929
2020-10-02,3,-,-,The Outpost,Movie,,"Oct 1, 2020",1,8,tt3833480,The Outpost,"Action,Drama,History",6.8,46762
2020-10-02,4,4,2,Enola Holmes,Movie,Yes,"Sep 23, 2020",9,78,tt7846844,Enola Holmes,"Adventure,Crime,Drama",6.6,239490
2020-10-02,5,5,-,The Good Place,TV Show,,"Aug 21, 2017",6,35,tt4955642,The Good Place,"Comedy,Drama,Fantasy",8.2,214222
2020-10-02,6,7,-,Welcome to Sudden Death,Movie,,"Sep 29, 2020",2,9,tt10804786,Welcome to Sudden Death,"Action,Adventure,Drama",4.3,3478
2020-10-02,7,10,-,Wentworth,TV Show,Yes,"Nov 8, 2014",2,5,tt2433738,Wentworth,"Crime,Drama,Thriller",8.6,26544
2020-10-02,8,3,-,Bad Teacher,Movie,,"Sep 27, 2020",5,32,tt1284575,Bad Teacher,"Comedy,Romance",5.7,220486
2020-10-02,9,-,-,Yogi Bear,Movie,,"Oct 1, 2020",1,2,tt1302067,Yogi Bear,"Adventure,Animation,Comedy",4.6,24417
2020-10-02,10,8,10,Cocomelon,TV Show,,"Jun 1, 2020",23,52,tt12427840,Cocomelon,"Adventure,Animation,Family",3.6,1419
2020-10-03,1,1,-,American Murder: The Family…,Movie,Yes,"Sep 30, 2020",3,30,,,,,
2020-10-03,2,2,2,Ratched,TV Show,Yes,"Sep 18, 2020",15,145,tt7423538,Ratched,"Crime,Drama,History",7.2,77929
2020-10-03,3,3,-,The Outpost,Movie,,"Oct 1, 2020",2,16,tt3833480,The Outpost,"Action,Drama,History",6.8,46762
2020-10-03,4,-,-,Emily in Paris,TV Show,Yes,"Oct 2, 2020",1,7,tt8962124,Emily in Paris,"Comedy,Drama,Romance",6.8,135858
2020-10-03,5,4,1,Enola Holmes,Movie,Yes,"Sep 23, 2020",10,84,tt7846844,Enola Holmes,"Adventure,Crime,Drama",6.6,239490
2020-10-03,6,6,-,Welcome to Sudden Death,Movie,,"Sep 29, 2020",3,14,tt10804786,Welcome to Sudden Death,"Action,Adventure,Drama",4.3,3478
2020-10-03,7,-,7,The Great British Baking Show,TV Show,,"Oct 3, 2015",2,8,tt1877368,The Great British Baking Show,"Game-Show,Reality-TV",8.6,15026
2020-10-03,8,7,-,Wentworth,TV Show,Yes,"Nov 8, 2014",3,8,tt2433738,Wentworth,"Crime,Drama,Thriller",8.6,26544
2020-10-03,9,5,-,The Good Place,TV Show,,"Aug 21, 2017",7,37,tt4955642,The Good Place,"Comedy,Drama,Fantasy",8.2,214222
2020-10-03,10,10,9,Cocomelon,TV Show,,"Jun 1, 2020",24,53,tt12427840,Cocomelon,"Adventure,Animation,Family",3.6,1419
2020-10-04,1,1,-,American Murder: The Family…,Movie,Yes,"Sep 30, 2020",4,40,,,,,
2020-10-04,2,4,-,Emily in Paris,TV Show,Yes,"Oct 2, 2020",2,16,tt8962124,Emily in Paris,"Comedy,Drama,Romance",6.8,135858
2020-10-04,3,2,2,Ratched,TV Show,Yes,"Sep 18, 2020",16,153,tt7423538,Ratched,"Crime,Drama,History",7.2,77929
2020-10-04,4,3,-,The Outpost,Movie,,"Oct 1, 2020",3,23,tt3833480,The Outpost,"Action,Drama,History",6.8,46762
2020-10-04,5,-,-,Schittâs Creek,TV Show,,"Jan 24, 2017",1,6,,,,,
2020-10-04,6,5,1,Enola Holmes,Movie,Yes,"Sep 23, 2020",11,89,tt7846844,Enola Holmes,"Adventure,Crime,Drama",6.6,239490
2020-10-04,7,6,-,Welcome to Sudden Death,Movie,,"Sep 29, 2020",4,18,tt10804786,Welcome to Sudden Death,"Action,Adventure,Drama",4.3,3478
2020-10-04,8,8,-,Wentworth,TV Show,Yes,"Nov 8, 2014",4,11,tt2433738,Wentworth,"Crime,Drama,Thriller",8.6,26544
2020-10-04,9,-,-,Yogi Bear,Movie,,"Oct 1, 2020",2,4,tt1302067,Yogi Bear,"Adventure,Animation,Comedy",4.6,24417
2020-10-04,10,10,9,Cocomelon,TV Show,,"Jun 1, 2020",25,54,tt12427840,Cocomelon,"Adventure,Animation,Family",3.6,1419
2020-10-05,1,1,-,American Murder: The Family…,Movie,Yes,"Sep 30, 2020",5,50,,,,,
2020-10-05,2,2,-,Emily in Paris,TV Show,Yes,"Oct 2, 2020",3,25,tt8962124,Emily in Paris,"Comedy,Drama,Romance",6.8,135858
2020-10-05,3,5,-,Schittâs Creek,TV Show,,"Jan 24, 2017",2,14,,,,,
2020-10-05,4,3,1,Ratched,TV Show,Yes,"Sep 18, 2020",17,160,tt7423538,Ratched,"Crime,Drama,History",7.2,77929
2020-10-05,5,-,-,Evil,TV Show,,"Oct 1, 2020",1,6,tt9055008,Evil,"Crime,Drama,Horror",7.7,50439
2020-10-05,6,4,-,The Outpost,Movie,,"Oct 1, 2020",4,28,tt3833480,The Outpost,"Action,Drama,History",6.8,46762
2020-10-05,7,6,2,Enola Holmes,Movie,Yes,"Sep 23, 2020",12,93,tt7846844,Enola Holmes,"Adventure,Crime,Drama",6.6,239490
2020-10-05,8,9,-,Yogi Bear,Movie,,"Oct 1, 2020",3,7,tt1302067,Yogi Bear,"Adventure,Animation,Comedy",4.6,24417
2020-10-05,9,7,-,Welcome to Sudden Death,Movie,,"Sep 29, 2020",5,20,tt10804786,Welcome to Sudden Death,"Action,Adventure,Drama",4.3,3478
2020-10-05,10,10,-,Cocomelon,TV Show,,"Jun 1, 2020",26,55,tt12427840,Cocomelon,"Adventure,Animation,Family",3.6,1419
2020-10-06,1,1,-,American Murder: The Family…,Movie,Yes,"Sep 30, 2020",6,60,,,,,
2020-10-06,2,2,-,Emily in Paris,TV Show,Yes,"Oct 2, 2020",4,34,tt8962124,Emily in Paris,"Comedy,Drama,Romance",6.8,135858
2020-10-06,3,3,-,Schittâs Creek,TV Show,,"Jan 24, 2017",3,22,,,,,
2020-10-06,4,4,1,Ratched,TV Show,Yes,"Sep 18, 2020",18,167,tt7423538,Ratched,"Crime,Drama,History",7.2,77929
2020-10-06,5,5,-,Evil,TV Show,,"Oct 1, 2020",2,12,tt9055008,Evil,"Crime,Drama,Horror",7.7,50439
2020-10-06,6,-,-,Big Daddy,Movie,,"Oct 1, 2020",1,5,tt0142342,Big Daddy,"Comedy,Drama",6.4,248280
2020-10-06,7,6,-,The Outpost,Movie,,"Oct 1, 2020",5,32,tt3833480,The Outpost,"Action,Drama,History",6.8,46762
2020-10-06,8,-,-,Colombiana,Movie,,"Oct 4, 2020",1,3,tt1657507,Colombiana,"Action,Crime,Drama",6.4,113149
2020-10-06,9,10,8,Cocomelon,TV Show,,"Jun 1, 2020",27,57,tt12427840,Cocomelon,"Adventure,Animation,Family",3.6,1419
2020-10-06,10,8,-,Yogi Bear,Movie,,"Oct 1, 2020",4,8,tt1302067,Yogi Bear,"Adventure,Animation,Comedy",4.6,24417
2020-10-07,1,1,-,American Murder: The Family…,Movie,Yes,"Sep 30, 2020",7,70,,,,,
2020-10-07,2,2,-,Emily in Paris,TV Show,Yes,"Oct 2, 2020",5,43,tt8962124,Emily in Paris,"Comedy,Drama,Romance",6.8,135858
2020-10-07,3,3,-,Schittâs Creek,TV Show,,"Jan 24, 2017",4,30,,,,,
2020-10-07,4,5,-,Evil,TV Show,,"Oct 1, 2020",3,19,tt9055008,Evil,"Crime,Drama,Horror",7.7,50439
2020-10-07,5,4,1,Ratched,TV Show,Yes,"Sep 18, 2020",19,173,tt7423538,Ratched,"Crime,Drama,History",7.2,77929
2020-10-07,6,-,-,American Pie Presents: Girl…,Movie,,"Oct 6, 2020",1,5,,,,,
2020-10-07,7,6,-,Big Daddy,Movie,,"Oct 1, 2020",2,9,tt0142342,Big Daddy,"Comedy,Drama",6.4,248280
2020-10-07,8,8,-,Colombiana,Movie,,"Oct 4, 2020",2,6,tt1657507,Colombiana,"Action,Crime,Drama",6.4,113149
2020-10-07,9,7,-,The Outpost,Movie,,"Oct 1, 2020",6,34,tt3833480,The Outpost,"Action,Drama,History",6.8,46762
2020-10-07,10,9,7,Cocomelon,TV Show,,"Jun 1, 2020",28,58,tt12427840,Cocomelon,"Adventure,Animation,Family",3.6,1419
2020-10-08,1,-,-,Hubie Halloween,Movie,Yes,"Oct 7, 2020",1,10,tt10682266,Hubie Halloween,"Comedy,Horror,Mystery",5.3,66895
2020-10-08,2,1,1,American Murder: The Family…,Movie,Yes,"Sep 30, 2020",8,79,,,,,
2020-10-08,3,2,-,Emily in Paris,TV Show,Yes,"Oct 2, 2020",6,51,tt8962124,Emily in Paris,"Comedy,Drama,Romance",6.8,135858
2020-10-08,4,3,-,Schittâs Creek,TV Show,,"Jan 24, 2017",5,37,,,,,
2020-10-08,5,6,-,American Pie Presents: Girl…,Movie,,"Oct 6, 2020",2,11,,,,,
2020-10-08,6,4,-,Evil,TV Show,,"Oct 1, 2020",4,24,tt9055008,Evil,"Crime,Drama,Horror",7.7,50439
2020-10-08,7,5,2,Ratched,TV Show,Yes,"Sep 18, 2020",20,177,tt7423538,Ratched,"Crime,Drama,History",7.2,77929
2020-10-08,8,10,8,Cocomelon,TV Show,,"Jun 1, 2020",29,61,tt12427840,Cocomelon,"Adventure,Animation,Family",3.6,1419
2020-10-08,9,8,-,Colombiana,Movie,,"Oct 4, 2020",3,8,tt1657507,Colombiana,"Action,Crime,Drama",6.4,113149
2020-10-08,10,7,-,Big Daddy,Movie,,"Oct 1, 2020",3,10,tt0142342,Big Daddy,"Comedy,Drama",6.4,248280
2020-10-09,1,1,-,Hubie Halloween,Movie,Yes,"Oct 7, 2020",2,20,tt10682266,Hubie Halloween,"Comedy,Horror,Mystery",5.3,66895
2020-10-09,2,2,1,American Murder: The Family…,Movie,Yes,"Sep 30, 2020",9,88,,,,,
2020-10-09,3,3,-,Emily in Paris,TV Show,Yes,"Oct 2, 2020",7,59,tt8962124,Emily in Paris,"Comedy,Drama,Romance",6.8,135858
2020-10-09,4,4,-,Schittâs Creek,TV Show,,"Jan 24, 2017",6,44,,,,,
2020-10-09,5,5,-,American Pie Presents: Girl…,Movie,,"Oct 6, 2020",3,17,,,,,
2020-10-09,6,-,-,The 100,TV Show,,"Oct 22, 2014",1,5,tt2661044,The 100,"Action,Drama,Sci-Fi",7.5,297991
2020-10-09,7,6,-,Evil,TV Show,,"Oct 1, 2020",5,28,tt9055008,Evil,"Crime,Drama,Horror",7.7,50439
2020-10-09,8,7,2,Ratched,TV Show,Yes,"Sep 18, 2020",21,180,tt7423538,Ratched,"Crime,Drama,History",7.2,77929
2020-10-09,9,8,10,Cocomelon,TV Show,,"Jun 1, 2020",30,63,tt12427840,Cocomelon,"Adventure,Animation,Family",3.6,1419
2020-10-09,10,9,-,Colombiana,Movie,,"Oct 4, 2020",4,9,tt1657507,Colombiana,"Action,Crime,Drama",6.4,113149
2020-10-10,1,1,-,Hubie Halloween,Movie,Yes,"Oct 7, 2020",3,30,tt10682266,Hubie Halloween,"Comedy,Horror,Mystery",5.3,66895
2020-10-10,2,-,-,The Haunting of Bly Manor,TV Show,Yes,"Oct 9, 2020",1,9,tt10970552,The Haunting of Bly Manor,"Drama,Horror,Mystery",7.4,141534
2020-10-10,3,3,4,Emily in Paris,TV Show,Yes,"Oct 2, 2020",8,67,tt8962124,Emily in Paris,"Comedy,Drama,Romance",6.8,135858
2020-10-10,4,2,1,American Murder: The Family…,Movie,Yes,"Sep 30, 2020",10,95,,,,,
2020-10-10,5,4,-,Schittâs Creek,TV Show,,"Jan 24, 2017",7,50,,,,,
2020-10-10,6,6,-,The 100,TV Show,,"Oct 22, 2014",2,10,tt2661044,The 100,"Action,Drama,Sci-Fi",7.5,297991
2020-10-10,7,5,-,American Pie Presents: Girl…,Movie,,"Oct 6, 2020",4,21,,,,,
2020-10-10,8,-,7,The Great British Baking Show,TV Show,,"Oct 3, 2015",3,11,tt1877368,The Great British Baking Show,"Game-Show,Reality-TV",8.6,15026
2020-10-10,9,8,2,Ratched,TV Show,Yes,"Sep 18, 2020",22,182,tt7423538,Ratched,"Crime,Drama,History",7.2,77929
2020-10-10,10,7,-,Evil,TV Show,,"Oct 1, 2020",6,29,tt9055008,Evil,"Crime,Drama,Horror",7.7,50439
2020-10-11,1,2,-,The Haunting of Bly Manor,TV Show,Yes,"Oct 9, 2020",2,19,tt10970552,The Haunting of Bly Manor,"Drama,Horror,Mystery",7.4,141534
2020-10-11,2,1,-,Hubie Halloween,Movie,Yes,"Oct 7, 2020",4,39,tt10682266,Hubie Halloween,"Comedy,Horror,Mystery",5.3,66895
2020-10-11,3,3,2,Emily in Paris,TV Show,Yes,"Oct 2, 2020",9,75,tt8962124,Emily in Paris,"Comedy,Drama,Romance",6.8,135858
2020-10-11,4,4,1,American Murder: The Family…,Movie,Yes,"Sep 30, 2020",11,102,,,,,
2020-10-11,5,5,5,Schittâs Creek,TV Show,,"Jan 24, 2017",8,56,,,,,
2020-10-11,6,7,-,American Pie Presents: Girl…,Movie,,"Oct 6, 2020",5,26,,,,,
2020-10-11,7,6,-,The 100,TV Show,,"Oct 22, 2014",3,14,tt2661044,The 100,"Action,Drama,Sci-Fi",7.5,297991
2020-10-11,8,9,3,Ratched,TV Show,Yes,"Sep 18, 2020",23,185,tt7423538,Ratched,"Crime,Drama,History",7.2,77929
2020-10-11,9,10,-,Evil,TV Show,,"Oct 1, 2020",7,31,tt9055008,Evil,"Crime,Drama,Horror",7.7,50439
2020-10-11,10,8,-,The Great British Baking Show,TV Show,,"Oct 3, 2015",4,12,tt1877368,The Great British Baking Show,"Game-Show,Reality-TV",8.6,15026
2020-10-12,1,1,-,The Haunting of Bly Manor,TV Show,Yes,"Oct 9, 2020",3,29,tt10970552,The Haunting of Bly Manor,"Drama,Horror,Mystery",7.4,141534
2020-10-12,2,2,-,Hubie Halloween,Movie,Yes,"Oct 7, 2020",5,48,tt10682266,Hubie Halloween,"Comedy,Horror,Mystery",5.3,66895
2020-10-12,3,3,2,Emily in Paris,TV Show,Yes,"Oct 2, 2020",10,83,tt8962124,Emily in Paris,"Comedy,Drama,Romance",6.8,135858
2020-10-12,4,6,-,American Pie Presents: Girl…,Movie,,"Oct 6, 2020",6,33,,,,,
2020-10-12,5,4,1,American Murder: The Family…,Movie,Yes,"Sep 30, 2020",12,108,,,,,
2020-10-12,6,5,3,Schittâs Creek,TV Show,,"Jan 24, 2017",9,61,,,,,
2020-10-12,7,7,-,The 100,TV Show,,"Oct 22, 2014",4,18,tt2661044,The 100,"Action,Drama,Sci-Fi",7.5,297991
2020-10-12,8,9,5,Evil,TV Show,,"Oct 1, 2020",8,34,tt9055008,Evil,"Crime,Drama,Horror",7.7,50439
2020-10-12,9,8,4,Ratched,TV Show,Yes,"Sep 18, 2020",24,187,tt7423538,Ratched,"Crime,Drama,History",7.2,77929
2020-10-12,10,-,10,Cocomelon,TV Show,,"Jun 1, 2020",31,64,tt12427840,Cocomelon,"Adventure,Animation,Family",3.6,1419
2020-10-13,1,1,-,The Haunting of Bly Manor,TV Show,Yes,"Oct 9, 2020",4,39,tt10970552,The Haunting of Bly Manor,"Drama,Horror,Mystery",7.4,141534
2020-10-13,2,2,-,Hubie Halloween,Movie,Yes,"Oct 7, 2020",6,57,tt10682266,Hubie Halloween,"Comedy,Horror,Mystery",5.3,66895
2020-10-13,3,3,2,Emily in Paris,TV Show,Yes,"Oct 2, 2020",11,91,tt8962124,Emily in Paris,"Comedy,Drama,Romance",6.8,135858
2020-10-13,4,6,3,Schittâs Creek,TV Show,,"Jan 24, 2017",10,68,,,,,
2020-10-13,5,7,-,The 100,TV Show,,"Oct 22, 2014",5,24,tt2661044,The 100,"Action,Drama,Sci-Fi",7.5,297991
2020-10-13,6,4,-,American Pie Presents: Girl…,Movie,,"Oct 6, 2020",7,38,,,,,
2020-10-13,7,5,1,American Murder: The Family…,Movie,Yes,"Sep 30, 2020",13,112,,,,,
2020-10-13,8,8,5,Evil,TV Show,,"Oct 1, 2020",9,37,tt9055008,Evil,"Crime,Drama,Horror",7.7,50439
2020-10-13,9,9,4,Ratched,TV Show,Yes,"Sep 18, 2020",25,189,tt7423538,Ratched,"Crime,Drama,History",7.2,77929
2020-10-13,10,10,9,Cocomelon,TV Show,,"Jun 1, 2020",32,65,tt12427840,Cocomelon,"Adventure,Animation,Family",3.6,1419
2020-10-14,1,1,-,The Haunting of Bly Manor,TV Show,Yes,"Oct 9, 2020",5,49,tt10970552,The Haunting of Bly Manor,"Drama,Horror,Mystery",7.4,141534
2020-10-14,2,2,-,Hubie Halloween,Movie,Yes,"Oct 7, 2020",7,66,tt10682266,Hubie Halloween,"Comedy,Horror,Mystery",5.3,66895
2020-10-14,3,3,2,Emily in Paris,TV Show,Yes,"Oct 2, 2020",12,99,tt8962124,Emily in Paris,"Comedy,Drama,Romance",6.8,135858
2020-10-14,4,4,3,Schittâs Creek,TV Show,,"Jan 24, 2017",11,75,,,,,
2020-10-14,5,5,-,The 100,TV Show,,"Oct 22, 2014",6,30,tt2661044,The 100,"Action,Drama,Sci-Fi",7.5,297991
2020-10-14,6,8,4,Evil,TV Show,,"Oct 1, 2020",10,42,tt9055008,Evil,"Crime,Drama,Horror",7.7,50439
2020-10-14,7,7,1,American Murder: The Family…,Movie,Yes,"Sep 30, 2020",14,116,,,,,
2020-10-14,8,10,10,Cocomelon,TV Show,,"Jun 1, 2020",33,68,tt12427840,Cocomelon,"Adventure,Animation,Family",3.6,1419
2020-10-14,9,6,6,American Pie Presents: Girl…,Movie,,"Oct 6, 2020",8,40,,,,,
2020-10-14,10,9,5,Ratched,TV Show,Yes,"Sep 18, 2020",26,190,tt7423538,Ratched,"Crime,Drama,History",7.2,77929
2020-10-15,1,1,-,The Haunting of Bly Manor,TV Show,Yes,"Oct 9, 2020",6,59,tt10970552,The Haunting of Bly Manor,"Drama,Horror,Mystery",7.4,141534
2020-10-15,2,2,1,Hubie Halloween,Movie,Yes,"Oct 7, 2020",8,75,tt10682266,Hubie Halloween,"Comedy,Horror,Mystery",5.3,66895
2020-10-15,3,3,3,Emily in Paris,TV Show,Yes,"Oct 2, 2020",13,107,tt8962124,Emily in Paris,"Comedy,Drama,Romance",6.8,135858
2020-10-15,4,4,4,Schittâs Creek,TV Show,,"Jan 24, 2017",12,82,,,,,
2020-10-15,5,5,-,The 100,TV Show,,"Oct 22, 2014",7,36,tt2661044,The 100,"Action,Drama,Sci-Fi",7.5,297991
2020-10-15,6,-,-,The Cabin with Bert Kreischer,TV Show,Yes,"Oct 13, 2020",1,5,tt11666848,The Cabin with Bert Kreischer,"Comedy,Reality-TV",6.8,2175
2020-10-15,7,6,6,Evil,TV Show,,"Oct 1, 2020",11,46,tt9055008,Evil,"Crime,Drama,Horror",7.7,50439
2020-10-15,8,-,-,Moneyball,Movie,,"Oct 14, 2020",1,3,tt1210166,Moneyball,"Biography,Drama,Sport",7.6,498971
2020-10-15,9,8,8,Cocomelon,TV Show,,"Jun 1, 2020",34,70,tt12427840,Cocomelon,"Adventure,Animation,Family",3.6,1419
2020-10-15,10,7,2,American Murder: The Family…,Movie,Yes,"Sep 30, 2020",15,117,,,,,
2020-10-16,1,1,-,The Haunting of Bly Manor,TV Show,Yes,"Oct 9, 2020",7,69,tt10970552,The Haunting of Bly Manor,"Drama,Horror,Mystery",7.4,141534
2020-10-16,2,2,1,Hubie Halloween,Movie,Yes,"Oct 7, 2020",9,84,tt10682266,Hubie Halloween,"Comedy,Horror,Mystery",5.3,66895
2020-10-16,3,3,3,Emily in Paris,TV Show,Yes,"Oct 2, 2020",14,115,tt8962124,Emily in Paris,"Comedy,Drama,Romance",6.8,135858
2020-10-16,4,8,-,Moneyball,Movie,,"Oct 14, 2020",2,10,tt1210166,Moneyball,"Biography,Drama,Sport",7.6,498971
2020-10-16,5,4,4,Schittâs Creek,TV Show,,"Jan 24, 2017",13,88,,,,,
2020-10-16,6,5,6,The 100,TV Show,,"Oct 22, 2014",8,41,tt2661044,The 100,"Action,Drama,Sci-Fi",7.5,297991
2020-10-16,7,6,-,The Cabin with Bert Kreischer,TV Show,Yes,"Oct 13, 2020",2,9,tt11666848,The Cabin with Bert Kreischer,"Comedy,Reality-TV",6.8,2175
2020-10-16,8,7,7,Evil,TV Show,,"Oct 1, 2020",12,49,tt9055008,Evil,"Crime,Drama,Horror",7.7,50439
2020-10-16,9,-,-,One on One,TV Show,,"Oct 15, 2020",1,2,tt0284770,One on One,Comedy,7.2,2784
2020-10-16,10,9,9,Cocomelon,TV Show,,"Jun 1, 2020",35,71,tt12427840,Cocomelon,"Adventure,Animation,Family",3.6,1419
2020-10-17,1,1,2,The Haunting of Bly Manor,TV Show,Yes,"Oct 9, 2020",8,79,tt10970552,The Haunting of Bly Manor,"Drama,Horror,Mystery",7.4,141534
2020-10-17,2,2,1,Hubie Halloween,Movie,Yes,"Oct 7, 2020",10,93,tt10682266,Hubie Halloween,"Comedy,Horror,Mystery",5.3,66895
2020-10-17,3,4,-,Moneyball,Movie,,"Oct 14, 2020",3,18,tt1210166,Moneyball,"Biography,Drama,Sport",7.6,498971
2020-10-17,4,-,-,The Trial of the Chicago 7,Movie,Yes,"Oct 16, 2020",1,7,tt1070874,The Trial of the Chicago 7,"Drama,History,Thriller",7.7,202983
2020-10-17,5,3,3,Emily in Paris,TV Show,Yes,"Oct 2, 2020",15,121,tt8962124,Emily in Paris,"Comedy,Drama,Romance",6.8,135858
2020-10-17,6,-,-,A Babysitterâs Guide to Mon…,Movie,Yes,"Oct 15, 2020",1,5,,,,,
2020-10-17,7,-,8,The Great British Baking Show,TV Show,,"Oct 3, 2015",5,16,tt1877368,The Great British Baking Show,"Game-Show,Reality-TV",8.6,15026
2020-10-17,8,5,5,Schittâs Creek,TV Show,,"Jan 24, 2017",14,91,,,,,
2020-10-17,9,7,-,The Cabin with Bert Kreischer,TV Show,Yes,"Oct 13, 2020",3,11,tt11666848,The Cabin with Bert Kreischer,"Comedy,Reality-TV",6.8,2175
2020-10-17,10,8,10,Evil,TV Show,,"Oct 1, 2020",13,50,tt9055008,Evil,"Crime,Drama,Horror",7.7,50439
2020-10-18,1,1,1,The Haunting of Bly Manor,TV Show,Yes,"Oct 9, 2020",9,89,tt10970552,The Haunting of Bly Manor,"Drama,Horror,Mystery",7.4,141534
2020-10-18,2,2,2,Hubie Halloween,Movie,Yes,"Oct 7, 2020",11,102,tt10682266,Hubie Halloween,"Comedy,Horror,Mystery",5.3,66895
2020-10-18,3,4,-,The Trial of the Chicago 7,Movie,Yes,"Oct 16, 2020",2,15,tt1070874,The Trial of the Chicago 7,"Drama,History,Thriller",7.7,202983
2020-10-18,4,3,-,Moneyball,Movie,,"Oct 14, 2020",4,25,tt1210166,Moneyball,"Biography,Drama,Sport",7.6,498971
2020-10-18,5,5,3,Emily in Paris,TV Show,Yes,"Oct 2, 2020",16,127,tt8962124,Emily in Paris,"Comedy,Drama,Romance",6.8,135858
2020-10-18,6,6,-,A Babysitterâs Guide to Mon…,Movie,Yes,"Oct 15, 2020",2,10,,,,,
2020-10-18,7,8,5,Schittâs Creek,TV Show,,"Jan 24, 2017",15,95,,,,,
2020-10-18,8,10,9,Evil,TV Show,,"Oct 1, 2020",14,53,tt9055008,Evil,"Crime,Drama,Horror",7.7,50439
2020-10-18,9,-,-,Cocomelon,TV Show,,"Jun 1, 2020",36,73,tt12427840,Cocomelon,"Adventure,Animation,Family",3.6,1419
2020-10-18,10,7,10,The Great British Baking Show,TV Show,,"Oct 3, 2015",6,17,tt1877368,The Great British Baking Show,"Game-Show,Reality-TV",8.6,15026
2020-10-19,1,1,1,The Haunting of Bly Manor,TV Show,Yes,"Oct 9, 2020",10,99,tt10970552,The Haunting of Bly Manor,"Drama,Horror,Mystery",7.4,141534
2020-10-19,2,2,2,Hubie Halloween,Movie,Yes,"Oct 7, 2020",12,111,tt10682266,Hubie Halloween,"Comedy,Horror,Mystery",5.3,66895
2020-10-19,3,3,-,The Trial of the Chicago 7,Movie,Yes,"Oct 16, 2020",3,23,tt1070874,The Trial of the Chicago 7,"Drama,History,Thriller",7.7,202983
2020-10-19,4,5,3,Emily in Paris,TV Show,Yes,"Oct 2, 2020",17,134,tt8962124,Emily in Paris,"Comedy,Drama,Romance",6.8,135858
2020-10-19,5,4,-,Moneyball,Movie,,"Oct 14, 2020",5,31,tt1210166,Moneyball,"Biography,Drama,Sport",7.6,498971
2020-10-19,6,6,-,A Babysitterâs Guide to Mon…,Movie,Yes,"Oct 15, 2020",3,15,,,,,
2020-10-19,7,7,6,Schittâs Creek,TV Show,,"Jan 24, 2017",16,99,,,,,
2020-10-19,8,8,8,Evil,TV Show,,"Oct 1, 2020",15,56,tt9055008,Evil,"Crime,Drama,Horror",7.7,50439
2020-10-19,9,-,-,Dream Home Makeover,TV Show,Yes,"Oct 16, 2020",1,2,tt13161310,Dream Home Makeover,Reality-TV,5.8,1665
2020-10-19,10,9,10,Cocomelon,TV Show,,"Jun 1, 2020",37,74,tt12427840,Cocomelon,"Adventure,Animation,Family",3.6,1419
2020-10-20,1,1,1,The Haunting of Bly Manor,TV Show,Yes,"Oct 9, 2020",11,109,tt10970552,The Haunting of Bly Manor,"Drama,Horror,Mystery",7.4,141534
2020-10-20,2,-,-,Unsolved Mysteries,TV Show,Yes,"Jul 1, 2020",23,167,tt9642938,Unsolved Mysteries,"Crime,Documentary,Mystery",7.3,13961
2020-10-20,3,2,2,Hubie Halloween,Movie,Yes,"Oct 7, 2020",13,119,tt10682266,Hubie Halloween,"Comedy,Horror,Mystery",5.3,66895
2020-10-20,4,4,3,Emily in Paris,TV Show,Yes,"Oct 2, 2020",18,141,tt8962124,Emily in Paris,"Comedy,Drama,Romance",6.8,135858
2020-10-20,5,3,-,The Trial of the Chicago 7,Movie,Yes,"Oct 16, 2020",4,29,tt1070874,The Trial of the Chicago 7,"Drama,History,Thriller",7.7,202983
2020-10-20,6,7,4,Schittâs Creek,TV Show,,"Jan 24, 2017",17,104,,,,,
2020-10-20,7,5,-,Moneyball,Movie,,"Oct 14, 2020",6,35,tt1210166,Moneyball,"Biography,Drama,Sport",7.6,498971
2020-10-20,8,10,10,Cocomelon,TV Show,,"Jun 1, 2020",38,77,tt12427840,Cocomelon,"Adventure,Animation,Family",3.6,1419
2020-10-20,9,8,8,Evil,TV Show,,"Oct 1, 2020",16,58,tt9055008,Evil,"Crime,Drama,Horror",7.7,50439
2020-10-20,10,9,-,Dream Home Makeover,TV Show,Yes,"Oct 16, 2020",2,3,tt13161310,Dream Home Makeover,Reality-TV,5.8,1665
2020-10-21,1,2,-,Unsolved Mysteries,TV Show,Yes,"Jul 1, 2020",24,177,tt9642938,Unsolved Mysteries,"Crime,Documentary,Mystery",7.3,13961
2020-10-21,2,1,1,The Haunting of Bly Manor,TV Show,Yes,"Oct 9, 2020",12,118,tt10970552,The Haunting of Bly Manor,"Drama,Horror,Mystery",7.4,141534
2020-10-21,3,4,3,Emily in Paris,TV Show,Yes,"Oct 2, 2020",19,149,tt8962124,Emily in Paris,"Comedy,Drama,Romance",6.8,135858
2020-10-21,4,3,2,Hubie Halloween,Movie,Yes,"Oct 7, 2020",14,126,tt10682266,Hubie Halloween,"Comedy,Horror,Mystery",5.3,66895
2020-10-21,5,6,4,Schittâs Creek,TV Show,,"Jan 24, 2017",18,110,,,,,
2020-10-21,6,8,8,Cocomelon,TV Show,,"Jun 1, 2020",39,82,tt12427840,Cocomelon,"Adventure,Animation,Family",3.6,1419
2020-10-21,7,9,6,Evil,TV Show,,"Oct 1, 2020",17,62,tt9055008,Evil,"Crime,Drama,Horror",7.7,50439
2020-10-21,8,5,-,The Trial of the Chicago 7,Movie,Yes,"Oct 16, 2020",5,32,tt1070874,The Trial of the Chicago 7,"Drama,History,Thriller",7.7,202983
2020-10-21,9,-,-,Tremors: Shrieker Island,Movie,,"Oct 20, 2020",1,2,tt8322060,Tremors: Shrieker Island,"Action,Adventure,Comedy",5.4,6057
2020-10-21,10,-,-,Grand Army,TV Show,Yes,"Oct 16, 2020",1,1,tt10473150,Grand Army,Drama,7.5,9887
2020-10-22,1,1,-,Unsolved Mysteries,TV Show,Yes,"Jul 1, 2020",25,187,tt9642938,Unsolved Mysteries,"Crime,Documentary,Mystery",7.3,13961
2020-10-22,2,2,1,The Haunting of Bly Manor,TV Show,Yes,"Oct 9, 2020",13,127,tt10970552,The Haunting of Bly Manor,"Drama,Horror,Mystery",7.4,141534
2020-10-22,3,-,-,Rebecca,Movie,Yes,"Oct 21, 2020",1,8,tt0032976,Rebecca,"Drama,Mystery,Romance",8.1,161087
2020-10-22,4,-,-,My Next Guest Needs No Intr…,TV Show,Yes,"Jan 12, 2018",1,7,,,,,
2020-10-22,5,3,3,Emily in Paris,TV Show,Yes,"Oct 2, 2020",20,155,tt8962124,Emily in Paris,"Comedy,Drama,Romance",6.8,135858
2020-10-22,6,9,-,Tremors: Shrieker Island,Movie,,"Oct 20, 2020",2,7,tt8322060,Tremors: Shrieker Island,"Action,Adventure,Comedy",5.4,6057
2020-10-22,7,4,2,Hubie Halloween,Movie,Yes,"Oct 7, 2020",15,130,tt10682266,Hubie Halloween,"Comedy,Horror,Mystery",5.3,66895
2020-10-22,8,10,-,Grand Army,TV Show,Yes,"Oct 16, 2020",2,4,tt10473150,Grand Army,Drama,7.5,9887
2020-10-22,9,5,4,Schittâs Creek,TV Show,,"Jan 24, 2017",19,112,,,,,
2020-10-22,10,6,9,Cocomelon,TV Show,,"Jun 1, 2020",40,83,tt12427840,Cocomelon,"Adventure,Animation,Family",3.6,1419
2020-10-23,1,1,-,Unsolved Mysteries,TV Show,Yes,"Jul 1, 2020",26,197,tt9642938,Unsolved Mysteries,"Crime,Documentary,Mystery",7.3,13961
2020-10-23,2,2,1,The Haunting of Bly Manor,TV Show,Yes,"Oct 9, 2020",14,136,tt10970552,The Haunting of Bly Manor,"Drama,Horror,Mystery",7.4,141534
2020-10-23,3,3,-,Rebecca,Movie,Yes,"Oct 21, 2020",2,16,tt0032976,Rebecca,"Drama,Mystery,Romance",8.1,161087
2020-10-23,4,4,-,My Next Guest Needs No Intr…,TV Show,Yes,"Jan 12, 2018",2,14,,,,,
2020-10-23,5,8,-,Grand Army,TV Show,Yes,"Oct 16, 2020",3,10,tt10473150,Grand Army,Drama,7.5,9887
2020-10-23,6,-,-,"Yes, God, Yes",Movie,,"Oct 22, 2020",1,5,tt8949056,"Yes, God, Yes","Comedy,Drama",6.1,19688
2020-10-23,7,6,-,Tremors: Shrieker Island,Movie,,"Oct 20, 2020",3,11,tt8322060,Tremors: Shrieker Island,"Action,Adventure,Comedy",5.4,6057
2020-10-23,8,10,10,Cocomelon,TV Show,,"Jun 1, 2020",41,86,tt12427840,Cocomelon,"Adventure,Animation,Family",3.6,1419
2020-10-23,9,5,3,Emily in Paris,TV Show,Yes,"Oct 2, 2020",21,157,tt8962124,Emily in Paris,"Comedy,Drama,Romance",6.8,135858
2020-10-23,10,9,5,Schittâs Creek,TV Show,,"Jan 24, 2017",20,113,,,,,
2020-10-24,1,1,-,Unsolved Mysteries,TV Show,Yes,"Jul 1, 2020",27,207,tt9642938,Unsolved Mysteries,"Crime,Documentary,Mystery",7.3,13961
2020-10-24,2,4,-,My Next Guest Needs No Intr…,TV Show,Yes,"Jan 12, 2018",3,23,,,,,
2020-10-24,3,-,-,Over the Moon,Movie,Yes,"Oct 23, 2020",1,8,tt7488208,Over the Moon,"Adventure,Animation,Comedy",6.3,26522
2020-10-24,4,2,1,The Haunting of Bly Manor,TV Show,Yes,"Oct 9, 2020",15,143,tt10970552,The Haunting of Bly Manor,"Drama,Horror,Mystery",7.4,141534
2020-10-24,5,3,-,Rebecca,Movie,Yes,"Oct 21, 2020",3,22,tt0032976,Rebecca,"Drama,Mystery,Romance",8.1,161087
2020-10-24,6,-,-,Barbarians,TV Show,Yes,"Oct 23, 2020",1,5,tt9184986,Barbarians,"Action,Adventure,Drama",7.2,32720
2020-10-24,7,6,-,"Yes, God, Yes",Movie,,"Oct 22, 2020",2,9,tt8949056,"Yes, God, Yes","Comedy,Drama",6.1,19688
2020-10-24,8,-,7,The Great British Baking Show,TV Show,,"Oct 3, 2015",7,20,tt1877368,The Great British Baking Show,"Game-Show,Reality-TV",8.6,15026
2020-10-24,9,5,-,Grand Army,TV Show,Yes,"Oct 16, 2020",4,12,tt10473150,Grand Army,Drama,7.5,9887
2020-10-24,10,-,-,The Queenâs Gambit,TV Show,Yes,"Oct 23, 2020",1,1,,,,,
2020-10-25,1,10,-,The Queenâs Gambit,TV Show,Yes,"Oct 23, 2020",2,11,,,,,
2020-10-25,2,1,-,Unsolved Mysteries,TV Show,Yes,"Jul 1, 2020",28,216,tt9642938,Unsolved Mysteries,"Crime,Documentary,Mystery",7.3,13961
2020-10-25,3,3,-,Over the Moon,Movie,Yes,"Oct 23, 2020",2,16,tt7488208,Over the Moon,"Adventure,Animation,Comedy",6.3,26522
2020-10-25,4,2,-,My Next Guest Needs No Intr…,TV Show,Yes,"Jan 12, 2018",4,30,,,,,
2020-10-25,5,6,-,Barbarians,TV Show,Yes,"Oct 23, 2020",2,11,tt9184986,Barbarians,"Action,Adventure,Drama",7.2,32720
2020-10-25,6,5,-,Rebecca,Movie,Yes,"Oct 21, 2020",4,27,tt0032976,Rebecca,"Drama,Mystery,Romance",8.1,161087
2020-10-25,7,4,1,The Haunting of Bly Manor,TV Show,Yes,"Oct 9, 2020",16,147,tt10970552,The Haunting of Bly Manor,"Drama,Horror,Mystery",7.4,141534
2020-10-25,8,9,-,Grand Army,TV Show,Yes,"Oct 16, 2020",5,15,tt10473150,Grand Army,Drama,7.5,9887
2020-10-25,9,-,2,Hubie Halloween,Movie,Yes,"Oct 7, 2020",16,132,tt10682266,Hubie Halloween,"Comedy,Horror,Mystery",5.3,66895
2020-10-25,10,7,-,"Yes, God, Yes",Movie,,"Oct 22, 2020",3,10,tt8949056,"Yes, God, Yes","Comedy,Drama",6.1,19688
2020-10-26,1,1,-,The Queenâs Gambit,TV Show,Yes,"Oct 23, 2020",3,21,,,,,
2020-10-26,2,3,-,Over the Moon,Movie,Yes,"Oct 23, 2020",3,25,tt7488208,Over the Moon,"Adventure,Animation,Comedy",6.3,26522
2020-10-26,3,5,-,Barbarians,TV Show,Yes,"Oct 23, 2020",3,19,tt9184986,Barbarians,"Action,Adventure,Drama",7.2,32720
2020-10-26,4,2,-,Unsolved Mysteries,TV Show,Yes,"Jul 1, 2020",29,223,tt9642938,Unsolved Mysteries,"Crime,Documentary,Mystery",7.3,13961
2020-10-26,5,4,-,My Next Guest Needs No Intr…,TV Show,Yes,"Jan 12, 2018",5,36,,,,,
2020-10-26,6,7,1,The Haunting of Bly Manor,TV Show,Yes,"Oct 9, 2020",17,152,tt10970552,The Haunting of Bly Manor,"Drama,Horror,Mystery",7.4,141534
2020-10-26,7,6,-,Rebecca,Movie,Yes,"Oct 21, 2020",5,31,tt0032976,Rebecca,"Drama,Mystery,Romance",8.1,161087
2020-10-26,8,8,-,Grand Army,TV Show,Yes,"Oct 16, 2020",6,18,tt10473150,Grand Army,Drama,7.5,9887
2020-10-26,9,9,2,Hubie Halloween,Movie,Yes,"Oct 7, 2020",17,134,tt10682266,Hubie Halloween,"Comedy,Horror,Mystery",5.3,66895
2020-10-26,10,10,-,"Yes, God, Yes",Movie,,"Oct 22, 2020",4,11,tt8949056,"Yes, God, Yes","Comedy,Drama",6.1,19688
2020-10-27,1,1,-,The Queenâs Gambit,TV Show,Yes,"Oct 23, 2020",4,31,,,,,
2020-10-27,2,3,-,Barbarians,TV Show,Yes,"Oct 23, 2020",4,28,tt9184986,Barbarians,"Action,Adventure,Drama",7.2,32720
2020-10-27,3,2,-,Over the Moon,Movie,Yes,"Oct 23, 2020",4,33,tt7488208,Over the Moon,"Adventure,Animation,Comedy",6.3,26522
2020-10-27,4,4,2,Unsolved Mysteries,TV Show,Yes,"Jul 1, 2020",30,230,tt9642938,Unsolved Mysteries,"Crime,Documentary,Mystery",7.3,13961
2020-10-27,5,6,1,The Haunting of Bly Manor,TV Show,Yes,"Oct 9, 2020",18,158,tt10970552,The Haunting of Bly Manor,"Drama,Horror,Mystery",7.4,141534
2020-10-27,6,5,-,My Next Guest Needs No Intr…,TV Show,Yes,"Jan 12, 2018",6,41,,,,,
2020-10-27,7,8,-,Grand Army,TV Show,Yes,"Oct 16, 2020",7,22,tt10473150,Grand Army,Drama,7.5,9887
2020-10-27,8,-,8,Cocomelon,TV Show,,"Jun 1, 2020",42,89,tt12427840,Cocomelon,"Adventure,Animation,Family",3.6,1419
2020-10-27,9,7,-,Rebecca,Movie,Yes,"Oct 21, 2020",6,33,tt0032976,Rebecca,"Drama,Mystery,Romance",8.1,161087
2020-10-27,10,-,6,Schittâs Creek,TV Show,,"Jan 24, 2017",21,114,,,,,
2020-10-28,1,1,-,The Queenâs Gambit,TV Show,Yes,"Oct 23, 2020",5,41,,,,,
2020-10-28,2,2,-,Barbarians,TV Show,Yes,"Oct 23, 2020",5,37,tt9184986,Barbarians,"Action,Adventure,Drama",7.2,32720
2020-10-28,3,3,-,Over the Moon,Movie,Yes,"Oct 23, 2020",5,41,tt7488208,Over the Moon,"Adventure,Animation,Comedy",6.3,26522
2020-10-28,4,-,-,Blood of Zeus,TV Show,Yes,"Oct 27, 2020",1,7,tt10009170,Blood of Zeus,"Action,Adventure,Animation",7.5,27930
2020-10-28,5,4,1,Unsolved Mysteries,TV Show,Yes,"Jul 1, 2020",31,236,tt9642938,Unsolved Mysteries,"Crime,Documentary,Mystery",7.3,13961
2020-10-28,6,5,2,The Haunting of Bly Manor,TV Show,Yes,"Oct 9, 2020",19,163,tt10970552,The Haunting of Bly Manor,"Drama,Horror,Mystery",7.4,141534
2020-10-28,7,7,10,Grand Army,TV Show,Yes,"Oct 16, 2020",8,26,tt10473150,Grand Army,Drama,7.5,9887
2020-10-28,8,6,-,My Next Guest Needs No Intr…,TV Show,Yes,"Jan 12, 2018",7,44,,,,,
2020-10-28,9,8,6,Cocomelon,TV Show,,"Jun 1, 2020",43,91,tt12427840,Cocomelon,"Adventure,Animation,Family",3.6,1419
2020-10-28,10,10,5,Schittâs Creek,TV Show,,"Jan 24, 2017",22,115,,,,,
2020-10-29,1,-,-,Holidate,Movie,Yes,"Oct 28, 2020",1,10,tt9866072,Holidate,"Comedy,Romance",6.2,85799
2020-10-29,2,1,-,The Queenâs Gambit,TV Show,Yes,"Oct 23, 2020",6,50,,,,,
2020-10-29,3,4,-,Blood of Zeus,TV Show,Yes,"Oct 27, 2020",2,15,tt10009170,Blood of Zeus,"Action,Adventure,Animation",7.5,27930
2020-10-29,4,2,-,Barbarians,TV Show,Yes,"Oct 23, 2020",6,44,tt9184986,Barbarians,"Action,Adventure,Drama",7.2,32720
2020-10-29,5,3,-,Over the Moon,Movie,Yes,"Oct 23, 2020",6,47,tt7488208,Over the Moon,"Adventure,Animation,Comedy",6.3,26522
2020-10-29,6,6,2,The Haunting of Bly Manor,TV Show,Yes,"Oct 9, 2020",20,168,tt10970552,The Haunting of Bly Manor,"Drama,Horror,Mystery",7.4,141534
2020-10-29,7,7,8,Grand Army,TV Show,Yes,"Oct 16, 2020",9,30,tt10473150,Grand Army,Drama,7.5,9887
2020-10-29,8,5,1,Unsolved Mysteries,TV Show,Yes,"Jul 1, 2020",32,239,tt9642938,Unsolved Mysteries,"Crime,Documentary,Mystery",7.3,13961
2020-10-29,9,9,10,Cocomelon,TV Show,,"Jun 1, 2020",44,93,tt12427840,Cocomelon,"Adventure,Animation,Family",3.6,1419
2020-10-29,10,8,4,My Next Guest Needs No Intr…,TV Show,Yes,"Jan 12, 2018",8,45,,,,,
2020-10-30,1,1,-,Holidate,Movie,Yes,"Oct 28, 2020",2,20,tt9866072,Holidate,"Comedy,Romance",6.2,85799
2020-10-30,2,2,-,The Queenâs Gambit,TV Show,Yes,"Oct 23, 2020",7,59,,,,,
2020-10-30,3,3,-,Blood of Zeus,TV Show,Yes,"Oct 27, 2020",3,23,tt10009170,Blood of Zeus,"Action,Adventure,Animation",7.5,27930
2020-10-30,4,4,-,Barbarians,TV Show,Yes,"Oct 23, 2020",7,51,tt9184986,Barbarians,"Action,Adventure,Drama",7.2,32720
2020-10-30,5,5,-,Over the Moon,Movie,Yes,"Oct 23, 2020",7,53,tt7488208,Over the Moon,"Adventure,Animation,Comedy",6.3,26522
2020-10-30,6,-,-,Secrets of the Saqqara Tomb,Movie,Yes,"Oct 28, 2020",1,5,tt13150630,Secrets of the Saqqara Tomb,"Documentary,History",7.2,7488
2020-10-30,7,7,5,Grand Army,TV Show,Yes,"Oct 16, 2020",10,34,tt10473150,Grand Army,Drama,7.5,9887
2020-10-30,8,6,2,The Haunting of Bly Manor,TV Show,Yes,"Oct 9, 2020",21,171,tt10970552,The Haunting of Bly Manor,"Drama,Horror,Mystery",7.4,141534
2020-10-30,9,8,1,Unsolved Mysteries,TV Show,Yes,"Jul 1, 2020",33,241,tt9642938,Unsolved Mysteries,"Crime,Documentary,Mystery",7.3,13961
2020-10-30,10,9,8,Cocomelon,TV Show,,"Jun 1, 2020",45,94,tt12427840,Cocomelon,"Adventure,Animation,Family",3.6,1419
2020-10-31,1,1,-,Holidate,Movie,Yes,"Oct 28, 2020",3,30,tt9866072,Holidate,"Comedy,Romance",6.2,85799
2020-10-31,2,2,10,The Queenâs Gambit,TV Show,Yes,"Oct 23, 2020",8,68,,,,,
2020-10-31,3,-,8,The Great British Baking Show,TV Show,,"Oct 3, 2015",8,28,tt1877368,The Great British Baking Show,"Game-Show,Reality-TV",8.6,15026
2020-10-31,4,5,3,Over the Moon,Movie,Yes,"Oct 23, 2020",8,60,tt7488208,Over the Moon,"Adventure,Animation,Comedy",6.3,26522
2020-10-31,5,3,-,Blood of Zeus,TV Show,Yes,"Oct 27, 2020",4,29,tt10009170,Blood of Zeus,"Action,Adventure,Animation",7.5,27930
2020-10-31,6,6,-,Secrets of the Saqqara Tomb,Movie,Yes,"Oct 28, 2020",2,10,tt13150630,Secrets of the Saqqara Tomb,"Documentary,History",7.2,7488
2020-10-31,7,4,6,Barbarians,TV Show,Yes,"Oct 23, 2020",8,55,tt9184986,Barbarians,"Action,Adventure,Drama",7.2,32720
2020-10-31,8,-,-,Rogue City,Movie,Yes,"Oct 30, 2020",1,3,tt10127684,Rogue City,"Action,Crime,Drama",6.1,10610
2020-10-31,9,8,4,The Haunting of Bly Manor,TV Show,Yes,"Oct 9, 2020",22,173,tt10970552,The Haunting of Bly Manor,"Drama,Horror,Mystery",7.4,141534
2020-10-31,10,-,-,His House,Movie,Yes,"Oct 30, 2020",1,1,tt8508734,His House,"Drama,Horror,Thriller",6.4,53488
2020-11-01,1,1,-,Holidate,Movie,Yes,"Oct 28, 2020",4,40,tt9866072,Holidate,"Comedy,Romance",6.2,85799
2020-11-01,2,2,1,The Queenâs Gambit,TV Show,Yes,"Oct 23, 2020",9,77,,,,,
2020-11-01,3,8,-,Rogue City,Movie,Yes,"Oct 30, 2020",2,11,tt10127684,Rogue City,"Action,Crime,Drama",6.1,10610
2020-11-01,4,10,-,His House,Movie,Yes,"Oct 30, 2020",2,8,tt8508734,His House,"Drama,Horror,Thriller",6.4,53488
2020-11-01,5,-,9,Hubie Halloween,Movie,Yes,"Oct 7, 2020",18,140,tt10682266,Hubie Halloween,"Comedy,Horror,Mystery",5.3,66895
2020-11-01,6,6,-,Secrets of the Saqqara Tomb,Movie,Yes,"Oct 28, 2020",3,15,tt13150630,Secrets of the Saqqara Tomb,"Documentary,History",7.2,7488
2020-11-01,7,4,3,Over the Moon,Movie,Yes,"Oct 23, 2020",9,64,tt7488208,Over the Moon,"Adventure,Animation,Comedy",6.3,26522
2020-11-01,8,9,7,The Haunting of Bly Manor,TV Show,Yes,"Oct 9, 2020",23,176,tt10970552,The Haunting of Bly Manor,"Drama,Horror,Mystery",7.4,141534
2020-11-01,9,5,-,Blood of Zeus,TV Show,Yes,"Oct 27, 2020",5,31,tt10009170,Blood of Zeus,"Action,Adventure,Animation",7.5,27930
2020-11-01,10,7,5,Barbarians,TV Show,Yes,"Oct 23, 2020",9,56,tt9184986,Barbarians,"Action,Adventure,Drama",7.2,32720
2020-11-02,1,1,-,Holidate,Movie,Yes,"Oct 28, 2020",5,50,tt9866072,Holidate,"Comedy,Romance",6.2,85799
2020-11-02,2,2,1,The Queenâs Gambit,TV Show,Yes,"Oct 23, 2020",10,86,,,,,
2020-11-02,3,3,-,Rogue City,Movie,Yes,"Oct 30, 2020",3,19,tt10127684,Rogue City,"Action,Crime,Drama",6.1,10610
2020-11-02,4,4,-,His House,Movie,Yes,"Oct 30, 2020",3,15,tt8508734,His House,"Drama,Horror,Thriller",6.4,53488
2020-11-02,5,6,-,Secrets of the Saqqara Tomb,Movie,Yes,"Oct 28, 2020",4,21,tt13150630,Secrets of the Saqqara Tomb,"Documentary,History",7.2,7488
2020-11-02,6,7,2,Over the Moon,Movie,Yes,"Oct 23, 2020",10,69,tt7488208,Over the Moon,"Adventure,Animation,Comedy",6.3,26522
2020-11-02,7,8,6,The Haunting of Bly Manor,TV Show,Yes,"Oct 9, 2020",24,180,tt10970552,The Haunting of Bly Manor,"Drama,Horror,Mystery",7.4,141534
2020-11-02,8,10,3,Barbarians,TV Show,Yes,"Oct 23, 2020",10,59,tt9184986,Barbarians,"Action,Adventure,Drama",7.2,32720
2020-11-02,9,9,-,Blood of Zeus,TV Show,Yes,"Oct 27, 2020",6,33,tt10009170,Blood of Zeus,"Action,Adventure,Animation",7.5,27930
2020-11-02,10,5,9,Hubie Halloween,Movie,Yes,"Oct 7, 2020",19,141,tt10682266,Hubie Halloween,"Comedy,Horror,Mystery",5.3,66895
2020-11-03,1,2,1,The Queenâs Gambit,TV Show,Yes,"Oct 23, 2020",11,96,,,,,
2020-11-03,2,1,-,Holidate,Movie,Yes,"Oct 28, 2020",6,59,tt9866072,Holidate,"Comedy,Romance",6.2,85799
2020-11-03,3,-,-,Knock Knock,Movie,,"Nov 1, 2020",1,8,tt3605418,Knock Knock,"Crime,Thriller",4.9,113411
2020-11-03,4,3,-,Rogue City,Movie,Yes,"Oct 30, 2020",4,26,tt10127684,Rogue City,"Action,Crime,Drama",6.1,10610
2020-11-03,5,-,8,Cocomelon,TV Show,,"Jun 1, 2020",46,100,tt12427840,Cocomelon,"Adventure,Animation,Family",3.6,1419
2020-11-03,6,6,3,Over the Moon,Movie,Yes,"Oct 23, 2020",11,74,tt7488208,Over the Moon,"Adventure,Animation,Comedy",6.3,26522
2020-11-03,7,4,-,His House,Movie,Yes,"Oct 30, 2020",4,19,tt8508734,His House,"Drama,Horror,Thriller",6.4,53488
2020-11-03,8,7,5,The Haunting of Bly Manor,TV Show,Yes,"Oct 9, 2020",25,183,tt10970552,The Haunting of Bly Manor,"Drama,Horror,Mystery",7.4,141534
2020-11-03,9,-,7,Grand Army,TV Show,Yes,"Oct 16, 2020",11,36,tt10473150,Grand Army,Drama,7.5,9887
2020-11-03,10,5,-,Secrets of the Saqqara Tomb,Movie,Yes,"Oct 28, 2020",5,22,tt13150630,Secrets of the Saqqara Tomb,"Documentary,History",7.2,7488
2020-11-04,1,1,1,The Queenâs Gambit,TV Show,Yes,"Oct 23, 2020",12,106,,,,,
2020-11-04,2,2,-,Holidate,Movie,Yes,"Oct 28, 2020",7,68,tt9866072,Holidate,"Comedy,Romance",6.2,85799
2020-11-04,3,3,-,Knock Knock,Movie,,"Nov 1, 2020",2,16,tt3605418,Knock Knock,"Crime,Thriller",4.9,113411
2020-11-04,4,4,-,Rogue City,Movie,Yes,"Oct 30, 2020",5,33,tt10127684,Rogue City,"Action,Crime,Drama",6.1,10610
2020-11-04,5,5,9,Cocomelon,TV Show,,"Jun 1, 2020",47,106,tt12427840,Cocomelon,"Adventure,Animation,Family",3.6,1419
2020-11-04,6,6,3,Over the Moon,Movie,Yes,"Oct 23, 2020",12,79,tt7488208,Over the Moon,"Adventure,Animation,Comedy",6.3,26522
2020-11-04,7,-,-,Mile 22,Movie,,"Nov 1, 2020",1,4,tt4560436,Mile 22,"Action,Crime,Thriller",6.1,92548
2020-11-04,8,-,-,Snowden,Movie,,"Nov 1, 2020",1,3,tt3774114,Snowden,"Biography,Crime,Drama",7.3,170767
2020-11-04,9,9,7,Grand Army,TV Show,Yes,"Oct 16, 2020",12,38,tt10473150,Grand Army,Drama,7.5,9887
2020-11-04,10,8,6,The Haunting of Bly Manor,TV Show,Yes,"Oct 9, 2020",26,184,tt10970552,The Haunting of Bly Manor,"Drama,Horror,Mystery",7.4,141534
2020-11-05,1,1,2,The Queenâs Gambit,TV Show,Yes,"Oct 23, 2020",13,116,,,,,
2020-11-05,2,3,-,Knock Knock,Movie,,"Nov 1, 2020",3,25,tt3605418,Knock Knock,"Crime,Thriller",4.9,113411
2020-11-05,3,7,-,Mile 22,Movie,,"Nov 1, 2020",2,12,tt4560436,Mile 22,"Action,Crime,Thriller",6.1,92548
2020-11-05,4,2,1,Holidate,Movie,Yes,"Oct 28, 2020",8,75,tt9866072,Holidate,"Comedy,Romance",6.2,85799
2020-11-05,5,-,-,Easy A,Movie,,"Nov 1, 2020",1,6,tt1282140,Easy A,"Comedy,Drama,Romance",7.0,438288
2020-11-05,6,8,-,Snowden,Movie,,"Nov 1, 2020",2,8,tt3774114,Snowden,"Biography,Crime,Drama",7.3,170767
2020-11-05,7,5,9,Cocomelon,TV Show,,"Jun 1, 2020",48,110,tt12427840,Cocomelon,"Adventure,Animation,Family",3.6,1419
2020-11-05,8,-,-,Chappelleâs Show,TV Show,,"Nov 1, 2020",1,3,,,,,
2020-11-05,9,4,-,Rogue City,Movie,Yes,"Oct 30, 2020",6,35,tt10127684,Rogue City,"Action,Crime,Drama",6.1,10610
2020-11-05,10,6,5,Over the Moon,Movie,Yes,"Oct 23, 2020",13,80,tt7488208,Over the Moon,"Adventure,Animation,Comedy",6.3,26522
2020-11-06,1,1,2,The Queenâs Gambit,TV Show,Yes,"Oct 23, 2020",14,126,,,,,
2020-11-06,2,-,-,Operation Christmas Drop,Movie,Yes,"Nov 5, 2020",1,9,tt13236566,Operation Christmas Drop,"Comedy,Family,Romance",5.9,13801
2020-11-06,3,3,-,Mile 22,Movie,,"Nov 1, 2020",3,20,tt4560436,Mile 22,"Action,Crime,Thriller",6.1,92548
2020-11-06,4,2,-,Knock Knock,Movie,,"Nov 1, 2020",4,32,tt3605418,Knock Knock,"Crime,Thriller",4.9,113411
2020-11-06,5,4,1,Holidate,Movie,Yes,"Oct 28, 2020",9,81,tt9866072,Holidate,"Comedy,Romance",6.2,85799
2020-11-06,6,8,-,Chappelleâs Show,TV Show,,"Nov 1, 2020",2,8,,,,,
2020-11-06,7,5,-,Easy A,Movie,,"Nov 1, 2020",2,10,tt1282140,Easy A,"Comedy,Drama,Romance",7.0,438288
2020-11-06,8,7,10,Cocomelon,TV Show,,"Jun 1, 2020",49,113,tt12427840,Cocomelon,"Adventure,Animation,Family",3.6,1419
2020-11-06,9,6,-,Snowden,Movie,,"Nov 1, 2020",3,10,tt3774114,Snowden,"Biography,Crime,Drama",7.3,170767
2020-11-06,10,-,-,The Impossible,Movie,,"Nov 1, 2020",1,1,tt1649419,The Impossible,"Drama,History,Thriller",7.5,259843
2020-11-07,1,1,2,The Queenâs Gambit,TV Show,Yes,"Oct 23, 2020",15,136,,,,,
2020-11-07,2,2,-,Operation Christmas Drop,Movie,Yes,"Nov 5, 2020",2,18,tt13236566,Operation Christmas Drop,"Comedy,Family,Romance",5.9,13801
2020-11-07,3,10,-,The Impossible,Movie,,"Nov 1, 2020",2,9,tt1649419,The Impossible,"Drama,History,Thriller",7.5,259843
2020-11-07,4,3,-,Mile 22,Movie,,"Nov 1, 2020",4,27,tt4560436,Mile 22,"Action,Crime,Thriller",6.1,92548
2020-11-07,5,4,-,Knock Knock,Movie,,"Nov 1, 2020",5,38,tt3605418,Knock Knock,"Crime,Thriller",4.9,113411
2020-11-07,6,-,3,The Great British Baking Show,TV Show,,"Oct 3, 2015",9,33,tt1877368,The Great British Baking Show,"Game-Show,Reality-TV",8.6,15026
2020-11-07,7,6,-,Chappelleâs Show,TV Show,,"Nov 1, 2020",3,12,,,,,
2020-11-07,8,7,-,Easy A,Movie,,"Nov 1, 2020",3,13,tt1282140,Easy A,"Comedy,Drama,Romance",7.0,438288
2020-11-07,9,5,1,Holidate,Movie,Yes,"Oct 28, 2020",10,83,tt9866072,Holidate,"Comedy,Romance",6.2,85799
2020-11-07,10,8,-,Cocomelon,TV Show,,"Jun 1, 2020",50,114,tt12427840,Cocomelon,"Adventure,Animation,Family",3.6,1419
2020-11-08,1,1,2,The Queenâs Gambit,TV Show,Yes,"Oct 23, 2020",16,146,,,,,
2020-11-08,2,2,-,Operation Christmas Drop,Movie,Yes,"Nov 5, 2020",3,27,tt13236566,Operation Christmas Drop,"Comedy,Family,Romance",5.9,13801
2020-11-08,3,3,-,The Impossible,Movie,,"Nov 1, 2020",3,17,tt1649419,The Impossible,"Drama,History,Thriller",7.5,259843
2020-11-08,4,5,-,Knock Knock,Movie,,"Nov 1, 2020",6,45,tt3605418,Knock Knock,"Crime,Thriller",4.9,113411
2020-11-08,5,4,-,Mile 22,Movie,,"Nov 1, 2020",5,33,tt4560436,Mile 22,"Action,Crime,Thriller",6.1,92548
2020-11-08,6,6,-,The Great British Baking Show,TV Show,,"Oct 3, 2015",10,38,tt1877368,The Great British Baking Show,"Game-Show,Reality-TV",8.6,15026
2020-11-08,7,7,-,Chappelleâs Show,TV Show,,"Nov 1, 2020",4,16,,,,,
2020-11-08,8,9,1,Holidate,Movie,Yes,"Oct 28, 2020",11,86,tt9866072,Holidate,"Comedy,Romance",6.2,85799
2020-11-08,9,8,-,Easy A,Movie,,"Nov 1, 2020",4,15,tt1282140,Easy A,"Comedy,Drama,Romance",7.0,438288
2020-11-08,10,-,-,Midnight at the Magnolia,Movie,,"Nov 5, 2020",1,1,tt13318052,Midnight at the Magnolia,"Comedy,Romance",5.8,6383
2020-11-09,1,1,2,The Queenâs Gambit,TV Show,Yes,"Oct 23, 2020",17,156,,,,,
2020-11-09,2,3,-,The Impossible,Movie,,"Nov 1, 2020",4,26,tt1649419,The Impossible,"Drama,History,Thriller",7.5,259843
2020-11-09,3,2,-,Operation Christmas Drop,Movie,Yes,"Nov 5, 2020",4,35,tt13236566,Operation Christmas Drop,"Comedy,Family,Romance",5.9,13801
2020-11-09,4,5,-,Mile 22,Movie,,"Nov 1, 2020",6,40,tt4560436,Mile 22,"Action,Crime,Thriller",6.1,92548
2020-11-09,5,4,-,Knock Knock,Movie,,"Nov 1, 2020",7,51,tt3605418,Knock Knock,"Crime,Thriller",4.9,113411
2020-11-09,6,7,-,Chappelle's Show,TV Show,,"Nov 1, 2020",5,21,tt0353049,Chappelle's Show,"Comedy,Music",8.8,77805
2020-11-09,7,8,1,Holidate,Movie,Yes,"Oct 28, 2020",12,90,tt9866072,Holidate,"Comedy,Romance",6.2,85799
2020-11-09,8,9,-,Easy A,Movie,,"Nov 1, 2020",5,18,tt1282140,Easy A,"Comedy,Drama,Romance",7.0,438288
2020-11-09,9,10,-,Midnight at the Magnolia,Movie,,"Nov 5, 2020",2,3,tt13318052,Midnight at the Magnolia,"Comedy,Romance",5.8,6383
2020-11-09,10,-,-,Cocomelon,TV Show,,"Jun 1, 2020",51,115,tt12427840,Cocomelon,"Adventure,Animation,Family",3.6,1419
2020-11-10,1,1,1,The Queenâs Gambit,TV Show,Yes,"Oct 23, 2020",18,166,,,,,
2020-11-10,2,2,-,The Impossible,Movie,,"Nov 1, 2020",5,35,tt1649419,The Impossible,"Drama,History,Thriller",7.5,259843
2020-11-10,3,6,-,Chappelle's Show,TV Show,,"Nov 1, 2020",6,29,tt0353049,Chappelle's Show,"Comedy,Music",8.8,77805
2020-11-10,4,3,-,Operation Christmas Drop,Movie,Yes,"Nov 5, 2020",5,42,tt13236566,Operation Christmas Drop,"Comedy,Family,Romance",5.9,13801
2020-11-10,5,4,-,Mile 22,Movie,,"Nov 1, 2020",7,46,tt4560436,Mile 22,"Action,Crime,Thriller",6.1,92548
2020-11-10,6,10,5,Cocomelon,TV Show,,"Jun 1, 2020",52,120,tt12427840,Cocomelon,"Adventure,Animation,Family",3.6,1419
2020-11-10,7,5,3,Knock Knock,Movie,,"Nov 1, 2020",8,55,tt3605418,Knock Knock,"Crime,Thriller",4.9,113411
2020-11-10,8,8,-,Easy A,Movie,,"Nov 1, 2020",6,21,tt1282140,Easy A,"Comedy,Drama,Romance",7.0,438288
2020-11-10,9,9,-,Midnight at the Magnolia,Movie,,"Nov 5, 2020",3,5,tt13318052,Midnight at the Magnolia,"Comedy,Romance",5.8,6383
2020-11-10,10,7,2,Holidate,Movie,Yes,"Oct 28, 2020",13,91,tt9866072,Holidate,"Comedy,Romance",6.2,85799
2020-11-11,1,1,1,The Queenâs Gambit,TV Show,Yes,"Oct 23, 2020",19,176,,,,,
2020-11-11,2,2,-,The Impossible,Movie,,"Nov 1, 2020",6,44,tt1649419,The Impossible,"Drama,History,Thriller",7.5,259843
2020-11-11,3,3,-,Chappelle's Show,TV Show,,"Nov 1, 2020",7,37,tt0353049,Chappelle's Show,"Comedy,Music",8.8,77805
2020-11-11,4,5,7,Mile 22,Movie,,"Nov 1, 2020",8,53,tt4560436,Mile 22,"Action,Crime,Thriller",6.1,92548
2020-11-11,5,-,-,Dash & Lily,TV Show,Yes,"Nov 10, 2020",1,6,tt1758589,Dash & Lily,"Comedy,Drama,Romance",7.5,25068
2020-11-11,6,4,-,Operation Christmas Drop,Movie,Yes,"Nov 5, 2020",6,47,tt13236566,Operation Christmas Drop,"Comedy,Family,Romance",5.9,13801
2020-11-11,7,6,5,Cocomelon,TV Show,,"Jun 1, 2020",53,124,tt12427840,Cocomelon,"Adventure,Animation,Family",3.6,1419
2020-11-11,8,7,3,Knock Knock,Movie,,"Nov 1, 2020",9,58,tt3605418,Knock Knock,"Crime,Thriller",4.9,113411
2020-11-11,9,-,-,Illumination Presents The G…,Movie,,"Jun 5, 2019",1,2,,,,,
2020-11-11,10,-,-,60 Days In,TV Show,,"Nov 1, 2020",1,1,tt5564124,60 Days In,"Crime,Documentary,Reality-TV",7.6,3582
2020-11-12,1,1,1,The Queenâs Gambit,TV Show,Yes,"Oct 23, 2020",20,186,,,,,
2020-11-12,2,5,-,Dash & Lily,TV Show,Yes,"Nov 10, 2020",2,15,tt1758589,Dash & Lily,"Comedy,Drama,Romance",7.5,25068
2020-11-12,3,2,-,The Impossible,Movie,,"Nov 1, 2020",7,52,tt1649419,The Impossible,"Drama,History,Thriller",7.5,259843
2020-11-12,4,3,8,Chappelle's Show,TV Show,,"Nov 1, 2020",8,44,tt0353049,Chappelle's Show,"Comedy,Music",8.8,77805
2020-11-12,5,4,3,Mile 22,Movie,,"Nov 1, 2020",9,59,tt4560436,Mile 22,"Action,Crime,Thriller",6.1,92548
2020-11-12,6,-,-,Trial 4,TV Show,Yes,"Nov 11, 2020",1,5,tt13363298,Trial 4,"Crime,Documentary",7.5,2545
2020-11-12,7,7,7,Cocomelon,TV Show,,"Jun 1, 2020",54,128,tt12427840,Cocomelon,"Adventure,Animation,Family",3.6,1419
2020-11-12,8,6,-,Operation Christmas Drop,Movie,Yes,"Nov 5, 2020",7,50,tt13236566,Operation Christmas Drop,"Comedy,Family,Romance",5.9,13801
2020-11-12,9,9,-,Illumination Presents The G…,Movie,,"Jun 5, 2019",2,4,,,,,
2020-11-12,10,10,-,60 Days In,TV Show,,"Nov 1, 2020",2,2,tt5564124,60 Days In,"Crime,Documentary,Reality-TV",7.6,3582
2020-11-13,1,1,1,The Queenâs Gambit,TV Show,Yes,"Oct 23, 2020",21,196,,,,,
2020-11-13,2,2,-,Dash & Lily,TV Show,Yes,"Nov 10, 2020",3,24,tt1758589,Dash & Lily,"Comedy,Drama,Romance",7.5,25068
2020-11-13,3,6,-,Trial 4,TV Show,Yes,"Nov 11, 2020",2,13,tt13363298,Trial 4,"Crime,Documentary",7.5,2545
2020-11-13,4,3,10,The Impossible,Movie,,"Nov 1, 2020",8,59,tt1649419,The Impossible,"Drama,History,Thriller",7.5,259843
2020-11-13,5,4,6,Chappelle's Show,TV Show,,"Nov 1, 2020",9,50,tt0353049,Chappelle's Show,"Comedy,Music",8.8,77805
2020-11-13,6,-,-,The Liberator,TV Show,Yes,"Nov 11, 2020",1,5,tt9308682,The Liberator,"Animation,Drama,War",7.6,7447
2020-11-13,7,7,8,Cocomelon,TV Show,,"Jun 1, 2020",55,132,tt12427840,Cocomelon,"Adventure,Animation,Family",3.6,1419
2020-11-13,8,5,3,Mile 22,Movie,,"Nov 1, 2020",10,62,tt4560436,Mile 22,"Action,Crime,Thriller",6.1,92548
2020-11-13,9,9,-,Illumination Presents The G…,Movie,,"Jun 5, 2019",3,6,,,,,
2020-11-13,10,10,-,60 Days In,TV Show,,"Nov 1, 2020",3,3,tt5564124,60 Days In,"Crime,Documentary,Reality-TV",7.6,3582
2020-11-14,1,1,1,The Queenâs Gambit,TV Show,Yes,"Oct 23, 2020",22,206,,,,,
2020-11-14,2,2,-,Dash & Lily,TV Show,Yes,"Nov 10, 2020",4,33,tt1758589,Dash & Lily,"Comedy,Drama,Romance",7.5,25068
2020-11-14,3,3,-,Trial 4,TV Show,Yes,"Nov 11, 2020",3,21,tt13363298,Trial 4,"Crime,Documentary",7.5,2545
2020-11-14,4,4,3,The Impossible,Movie,,"Nov 1, 2020",9,66,tt1649419,The Impossible,"Drama,History,Thriller",7.5,259843
2020-11-14,5,5,7,Chappelle's Show,TV Show,,"Nov 1, 2020",10,56,tt0353049,Chappelle's Show,"Comedy,Music",8.8,77805
2020-11-14,6,6,-,The Liberator,TV Show,Yes,"Nov 11, 2020",2,10,tt9308682,The Liberator,"Animation,Drama,War",7.6,7447
2020-11-14,7,7,10,Cocomelon,TV Show,,"Jun 1, 2020",56,136,tt12427840,Cocomelon,"Adventure,Animation,Family",3.6,1419
2020-11-14,8,8,4,Mile 22,Movie,,"Nov 1, 2020",11,65,tt4560436,Mile 22,"Action,Crime,Thriller",6.1,92548
2020-11-14,9,9,-,Illumination Presents The G…,Movie,,"Jun 5, 2019",4,8,,,,,
2020-11-14,10,10,-,60 Days In,TV Show,,"Nov 1, 2020",4,4,tt5564124,60 Days In,"Crime,Documentary,Reality-TV",7.6,3582
2020-11-15,1,1,1,The Queenâs Gambit,TV Show,Yes,"Oct 23, 2020",23,216,,,,,
2020-11-15,2,-,-,Jingle Jangle: A Christmas …,Movie,Yes,"Nov 13, 2020",1,9,,,,,
2020-11-15,3,3,-,Trial 4,TV Show,Yes,"Nov 11, 2020",4,29,tt13363298,Trial 4,"Crime,Documentary",7.5,2545
2020-11-15,4,4,3,The Impossible,Movie,,"Nov 1, 2020",10,73,tt1649419,The Impossible,"Drama,History,Thriller",7.5,259843
2020-11-15,5,-,-,American Horror Story,TV Show,,"Sep 15, 2014",1,6,tt1844624,American Horror Story,"Drama,Horror,Sci-Fi",7.9,359166
2020-11-15,6,9,-,Illumination Presents The G…,Movie,,"Jun 5, 2019",5,13,,,,,
2020-11-15,7,2,-,Dash & Lily,TV Show,Yes,"Nov 10, 2020",5,37,tt1758589,Dash & Lily,"Comedy,Drama,Romance",7.5,25068
2020-11-15,8,-,6,The Great British Baking Show,TV Show,,"Oct 3, 2015",11,41,tt1877368,The Great British Baking Show,"Game-Show,Reality-TV",8.6,15026
2020-11-15,9,-,-,The Life Ahead,Movie,Yes,"Nov 13, 2020",1,2,tt10627584,The Life Ahead,Drama,6.8,16207
2020-11-15,10,5,7,Chappelle's Show,TV Show,,"Nov 1, 2020",11,57,tt0353049,Chappelle's Show,"Comedy,Music",8.8,77805
2020-11-16,1,-,-,The Crown,TV Show,Yes,"Nov 4, 2016",1,10,tt4786824,The Crown,"Biography,Drama,History",8.6,276038
2020-11-16,2,1,1,The Queenâs Gambit,TV Show,Yes,"Oct 23, 2020",24,225,,,,,
2020-11-16,3,2,-,Jingle Jangle: A Christmas …,Movie,Yes,"Nov 13, 2020",2,17,,,,,
2020-11-16,4,6,-,Illumination Presents The G…,Movie,,"Jun 5, 2019",6,20,,,,,
2020-11-16,5,3,-,Trial 4,TV Show,Yes,"Nov 11, 2020",5,35,tt13363298,Trial 4,"Crime,Documentary",7.5,2545
2020-11-16,6,5,-,American Horror Story,TV Show,,"Sep 15, 2014",2,11,tt1844624,American Horror Story,"Drama,Horror,Sci-Fi",7.9,359166
2020-11-16,7,9,-,The Life Ahead,Movie,Yes,"Nov 13, 2020",2,6,tt10627584,The Life Ahead,Drama,6.8,16207
2020-11-16,8,4,2,The Impossible,Movie,,"Nov 1, 2020",11,76,tt1649419,The Impossible,"Drama,History,Thriller",7.5,259843
2020-11-16,9,-,10,Cocomelon,TV Show,,"Jun 1, 2020",57,138,tt12427840,Cocomelon,"Adventure,Animation,Family",3.6,1419
2020-11-16,10,7,-,Dash & Lily,TV Show,Yes,"Nov 10, 2020",6,38,tt1758589,Dash & Lily,"Comedy,Drama,Romance",7.5,25068
2020-11-17,1,1,-,The Crown,TV Show,Yes,"Nov 4, 2016",2,20,tt4786824,The Crown,"Biography,Drama,History",8.6,276038
2020-11-17,2,2,1,The Queenâs Gambit,TV Show,Yes,"Oct 23, 2020",25,234,,,,,
2020-11-17,3,-,-,Cloudy with a Chance of Mea…,Movie,,"Nov 15, 2020",1,8,,,,,
2020-11-17,4,3,-,Jingle Jangle: A Christmas …,Movie,Yes,"Nov 13, 2020",3,24,,,,,
2020-11-17,5,4,-,Illumination Presents The G…,Movie,,"Jun 5, 2019",7,26,,,,,
2020-11-17,6,9,6,Cocomelon,TV Show,,"Jun 1, 2020",58,143,tt12427840,Cocomelon,"Adventure,Animation,Family",3.6,1419
2020-11-17,7,6,-,American Horror Story,TV Show,,"Sep 15, 2014",3,15,tt1844624,American Horror Story,"Drama,Horror,Sci-Fi",7.9,359166
2020-11-17,8,5,-,Trial 4,TV Show,Yes,"Nov 11, 2020",6,38,tt13363298,Trial 4,"Crime,Documentary",7.5,2545
2020-11-17,9,-,-,Hometown Holiday,Movie,,"Nov 15, 2020",1,2,tt8659750,Hometown Holiday,"Comedy,Drama,Romance",5.1,1248
2020-11-17,10,10,-,Dash & Lily,TV Show,Yes,"Nov 10, 2020",7,39,tt1758589,Dash & Lily,"Comedy,Drama,Romance",7.5,25068
2020-11-18,1,1,-,The Crown,TV Show,Yes,"Nov 4, 2016",3,30,tt4786824,The Crown,"Biography,Drama,History",8.6,276038
2020-11-18,2,-,-,Kevin Hart: Zero F**ks Given,Stand-Up Comedy,Yes,"Nov 17, 2020",1,9,tt13433082,Kevin Hart: Zero F**ks Given,Comedy,6.1,3944
2020-11-18,3,2,1,The Queenâs Gambit,TV Show,Yes,"Oct 23, 2020",26,242,,,,,
2020-11-18,4,3,-,Cloudy with a Chance of Mea…,Movie,,"Nov 15, 2020",2,15,,,,,
2020-11-18,5,-,-,The Boss Baby: Back in Busi…,TV Show,Yes,"Apr 6, 2018",6,20,,,,,
2020-11-18,6,4,-,Jingle Jangle: A Christmas …,Movie,Yes,"Nov 13, 2020",4,29,,,,,
2020-11-18,7,6,7,Cocomelon,TV Show,,"Jun 1, 2020",59,147,tt12427840,Cocomelon,"Adventure,Animation,Family",3.6,1419
2020-11-18,8,5,9,Illumination Presents The G…,Movie,,"Jun 5, 2019",8,29,,,,,
2020-11-18,9,9,-,Hometown Holiday,Movie,,"Nov 15, 2020",2,4,tt8659750,Hometown Holiday,"Comedy,Drama,Romance",5.1,1248
2020-11-18,10,7,-,American Horror Story,TV Show,,"Sep 15, 2014",4,16,tt1844624,American Horror Story,"Drama,Horror,Sci-Fi",7.9,359166
2020-11-19,1,1,-,The Crown,TV Show,Yes,"Nov 4, 2016",4,40,tt4786824,The Crown,"Biography,Drama,History",8.6,276038
2020-11-19,2,2,-,Kevin Hart: Zero F**ks Given,Stand-Up Comedy,Yes,"Nov 17, 2020",2,18,tt13433082,Kevin Hart: Zero F**ks Given,Comedy,6.1,3944
2020-11-19,3,3,1,The Queenâs Gambit,TV Show,Yes,"Oct 23, 2020",27,250,,,,,
2020-11-19,4,4,-,Cloudy with a Chance of Mea…,Movie,,"Nov 15, 2020",3,22,,,,,
2020-11-19,5,5,-,The Boss Baby: Back in Busi…,TV Show,Yes,"Apr 6, 2018",7,26,,,,,
2020-11-19,6,-,-,Survivor,TV Show,,"Nov 15, 2020",1,5,tt3247714,Survivor,"Action,Crime,Thriller",5.7,36983
2020-11-19,7,7,7,Cocomelon,TV Show,,"Jun 1, 2020",60,151,tt12427840,Cocomelon,"Adventure,Animation,Family",3.6,1419
2020-11-19,8,8,9,Illumination Presents The G…,Movie,,"Jun 5, 2019",9,32,,,,,
2020-11-19,9,6,-,Jingle Jangle: A Christmas …,Movie,Yes,"Nov 13, 2020",5,31,,,,,
2020-11-19,10,10,-,American Horror Story,TV Show,,"Sep 15, 2014",5,17,tt1844624,American Horror Story,"Drama,Horror,Sci-Fi",7.9,359166
2020-11-20,1,1,-,The Crown,TV Show,Yes,"Nov 4, 2016",5,50,tt4786824,The Crown,"Biography,Drama,History",8.6,276038
2020-11-20,2,-,-,The Princess Switch: Switch…,Movie,Yes,"Nov 19, 2020",1,9,,,,,
2020-11-20,3,2,-,Kevin Hart: Zero F**ks Given,Stand-Up Comedy,Yes,"Nov 17, 2020",3,26,tt13433082,Kevin Hart: Zero F**ks Given,Comedy,6.1,3944
2020-11-20,4,3,1,The Queenâs Gambit,TV Show,Yes,"Oct 23, 2020",28,257,,,,,
2020-11-20,5,4,-,Cloudy with a Chance of Mea…,Movie,,"Nov 15, 2020",4,28,,,,,
2020-11-20,6,5,-,The Boss Baby: Back in Busi…,TV Show,Yes,"Apr 6, 2018",8,31,,,,,
2020-11-20,7,6,-,Survivor,TV Show,,"Nov 15, 2020",2,9,tt3247714,Survivor,"Action,Crime,Thriller",5.7,36983
2020-11-20,8,7,7,Cocomelon,TV Show,,"Jun 1, 2020",61,154,tt12427840,Cocomelon,"Adventure,Animation,Family",3.6,1419
2020-11-20,9,8,9,Illumination Presents The G…,Movie,,"Jun 5, 2019",10,34,,,,,
2020-11-20,10,9,-,Jingle Jangle: A Christmas …,Movie,Yes,"Nov 13, 2020",6,32,,,,,
2020-11-21,1,1,-,The Crown,TV Show,Yes,"Nov 4, 2016",6,60,tt4786824,The Crown,"Biography,Drama,History",8.6,276038
2020-11-21,2,2,-,The Princess Switch: Switch…,Movie,Yes,"Nov 19, 2020",2,18,,,,,
2020-11-21,3,3,-,Kevin Hart: Zero F**ks Given,Stand-Up Comedy,Yes,"Nov 17, 2020",4,34,tt13433082,Kevin Hart: Zero F**ks Given,Comedy,6.1,3944
2020-11-21,4,4,1,The Queenâs Gambit,TV Show,Yes,"Oct 23, 2020",29,264,,,,,
2020-11-21,5,5,-,Cloudy with a Chance of Mea…,Movie,,"Nov 15, 2020",5,34,,,,,
2020-11-21,6,-,-,The Great British Baking Show,TV Show,,"Oct 3, 2015",12,46,tt1877368,The Great British Baking Show,"Game-Show,Reality-TV",8.6,15026
2020-11-21,7,6,-,The Boss Baby: Back in Busi…,TV Show,Yes,"Apr 6, 2018",9,35,,,,,
2020-11-21,8,9,9,Illumination Presents The G…,Movie,,"Jun 5, 2019",11,37,,,,,
2020-11-21,9,8,7,Cocomelon,TV Show,,"Jun 1, 2020",62,156,tt12427840,Cocomelon,"Adventure,Animation,Family",3.6,1419
2020-11-21,10,7,-,Survivor,TV Show,,"Nov 15, 2020",3,10,tt3247714,Survivor,"Action,Crime,Thriller",5.7,36983
2020-11-22,1,1,-,The Crown,TV Show,Yes,"Nov 4, 2016",7,70,tt4786824,The Crown,"Biography,Drama,History",8.6,276038
2020-11-22,2,3,-,Kevin Hart: Zero F**ks Given,Stand-Up Comedy,Yes,"Nov 17, 2020",5,43,tt13433082,Kevin Hart: Zero F**ks Given,Comedy,6.1,3944
2020-11-22,3,2,-,The Princess Switch: Switch…,Movie,Yes,"Nov 19, 2020",3,26,,,,,
2020-11-22,4,4,1,The Queenâs Gambit,TV Show,Yes,"Oct 23, 2020",30,271,,,,,
2020-11-22,5,5,-,Cloudy with a Chance of Mea…,Movie,,"Nov 15, 2020",6,40,,,,,
2020-11-22,6,8,6,Illumination Presents The G…,Movie,,"Jun 5, 2019",12,42,,,,,
2020-11-22,7,7,-,The Boss Baby: Back in Busi…,TV Show,Yes,"Apr 6, 2018",10,39,,,,,
2020-11-22,8,6,8,The Great British Baking Show,TV Show,,"Oct 3, 2015",13,49,tt1877368,The Great British Baking Show,"Game-Show,Reality-TV",8.6,15026
2020-11-22,9,10,-,Survivor,TV Show,,"Nov 15, 2020",4,12,tt3247714,Survivor,"Action,Crime,Thriller",5.7,36983
2020-11-22,10,-,2,Jingle Jangle: A Christmas …,Movie,Yes,"Nov 13, 2020",7,33,,,,,
2020-11-23,1,1,1,The Crown,TV Show,Yes,"Nov 4, 2016",8,80,tt4786824,The Crown,"Biography,Drama,History",8.6,276038
2020-11-23,2,2,-,Kevin Hart: Zero F**ks Given,Stand-Up Comedy,Yes,"Nov 17, 2020",6,52,tt13433082,Kevin Hart: Zero F**ks Given,Comedy,6.1,3944
2020-11-23,3,4,2,The Queenâs Gambit,TV Show,Yes,"Oct 23, 2020",31,279,,,,,
2020-11-23,4,3,-,The Princess Switch: Switch…,Movie,Yes,"Nov 19, 2020",4,33,,,,,
2020-11-23,5,5,-,Cloudy with a Chance of Mea…,Movie,,"Nov 15, 2020",7,46,,,,,
2020-11-23,6,6,4,Illumination Presents The G…,Movie,,"Jun 5, 2019",13,47,,,,,
2020-11-23,7,7,-,The Boss Baby: Back in Busi…,TV Show,Yes,"Apr 6, 2018",11,43,,,,,
2020-11-23,8,-,-,Christmas on the Square,Movie,Yes,"Nov 22, 2020",1,3,tt10627548,Christmas on the Square,"Comedy,Family,Musical",5.2,3268
2020-11-23,9,9,-,Survivor,TV Show,,"Nov 15, 2020",5,14,tt3247714,Survivor,"Action,Crime,Thriller",5.7,36983
2020-11-23,10,10,3,Jingle Jangle: A Christmas …,Movie,Yes,"Nov 13, 2020",8,34,,,,,
2020-11-24,1,1,1,The Crown,TV Show,Yes,"Nov 4, 2016",9,90,tt4786824,The Crown,"Biography,Drama,History",8.6,276038
2020-11-24,2,3,2,The Queenâs Gambit,TV Show,Yes,"Oct 23, 2020",32,288,,,,,
2020-11-24,3,2,-,Kevin Hart: Zero F**ks Given,Stand-Up Comedy,Yes,"Nov 17, 2020",7,60,tt13433082,Kevin Hart: Zero F**ks Given,Comedy,6.1,3944
2020-11-24,4,4,-,The Princess Switch: Switch…,Movie,Yes,"Nov 19, 2020",5,40,,,,,
2020-11-24,5,5,3,Cloudy with a Chance of Mea…,Movie,,"Nov 15, 2020",8,52,,,,,
2020-11-24,6,7,-,The Boss Baby: Back in Busi…,TV Show,Yes,"Apr 6, 2018",12,48,,,,,
2020-11-24,7,6,5,Illumination Presents The G…,Movie,,"Jun 5, 2019",14,51,,,,,
2020-11-24,8,-,-,If Anything Happens I Love You,Movie,Yes,"Nov 20, 2020",1,3,tt11768948,If Anything Happens I Love You,"Animation,Drama,Short",7.8,23528
2020-11-24,9,9,-,Survivor,TV Show,,"Nov 15, 2020",6,16,tt3247714,Survivor,"Action,Crime,Thriller",5.7,36983
2020-11-24,10,-,6,Cocomelon,TV Show,,"Jun 1, 2020",63,157,tt12427840,Cocomelon,"Adventure,Animation,Family",3.6,1419
2020-11-25,1,-,-,Hillbilly Elegy,Movie,Yes,"Nov 24, 2020",1,10,tt6772802,Hillbilly Elegy,"Biography,Drama",6.7,59952
2020-11-25,2,1,1,The Crown,TV Show,Yes,"Nov 4, 2016",10,99,tt4786824,The Crown,"Biography,Drama,History",8.6,276038
2020-11-25,3,2,3,The Queenâs Gambit,TV Show,Yes,"Oct 23, 2020",33,296,,,,,
2020-11-25,4,-,-,Hard Kill,Movie,,"Nov 23, 2020",1,7,tt11656172,Hard Kill,"Action,Thriller",3.1,19795
2020-11-25,5,3,2,Kevin Hart: Zero F**ks Given,Stand-Up Comedy,Yes,"Nov 17, 2020",8,66,tt13433082,Kevin Hart: Zero F**ks Given,Comedy,6.1,3944
2020-11-25,6,7,8,Illumination Presents The G…,Movie,,"Jun 5, 2019",15,56,,,,,
2020-11-25,7,5,4,Cloudy with a Chance of Mea…,Movie,,"Nov 15, 2020",9,56,,,,,
2020-11-25,8,6,5,The Boss Baby: Back in Busi…,TV Show,Yes,"Apr 6, 2018",13,51,,,,,
2020-11-25,9,4,-,The Princess Switch: Switch…,Movie,Yes,"Nov 19, 2020",6,42,,,,,
2020-11-25,10,8,-,If Anything Happens I Love You,Movie,Yes,"Nov 20, 2020",2,4,tt11768948,If Anything Happens I Love You,"Animation,Drama,Short",7.8,23528
2020-11-26,1,-,-,The Christmas Chronicles 2,Movie,Yes,"Nov 25, 2020",1,10,,,,,
2020-11-26,2,1,-,Hillbilly Elegy,Movie,Yes,"Nov 24, 2020",2,19,tt6772802,Hillbilly Elegy,"Biography,Drama",6.7,59952
2020-11-26,3,2,1,The Crown,TV Show,Yes,"Nov 4, 2016",11,107,tt4786824,The Crown,"Biography,Drama,History",8.6,276038
2020-11-26,4,3,3,The Queenâs Gambit,TV Show,Yes,"Oct 23, 2020",34,303,,,,,
2020-11-26,5,4,-,Hard Kill,Movie,,"Nov 23, 2020",2,13,tt11656172,Hard Kill,"Action,Thriller",3.1,19795
2020-11-26,6,6,8,Illumination Presents The G…,Movie,,"Jun 5, 2019",16,61,,,,,
2020-11-26,7,5,2,Kevin Hart: Zero F**ks Given,Stand-Up Comedy,Yes,"Nov 17, 2020",9,70,tt13433082,Kevin Hart: Zero F**ks Given,Comedy,6.1,3944
2020-11-26,8,8,5,The Boss Baby: Back in Busi…,TV Show,Yes,"Apr 6, 2018",14,54,,,,,
2020-11-26,9,7,4,Cloudy with a Chance of Mea…,Movie,,"Nov 15, 2020",10,58,,,,,
2020-11-26,10,-,-,The Christmas Chronicles,Movie,Yes,"Nov 22, 2018",1,1,tt2990140,The Christmas Chronicles,"Adventure,Comedy,Family",7.0,90581
2020-11-27,1,1,-,The Christmas Chronicles 2,Movie,Yes,"Nov 25, 2020",2,20,,,,,
2020-11-27,2,2,-,Hillbilly Elegy,Movie,Yes,"Nov 24, 2020",3,28,tt6772802,Hillbilly Elegy,"Biography,Drama",6.7,59952
2020-11-27,3,5,-,Hard Kill,Movie,,"Nov 23, 2020",3,21,tt11656172,Hard Kill,"Action,Thriller",3.1,19795
2020-11-27,4,4,4,The Queenâs Gambit,TV Show,Yes,"Oct 23, 2020",35,310,,,,,
2020-11-27,5,3,1,The Crown,TV Show,Yes,"Nov 4, 2016",12,113,tt4786824,The Crown,"Biography,Drama,History",8.6,276038
2020-11-27,6,6,9,Illumination Presents The G…,Movie,,"Jun 5, 2019",17,66,,,,,
2020-11-27,7,10,-,The Christmas Chronicles,Movie,Yes,"Nov 22, 2018",2,5,tt2990140,The Christmas Chronicles,"Adventure,Comedy,Family",7.0,90581
2020-11-27,8,7,3,Kevin Hart: Zero F**ks Given,Stand-Up Comedy,Yes,"Nov 17, 2020",10,73,tt13433082,Kevin Hart: Zero F**ks Given,Comedy,6.1,3944
2020-11-27,9,-,-,How the Grinch Stole Christmas,Movie,,"Jun 1, 2017",1,2,tt0170016,How the Grinch Stole Christmas,"Comedy,Family,Fantasy",6.4,318875
2020-11-27,10,8,6,The Boss Baby: Back in Busi…,TV Show,Yes,"Apr 6, 2018",15,55,,,,,
2020-11-28,1,1,-,The Christmas Chronicles 2,Movie,Yes,"Nov 25, 2020",3,30,,,,,
2020-11-28,2,-,-,Virgin River,TV Show,Yes,"Dec 6, 2019",1,9,tt9077530,Virgin River,"Drama,Romance",7.4,57755
2020-11-28,3,2,-,Hillbilly Elegy,Movie,Yes,"Nov 24, 2020",4,36,tt6772802,Hillbilly Elegy,"Biography,Drama",6.7,59952
2020-11-28,4,4,4,The Queenâs Gambit,TV Show,Yes,"Oct 23, 2020",36,317,,,,,
2020-11-28,5,5,1,The Crown,TV Show,Yes,"Nov 4, 2016",13,119,tt4786824,The Crown,"Biography,Drama,History",8.6,276038
2020-11-28,6,3,-,Hard Kill,Movie,,"Nov 23, 2020",4,26,tt11656172,Hard Kill,"Action,Thriller",3.1,19795
2020-11-28,7,6,8,Illumination Presents The G…,Movie,,"Jun 5, 2019",18,70,,,,,
2020-11-28,8,-,6,The Great British Baking Show,TV Show,,"Oct 3, 2015",14,52,tt1877368,The Great British Baking Show,"Game-Show,Reality-TV",8.6,15026
2020-11-28,9,7,-,The Christmas Chronicles,Movie,Yes,"Nov 22, 2018",3,7,tt2990140,The Christmas Chronicles,"Adventure,Comedy,Family",7.0,90581
2020-11-28,10,-,-,The Beast,Movie,Yes,"Nov 27, 2020",1,1,tt14407336,The Beast,"Drama,Romance,Sci-Fi",6.5,11408
2020-11-29,1,2,-,Virgin River,TV Show,Yes,"Dec 6, 2019",2,19,tt9077530,Virgin River,"Drama,Romance",7.4,57755
2020-11-29,2,1,-,The Christmas Chronicles 2,Movie,Yes,"Nov 25, 2020",4,39,,,,,
2020-11-29,3,4,4,The Queenâs Gambit,TV Show,Yes,"Oct 23, 2020",37,325,,,,,
2020-11-29,4,3,-,Hillbilly Elegy,Movie,Yes,"Nov 24, 2020",5,43,tt6772802,Hillbilly Elegy,"Biography,Drama",6.7,59952
2020-11-29,5,5,1,The Crown,TV Show,Yes,"Nov 4, 2016",14,125,tt4786824,The Crown,"Biography,Drama,History",8.6,276038
2020-11-29,6,7,6,Illumination Presents The G…,Movie,,"Jun 5, 2019",19,75,,,,,
2020-11-29,7,10,-,The Beast,Movie,Yes,"Nov 27, 2020",2,5,tt14407336,The Beast,"Drama,Romance,Sci-Fi",6.5,11408
2020-11-29,8,9,-,The Christmas Chronicles,Movie,Yes,"Nov 22, 2018",4,10,tt2990140,The Christmas Chronicles,"Adventure,Comedy,Family",7.0,90581
2020-11-29,9,6,-,Hard Kill,Movie,,"Nov 23, 2020",5,28,tt11656172,Hard Kill,"Action,Thriller",3.1,19795
2020-11-29,10,-,-,How the Grinch Stole Christmas,Movie,,"Jun 1, 2017",2,3,tt0170016,How the Grinch Stole Christmas,"Comedy,Family,Fantasy",6.4,318875
2020-11-30,1,1,-,Virgin River,TV Show,Yes,"Dec 6, 2019",3,29,tt9077530,Virgin River,"Drama,Romance",7.4,57755
2020-11-30,2,2,-,The Christmas Chronicles 2,Movie,Yes,"Nov 25, 2020",5,48,,,,,
2020-11-30,3,3,3,The Queenâs Gambit,TV Show,Yes,"Oct 23, 2020",38,333,,,,,
2020-11-30,4,5,1,The Crown,TV Show,Yes,"Nov 4, 2016",15,132,tt4786824,The Crown,"Biography,Drama,History",8.6,276038
2020-11-30,5,7,-,The Beast,Movie,Yes,"Nov 27, 2020",3,11,tt14407336,The Beast,"Drama,Romance,Sci-Fi",6.5,11408
2020-11-30,6,4,-,Hillbilly Elegy,Movie,Yes,"Nov 24, 2020",6,48,tt6772802,Hillbilly Elegy,"Biography,Drama",6.7,59952
2020-11-30,7,6,6,Illumination Presents The G…,Movie,,"Jun 5, 2019",20,79,,,,,
2020-11-30,8,9,-,Hard Kill,Movie,,"Nov 23, 2020",6,31,tt11656172,Hard Kill,"Action,Thriller",3.1,19795
2020-11-30,9,8,-,The Christmas Chronicles,Movie,Yes,"Nov 22, 2018",5,12,tt2990140,The Christmas Chronicles,"Adventure,Comedy,Family",7.0,90581
2020-11-30,10,10,-,How the Grinch Stole Christmas,Movie,,"Jun 1, 2017",3,4,tt0170016,How the Grinch Stole Christmas,"Comedy,Family,Fantasy",6.4,318875
2020-12-01,1,1,-,Virgin River,TV Show,Yes,"Dec 6, 2019",4,39,tt9077530,Virgin River,"Drama,Romance",7.4,57755
2020-12-01,2,2,-,The Christmas Chronicles 2,Movie,Yes,"Nov 25, 2020",6,57,,,,,
2020-12-01,3,-,-,The 2nd,Movie,,"Nov 30, 2020",1,8,tt11697484,The 2nd,"Action,Drama",3.9,9544
2020-12-01,4,3,2,The Queenâs Gambit,TV Show,Yes,"Oct 23, 2020",39,340,,,,,
2020-12-01,5,4,1,The Crown,TV Show,Yes,"Nov 4, 2016",16,138,tt4786824,The Crown,"Biography,Drama,History",8.6,276038
2020-12-01,6,7,7,Illumination Presents The G…,Movie,,"Jun 5, 2019",21,84,,,,,
2020-12-01,7,6,-,Hillbilly Elegy,Movie,Yes,"Nov 24, 2020",7,52,tt6772802,Hillbilly Elegy,"Biography,Drama",6.7,59952
2020-12-01,8,5,-,The Beast,Movie,Yes,"Nov 27, 2020",4,14,tt14407336,The Beast,"Drama,Romance,Sci-Fi",6.5,11408
2020-12-01,9,10,-,How the Grinch Stole Christmas,Movie,,"Jun 1, 2017",4,6,tt0170016,How the Grinch Stole Christmas,"Comedy,Family,Fantasy",6.4,318875
2020-12-01,10,-,10,Cocomelon,TV Show,,"Jun 1, 2020",64,158,tt12427840,Cocomelon,"Adventure,Animation,Family",3.6,1419
2020-12-02,1,1,-,Virgin River,TV Show,Yes,"Dec 6, 2019",5,49,tt9077530,Virgin River,"Drama,Romance",7.4,57755
2020-12-02,2,3,-,The 2nd,Movie,,"Nov 30, 2020",2,17,tt11697484,The 2nd,"Action,Drama",3.9,9544
2020-12-02,3,2,-,The Christmas Chronicles 2,Movie,Yes,"Nov 25, 2020",7,65,,,,,
2020-12-02,4,4,3,The Queenâs Gambit,TV Show,Yes,"Oct 23, 2020",40,347,,,,,
2020-12-02,5,5,2,The Crown,TV Show,Yes,"Nov 4, 2016",17,144,tt4786824,The Crown,"Biography,Drama,History",8.6,276038
2020-12-02,6,-,-,Peppermint,Movie,,"Dec 1, 2020",1,5,tt6850820,Peppermint,"Action,Thriller",6.5,74866
2020-12-02,7,6,6,Illumination Presents The G…,Movie,,"Jun 5, 2019",22,88,,,,,
2020-12-02,8,9,-,How the Grinch Stole Christmas,Movie,,"Jun 1, 2017",5,9,tt0170016,How the Grinch Stole Christmas,"Comedy,Family,Fantasy",6.4,318875
2020-12-02,9,10,-,Cocomelon,TV Show,,"Jun 1, 2020",65,160,tt12427840,Cocomelon,"Adventure,Animation,Family",3.6,1419
2020-12-02,10,-,-,Rust Creek,Movie,,"Nov 30, 2020",1,1,tt6610158,Rust Creek,"Action,Crime,Drama",5.9,15314
2020-12-03,1,1,-,Virgin River,TV Show,Yes,"Dec 6, 2019",6,59,tt9077530,Virgin River,"Drama,Romance",7.4,57755
2020-12-03,2,6,-,Peppermint,Movie,,"Dec 1, 2020",2,14,tt6850820,Peppermint,"Action,Thriller",6.5,74866
2020-12-03,3,2,-,The 2nd,Movie,,"Nov 30, 2020",3,25,tt11697484,The 2nd,"Action,Drama",3.9,9544
2020-12-03,4,10,-,Rust Creek,Movie,,"Nov 30, 2020",2,8,tt6610158,Rust Creek,"Action,Crime,Drama",5.9,15314
2020-12-03,5,4,4,The Queenâs Gambit,TV Show,Yes,"Oct 23, 2020",41,353,,,,,
2020-12-03,6,3,1,The Christmas Chronicles 2,Movie,Yes,"Nov 25, 2020",8,70,,,,,
2020-12-03,7,5,3,The Crown,TV Show,Yes,"Nov 4, 2016",18,148,tt4786824,The Crown,"Biography,Drama,History",8.6,276038
2020-12-03,8,-,-,Alien Worlds,TV Show,Yes,"Dec 2, 2020",1,3,tt13464340,Alien Worlds,"Animation,Documentary,Sci-Fi",6.6,4471
2020-12-03,9,7,6,Illumination Presents The G…,Movie,,"Jun 5, 2019",23,90,,,,,
2020-12-03,10,9,-,Cocomelon,TV Show,,"Jun 1, 2020",66,161,tt12427840,Cocomelon,"Adventure,Animation,Family",3.6,1419
2020-12-04,1,1,-,Virgin River,TV Show,Yes,"Dec 6, 2019",7,69,tt9077530,Virgin River,"Drama,Romance",7.4,57755
2020-12-04,2,2,-,Peppermint,Movie,,"Dec 1, 2020",3,23,tt6850820,Peppermint,"Action,Thriller",6.5,74866
2020-12-04,3,-,-,Marauders,Movie,,"Dec 2, 2020",1,8,tt3963816,Marauders,"Action,Crime,Thriller",5.5,24664
2020-12-04,4,8,-,Alien Worlds,TV Show,Yes,"Dec 2, 2020",2,10,tt13464340,Alien Worlds,"Animation,Documentary,Sci-Fi",6.6,4471
2020-12-04,5,5,4,The Queenâs Gambit,TV Show,Yes,"Oct 23, 2020",42,359,,,,,
2020-12-04,6,9,6,Illumination Presents The G…,Movie,,"Jun 5, 2019",24,95,,,,,
2020-12-04,7,7,5,The Crown,TV Show,Yes,"Nov 4, 2016",19,152,tt4786824,The Crown,"Biography,Drama,History",8.6,276038
2020-12-04,8,6,1,The Christmas Chronicles 2,Movie,Yes,"Nov 25, 2020",9,73,,,,,
2020-12-04,9,4,-,Rust Creek,Movie,,"Nov 30, 2020",3,10,tt6610158,Rust Creek,"Action,Crime,Drama",5.9,15314
2020-12-04,10,3,-,The 2nd,Movie,,"Nov 30, 2020",4,26,tt11697484,The 2nd,"Action,Drama",3.9,9544
2020-12-05,1,-,-,Selena: The Series,TV Show,Yes,"Dec 4, 2020",1,10,tt9421868,Selena: The Series,"Biography,Drama,Music",7.0,5274
2020-12-05,2,-,-,Big Mouth,TV Show,Yes,"Sep 29, 2017",1,9,tt6524350,Big Mouth,"Animation,Comedy,Romance",7.8,96732
2020-12-05,3,1,2,Virgin River,TV Show,Yes,"Dec 6, 2019",8,77,tt9077530,Virgin River,"Drama,Romance",7.4,57755
2020-12-05,4,2,-,Peppermint,Movie,,"Dec 1, 2020",4,30,tt6850820,Peppermint,"Action,Thriller",6.5,74866
2020-12-05,5,3,-,Marauders,Movie,,"Dec 2, 2020",2,14,tt3963816,Marauders,"Action,Crime,Thriller",5.5,24664
2020-12-05,6,5,4,The Queenâs Gambit,TV Show,Yes,"Oct 23, 2020",43,364,,,,,
2020-12-05,7,8,1,The Christmas Chronicles 2,Movie,Yes,"Nov 25, 2020",10,77,,,,,
2020-12-05,8,4,-,Alien Worlds,TV Show,Yes,"Dec 2, 2020",3,13,tt13464340,Alien Worlds,"Animation,Documentary,Sci-Fi",6.6,4471
2020-12-05,9,7,5,The Crown,TV Show,Yes,"Nov 4, 2016",20,154,tt4786824,The Crown,"Biography,Drama,History",8.6,276038
2020-12-05,10,-,-,How the Grinch Stole Christmas,Movie,,"Jun 1, 2017",6,10,tt0170016,How the Grinch Stole Christmas,"Comedy,Family,Fantasy",6.4,318875
2020-12-06,1,1,-,Selena: The Series,TV Show,Yes,"Dec 4, 2020",2,20,tt9421868,Selena: The Series,"Biography,Drama,Music",7.0,5274
2020-12-06,2,2,-,Big Mouth,TV Show,Yes,"Sep 29, 2017",2,18,tt6524350,Big Mouth,"Animation,Comedy,Romance",7.8,96732
2020-12-06,3,3,1,Virgin River,TV Show,Yes,"Dec 6, 2019",9,85,tt9077530,Virgin River,"Drama,Romance",7.4,57755
2020-12-06,4,4,-,Peppermint,Movie,,"Dec 1, 2020",5,37,tt6850820,Peppermint,"Action,Thriller",6.5,74866
2020-12-06,5,5,-,Marauders,Movie,,"Dec 2, 2020",3,20,tt3963816,Marauders,"Action,Crime,Thriller",5.5,24664
2020-12-06,6,7,2,The Christmas Chronicles 2,Movie,Yes,"Nov 25, 2020",11,82,,,,,
2020-12-06,7,10,10,How the Grinch Stole Christmas,Movie,,"Jun 1, 2017",7,14,tt0170016,How the Grinch Stole Christmas,"Comedy,Family,Fantasy",6.4,318875
2020-12-06,8,6,3,The Queenâs Gambit,TV Show,Yes,"Oct 23, 2020",44,367,,,,,
2020-12-06,9,8,-,Alien Worlds,TV Show,Yes,"Dec 2, 2020",4,15,tt13464340,Alien Worlds,"Animation,Documentary,Sci-Fi",6.6,4471
2020-12-06,10,9,5,The Crown,TV Show,Yes,"Nov 4, 2016",21,155,tt4786824,The Crown,"Biography,Drama,History",8.6,276038
2020-12-07,1,1,-,Selena: The Series,TV Show,Yes,"Dec 4, 2020",3,30,tt9421868,Selena: The Series,"Biography,Drama,Music",7.0,5274
2020-12-07,2,2,-,Big Mouth,TV Show,Yes,"Sep 29, 2017",3,27,tt6524350,Big Mouth,"Animation,Comedy,Romance",7.8,96732
2020-12-07,3,3,1,Virgin River,TV Show,Yes,"Dec 6, 2019",10,93,tt9077530,Virgin River,"Drama,Romance",7.4,57755
2020-12-07,4,4,-,Peppermint,Movie,,"Dec 1, 2020",6,44,tt6850820,Peppermint,"Action,Thriller",6.5,74866
2020-12-07,5,5,-,Marauders,Movie,,"Dec 2, 2020",4,26,tt3963816,Marauders,"Action,Crime,Thriller",5.5,24664
2020-12-07,6,6,2,The Christmas Chronicles 2,Movie,Yes,"Nov 25, 2020",12,87,,,,,
2020-12-07,7,8,3,The Queenâs Gambit,TV Show,Yes,"Oct 23, 2020",45,371,,,,,
2020-12-07,8,7,10,How the Grinch Stole Christmas,Movie,,"Jun 1, 2017",8,17,tt0170016,How the Grinch Stole Christmas,"Comedy,Family,Fantasy",6.4,318875
2020-12-07,9,9,-,Alien Worlds,TV Show,Yes,"Dec 2, 2020",5,17,tt13464340,Alien Worlds,"Animation,Documentary,Sci-Fi",6.6,4471
2020-12-07,10,10,4,The Crown,TV Show,Yes,"Nov 4, 2016",22,156,tt4786824,The Crown,"Biography,Drama,History",8.6,276038
2020-12-08,1,1,-,Selena: The Series,TV Show,Yes,"Dec 4, 2020",4,40,tt9421868,Selena: The Series,"Biography,Drama,Music",7.0,5274
2020-12-08,2,2,-,Big Mouth,TV Show,Yes,"Sep 29, 2017",4,36,tt6524350,Big Mouth,"Animation,Comedy,Romance",7.8,96732
2020-12-08,3,3,1,Virgin River,TV Show,Yes,"Dec 6, 2019",11,101,tt9077530,Virgin River,"Drama,Romance",7.4,57755
2020-12-08,4,4,-,Peppermint,Movie,,"Dec 1, 2020",7,51,tt6850820,Peppermint,"Action,Thriller",6.5,74866
2020-12-08,5,5,-,Marauders,Movie,,"Dec 2, 2020",5,32,tt3963816,Marauders,"Action,Crime,Thriller",5.5,24664
2020-12-08,6,7,4,The Queenâs Gambit,TV Show,Yes,"Oct 23, 2020",46,376,,,,,
2020-12-08,7,-,-,Ava,Movie,,"Dec 7, 2020",1,4,tt8784956,Ava,"Action,Crime,Drama",5.5,67178
2020-12-08,8,8,9,How the Grinch Stole Christmas,Movie,,"Jun 1, 2017",9,20,tt0170016,How the Grinch Stole Christmas,"Comedy,Family,Fantasy",6.4,318875
2020-12-08,9,-,10,Cocomelon,TV Show,,"Jun 1, 2020",67,163,tt12427840,Cocomelon,"Adventure,Animation,Family",3.6,1419
2020-12-08,10,10,5,The Crown,TV Show,Yes,"Nov 4, 2016",23,157,tt4786824,The Crown,"Biography,Drama,History",8.6,276038
2020-12-09,1,1,-,Selena: The Series,TV Show,Yes,"Dec 4, 2020",5,50,tt9421868,Selena: The Series,"Biography,Drama,Music",7.0,5274
2020-12-09,2,2,-,Big Mouth,TV Show,Yes,"Sep 29, 2017",5,45,tt6524350,Big Mouth,"Animation,Comedy,Romance",7.8,96732
2020-12-09,3,7,-,Ava,Movie,,"Dec 7, 2020",2,12,tt8784956,Ava,"Action,Crime,Drama",5.5,67178
2020-12-09,4,3,1,Virgin River,TV Show,Yes,"Dec 6, 2019",12,108,tt9077530,Virgin River,"Drama,Romance",7.4,57755
2020-12-09,5,-,-,Triple 9,Movie,,"Dec 8, 2020",1,6,tt1712261,Triple 9,"Action,Crime,Drama",6.3,80758
2020-12-09,6,6,4,The Queenâs Gambit,TV Show,Yes,"Oct 23, 2020",47,381,,,,,
2020-12-09,7,9,9,Cocomelon,TV Show,,"Jun 1, 2020",68,167,tt12427840,Cocomelon,"Adventure,Animation,Family",3.6,1419
2020-12-09,8,8,8,How the Grinch Stole Christmas,Movie,,"Jun 1, 2017",10,23,tt0170016,How the Grinch Stole Christmas,"Comedy,Family,Fantasy",6.4,318875
2020-12-09,9,4,6,Peppermint,Movie,,"Dec 1, 2020",8,53,tt6850820,Peppermint,"Action,Thriller",6.5,74866
2020-12-09,10,10,5,The Crown,TV Show,Yes,"Nov 4, 2016",24,158,tt4786824,The Crown,"Biography,Drama,History",8.6,276038
2020-12-10,1,1,-,Selena: The Series,TV Show,Yes,"Dec 4, 2020",6,60,tt9421868,Selena: The Series,"Biography,Drama,Music",7.0,5274
2020-12-10,2,2,-,Big Mouth,TV Show,Yes,"Sep 29, 2017",6,54,tt6524350,Big Mouth,"Animation,Comedy,Romance",7.8,96732
2020-12-10,3,3,-,Ava,Movie,,"Dec 7, 2020",3,20,tt8784956,Ava,"Action,Crime,Drama",5.5,67178
2020-12-10,4,5,-,Triple 9,Movie,,"Dec 8, 2020",2,13,tt1712261,Triple 9,"Action,Crime,Drama",6.3,80758
2020-12-10,5,4,1,Virgin River,TV Show,Yes,"Dec 6, 2019",13,114,tt9077530,Virgin River,"Drama,Romance",7.4,57755
2020-12-10,6,-,-,Manhunt: Deadly Games,TV Show,,"Dec 7, 2020",1,5,,,,,
2020-12-10,7,6,5,The Queenâs Gambit,TV Show,Yes,"Oct 23, 2020",48,385,,,,,
2020-12-10,8,7,10,Cocomelon,TV Show,,"Jun 1, 2020",69,170,tt12427840,Cocomelon,"Adventure,Animation,Family",3.6,1419
2020-12-10,9,8,-,How the Grinch Stole Christmas,Movie,,"Jun 1, 2017",11,25,tt0170016,How the Grinch Stole Christmas,"Comedy,Family,Fantasy",6.4,318875
2020-12-10,10,10,7,The Crown,TV Show,Yes,"Nov 4, 2016",25,159,tt4786824,The Crown,"Biography,Drama,History",8.6,276038
2020-12-11,1,3,-,Ava,Movie,,"Dec 7, 2020",4,30,tt8784956,Ava,"Action,Crime,Drama",5.5,67178
2020-12-11,2,1,-,Selena: The Series,TV Show,Yes,"Dec 4, 2020",7,69,tt9421868,Selena: The Series,"Biography,Drama,Music",7.0,5274
2020-12-11,3,2,-,Big Mouth,TV Show,Yes,"Sep 29, 2017",7,62,tt6524350,Big Mouth,"Animation,Comedy,Romance",7.8,96732
2020-12-11,4,6,-,Manhunt: Deadly Games,TV Show,,"Dec 7, 2020",2,12,,,,,
2020-12-11,5,5,1,Virgin River,TV Show,Yes,"Dec 6, 2019",14,120,tt9077530,Virgin River,"Drama,Romance",7.4,57755
2020-12-11,6,4,-,Triple 9,Movie,,"Dec 8, 2020",3,18,tt1712261,Triple 9,"Action,Crime,Drama",6.3,80758
2020-12-11,7,7,5,The Queenâs Gambit,TV Show,Yes,"Oct 23, 2020",49,389,,,,,
2020-12-11,8,8,-,Cocomelon,TV Show,,"Jun 1, 2020",70,173,tt12427840,Cocomelon,"Adventure,Animation,Family",3.6,1419
2020-12-11,9,9,-,How the Grinch Stole Christmas,Movie,,"Jun 1, 2017",12,27,tt0170016,How the Grinch Stole Christmas,"Comedy,Family,Fantasy",6.4,318875
2020-12-11,10,10,7,The Crown,TV Show,Yes,"Nov 4, 2016",26,160,tt4786824,The Crown,"Biography,Drama,History",8.6,276038
2020-12-12,1,1,-,Ava,Movie,,"Dec 7, 2020",5,40,tt8784956,Ava,"Action,Crime,Drama",5.5,67178
2020-12-12,2,4,-,Manhunt: Deadly Games,TV Show,,"Dec 7, 2020",3,21,,,,,
2020-12-12,3,3,2,Big Mouth,TV Show,Yes,"Sep 29, 2017",8,70,tt6524350,Big Mouth,"Animation,Comedy,Romance",7.8,96732
2020-12-12,4,2,1,Selena: The Series,TV Show,Yes,"Dec 4, 2020",8,76,tt9421868,Selena: The Series,"Biography,Drama,Music",7.0,5274
2020-12-12,5,-,-,The Prom,Movie,Yes,"Dec 11, 2020",1,6,tt10161886,The Prom,"Comedy,Drama,Musical",5.9,30310
2020-12-12,6,5,3,Virgin River,TV Show,Yes,"Dec 6, 2019",15,125,tt9077530,Virgin River,"Drama,Romance",7.4,57755
2020-12-12,7,6,-,Triple 9,Movie,,"Dec 8, 2020",4,22,tt1712261,Triple 9,"Action,Crime,Drama",6.3,80758
2020-12-12,8,9,10,How the Grinch Stole Christmas,Movie,,"Jun 1, 2017",13,30,tt0170016,How the Grinch Stole Christmas,"Comedy,Family,Fantasy",6.4,318875
2020-12-12,9,7,6,The Queenâs Gambit,TV Show,Yes,"Oct 23, 2020",50,391,,,,,
2020-12-12,10,8,-,Cocomelon,TV Show,,"Jun 1, 2020",71,174,tt12427840,Cocomelon,"Adventure,Animation,Family",3.6,1419
2020-12-13,1,1,-,Ava,Movie,,"Dec 7, 2020",6,50,tt8784956,Ava,"Action,Crime,Drama",5.5,67178
2020-12-13,2,5,-,The Prom,Movie,Yes,"Dec 11, 2020",2,15,tt10161886,The Prom,"Comedy,Drama,Musical",5.9,30310
2020-12-13,3,2,-,Manhunt: Deadly Games,TV Show,,"Dec 7, 2020",4,29,,,,,
2020-12-13,4,8,7,How the Grinch Stole Christmas,Movie,,"Jun 1, 2017",14,37,tt0170016,How the Grinch Stole Christmas,"Comedy,Family,Fantasy",6.4,318875
2020-12-13,5,7,-,Triple 9,Movie,,"Dec 8, 2020",5,28,tt1712261,Triple 9,"Action,Crime,Drama",6.3,80758
2020-12-13,6,4,1,Selena: The Series,TV Show,Yes,"Dec 4, 2020",9,81,tt9421868,Selena: The Series,"Biography,Drama,Music",7.0,5274
2020-12-13,7,3,2,Big Mouth,TV Show,Yes,"Sep 29, 2017",9,74,tt6524350,Big Mouth,"Animation,Comedy,Romance",7.8,96732
2020-12-13,8,6,3,Virgin River,TV Show,Yes,"Dec 6, 2019",16,128,tt9077530,Virgin River,"Drama,Romance",7.4,57755
2020-12-13,9,-,6,The Christmas Chronicles 2,Movie,Yes,"Nov 25, 2020",13,89,,,,,
2020-12-13,10,9,8,The Queenâs Gambit,TV Show,Yes,"Oct 23, 2020",51,392,,,,,
2020-12-14,1,1,-,Ava,Movie,,"Dec 7, 2020",7,60,tt8784956,Ava,"Action,Crime,Drama",5.5,67178
2020-12-14,2,2,-,The Prom,Movie,Yes,"Dec 11, 2020",3,24,tt10161886,The Prom,"Comedy,Drama,Musical",5.9,30310
2020-12-14,3,3,-,Manhunt: Deadly Games,TV Show,,"Dec 7, 2020",5,37,,,,,
2020-12-14,4,4,8,How the Grinch Stole Christmas,Movie,,"Jun 1, 2017",15,44,tt0170016,How the Grinch Stole Christmas,"Comedy,Family,Fantasy",6.4,318875
2020-12-14,5,8,3,Virgin River,TV Show,Yes,"Dec 6, 2019",17,134,tt9077530,Virgin River,"Drama,Romance",7.4,57755
2020-12-14,6,7,2,Big Mouth,TV Show,Yes,"Sep 29, 2017",10,79,tt6524350,Big Mouth,"Animation,Comedy,Romance",7.8,96732
2020-12-14,7,6,1,Selena: The Series,TV Show,Yes,"Dec 4, 2020",10,85,tt9421868,Selena: The Series,"Biography,Drama,Music",7.0,5274
2020-12-14,8,10,7,The Queenâs Gambit,TV Show,Yes,"Oct 23, 2020",52,395,,,,,
2020-12-14,9,9,6,The Christmas Chronicles 2,Movie,Yes,"Nov 25, 2020",14,91,,,,,
2020-12-14,10,5,-,Triple 9,Movie,,"Dec 8, 2020",6,29,tt1712261,Triple 9,"Action,Crime,Drama",6.3,80758
2020-12-15,1,-,-,A California Christmas,Movie,Yes,"Dec 14, 2020",1,10,tt13055780,A California Christmas,"Comedy,Drama,Romance",5.8,12222
2020-12-15,2,3,-,Manhunt: Deadly Games,TV Show,,"Dec 7, 2020",6,46,,,,,
2020-12-15,3,1,7,Ava,Movie,,"Dec 7, 2020",8,68,tt8784956,Ava,"Action,Crime,Drama",5.5,67178
2020-12-15,4,6,2,Big Mouth,TV Show,Yes,"Sep 29, 2017",11,86,tt6524350,Big Mouth,"Animation,Comedy,Romance",7.8,96732
2020-12-15,5,5,3,Virgin River,TV Show,Yes,"Dec 6, 2019",18,140,tt9077530,Virgin River,"Drama,Romance",7.4,57755
2020-12-15,6,2,-,The Prom,Movie,Yes,"Dec 11, 2020",4,29,tt10161886,The Prom,"Comedy,Drama,Musical",5.9,30310
2020-12-15,7,4,8,How the Grinch Stole Christmas,Movie,,"Jun 1, 2017",16,48,tt0170016,How the Grinch Stole Christmas,"Comedy,Family,Fantasy",6.4,318875
2020-12-15,8,-,9,Cocomelon,TV Show,,"Jun 1, 2020",72,177,tt12427840,Cocomelon,"Adventure,Animation,Family",3.6,1419
2020-12-15,9,8,6,The Queenâs Gambit,TV Show,Yes,"Oct 23, 2020",53,397,,,,,
2020-12-15,10,7,1,Selena: The Series,TV Show,Yes,"Dec 4, 2020",11,86,tt9421868,Selena: The Series,"Biography,Drama,Music",7.0,5274
2020-12-16,1,1,-,A California Christmas,Movie,Yes,"Dec 14, 2020",2,20,tt13055780,A California Christmas,"Comedy,Drama,Romance",5.8,12222
2020-12-16,2,2,-,Manhunt: Deadly Games,TV Show,,"Dec 7, 2020",7,55,,,,,
2020-12-16,3,-,-,Tiny Pretty Things,TV Show,Yes,"Dec 14, 2020",1,8,tt10767748,Tiny Pretty Things,"Drama,Mystery,Romance",5.9,11203
2020-12-16,4,3,3,Ava,Movie,,"Dec 7, 2020",9,75,tt8784956,Ava,"Action,Crime,Drama",5.5,67178
2020-12-16,5,5,4,Virgin River,TV Show,Yes,"Dec 6, 2019",19,146,tt9077530,Virgin River,"Drama,Romance",7.4,57755
2020-12-16,6,4,2,Big Mouth,TV Show,Yes,"Sep 29, 2017",12,91,tt6524350,Big Mouth,"Animation,Comedy,Romance",7.8,96732
2020-12-16,7,7,8,How the Grinch Stole Christmas,Movie,,"Jun 1, 2017",17,52,tt0170016,How the Grinch Stole Christmas,"Comedy,Family,Fantasy",6.4,318875
2020-12-16,8,8,7,Cocomelon,TV Show,,"Jun 1, 2020",73,180,tt12427840,Cocomelon,"Adventure,Animation,Family",3.6,1419
2020-12-16,9,9,6,The Queenâs Gambit,TV Show,Yes,"Oct 23, 2020",54,399,,,,,
2020-12-16,10,6,-,The Prom,Movie,Yes,"Dec 11, 2020",5,30,tt10161886,The Prom,"Comedy,Drama,Musical",5.9,30310
2020-12-17,1,1,-,A California Christmas,Movie,Yes,"Dec 14, 2020",3,30,tt13055780,A California Christmas,"Comedy,Drama,Romance",5.8,12222
2020-12-17,2,2,6,Manhunt: Deadly Games,TV Show,,"Dec 7, 2020",8,64,,,,,
2020-12-17,3,3,-,Tiny Pretty Things,TV Show,Yes,"Dec 14, 2020",2,16,tt10767748,Tiny Pretty Things,"Drama,Mystery,Romance",5.9,11203
2020-12-17,4,4,3,Ava,Movie,,"Dec 7, 2020",10,82,tt8784956,Ava,"Action,Crime,Drama",5.5,67178
2020-12-17,5,7,9,How the Grinch Stole Christmas,Movie,,"Jun 1, 2017",18,58,tt0170016,How the Grinch Stole Christmas,"Comedy,Family,Fantasy",6.4,318875
2020-12-17,6,5,5,Virgin River,TV Show,Yes,"Dec 6, 2019",20,151,tt9077530,Virgin River,"Drama,Romance",7.4,57755
2020-12-17,7,8,8,Cocomelon,TV Show,,"Jun 1, 2020",74,184,tt12427840,Cocomelon,"Adventure,Animation,Family",3.6,1419
2020-12-17,8,6,2,Big Mouth,TV Show,Yes,"Sep 29, 2017",13,94,tt6524350,Big Mouth,"Animation,Comedy,Romance",7.8,96732
2020-12-17,9,9,7,The Queenâs Gambit,TV Show,Yes,"Oct 23, 2020",55,401,,,,,
2020-12-17,10,-,-,The Ripper,TV Show,Yes,"Dec 16, 2020",1,1,tt13492374,The Ripper,"Crime,Documentary",7.1,11728
2020-12-18,1,1,-,A California Christmas,Movie,Yes,"Dec 14, 2020",4,40,tt13055780,A California Christmas,"Comedy,Drama,Romance",5.8,12222
2020-12-18,2,3,-,Tiny Pretty Things,TV Show,Yes,"Dec 14, 2020",3,25,tt10767748,Tiny Pretty Things,"Drama,Mystery,Romance",5.9,11203
2020-12-18,3,2,4,Manhunt: Deadly Games,TV Show,,"Dec 7, 2020",9,72,,,,,
2020-12-18,4,10,-,The Ripper,TV Show,Yes,"Dec 16, 2020",2,8,tt13492374,The Ripper,"Crime,Documentary",7.1,11728
2020-12-18,5,-,-,Braven,Movie,,"Dec 17, 2020",1,6,tt5001754,Braven,"Action,Thriller",5.9,43776
2020-12-18,6,5,9,How the Grinch Stole Christmas,Movie,,"Jun 1, 2017",19,63,tt0170016,How the Grinch Stole Christmas,"Comedy,Family,Fantasy",6.4,318875
2020-12-18,7,7,8,Cocomelon,TV Show,,"Jun 1, 2020",75,188,tt12427840,Cocomelon,"Adventure,Animation,Family",3.6,1419
2020-12-18,8,6,5,Virgin River,TV Show,Yes,"Dec 6, 2019",21,154,tt9077530,Virgin River,"Drama,Romance",7.4,57755
2020-12-18,9,4,1,Ava,Movie,,"Dec 7, 2020",11,84,tt8784956,Ava,"Action,Crime,Drama",5.5,67178
2020-12-18,10,9,7,The Queenâs Gambit,TV Show,Yes,"Oct 23, 2020",56,402,,,,,
2020-12-19,1,-,-,Ma Raineyâs Black Bottom,Movie,Yes,"Dec 18, 2020",1,10,,,,,
2020-12-19,2,1,-,A California Christmas,Movie,Yes,"Dec 14, 2020",5,49,tt13055780,A California Christmas,"Comedy,Drama,Romance",5.8,12222
2020-12-19,3,2,-,Tiny Pretty Things,TV Show,Yes,"Dec 14, 2020",4,33,tt10767748,Tiny Pretty Things,"Drama,Mystery,Romance",5.9,11203
2020-12-19,4,4,-,The Ripper,TV Show,Yes,"Dec 16, 2020",3,15,tt13492374,The Ripper,"Crime,Documentary",7.1,11728
2020-12-19,5,6,8,How the Grinch Stole Christmas,Movie,,"Jun 1, 2017",20,69,tt0170016,How the Grinch Stole Christmas,"Comedy,Family,Fantasy",6.4,318875
2020-12-19,6,3,2,Manhunt: Deadly Games,TV Show,,"Dec 7, 2020",10,77,,,,,
2020-12-19,7,5,-,Braven,Movie,,"Dec 17, 2020",2,10,tt5001754,Braven,"Action,Thriller",5.9,43776
2020-12-19,8,7,10,Cocomelon,TV Show,,"Jun 1, 2020",76,191,tt12427840,Cocomelon,"Adventure,Animation,Family",3.6,1419
2020-12-19,9,8,6,Virgin River,TV Show,Yes,"Dec 6, 2019",22,156,tt9077530,Virgin River,"Drama,Romance",7.4,57755
2020-12-19,10,10,9,The Queenâs Gambit,TV Show,Yes,"Oct 23, 2020",57,403,,,,,
2020-12-20,1,1,-,Ma Raineyâs Black Bottom,Movie,Yes,"Dec 18, 2020",2,20,,,,,
2020-12-20,2,2,-,A California Christmas,Movie,Yes,"Dec 14, 2020",6,58,tt13055780,A California Christmas,"Comedy,Drama,Romance",5.8,12222
2020-12-20,3,5,4,How the Grinch Stole Christmas,Movie,,"Jun 1, 2017",21,77,tt0170016,How the Grinch Stole Christmas,"Comedy,Family,Fantasy",6.4,318875
2020-12-20,4,4,-,The Ripper,TV Show,Yes,"Dec 16, 2020",4,22,tt13492374,The Ripper,"Crime,Documentary",7.1,11728
2020-12-20,5,3,-,Tiny Pretty Things,TV Show,Yes,"Dec 14, 2020",5,39,tt10767748,Tiny Pretty Things,"Drama,Mystery,Romance",5.9,11203
2020-12-20,6,7,-,Braven,Movie,,"Dec 17, 2020",3,15,tt5001754,Braven,"Action,Thriller",5.9,43776
2020-12-20,7,6,3,Manhunt: Deadly Games,TV Show,,"Dec 7, 2020",11,81,,,,,
2020-12-20,8,8,-,Cocomelon,TV Show,,"Jun 1, 2020",77,194,tt12427840,Cocomelon,"Adventure,Animation,Family",3.6,1419
2020-12-20,9,-,9,The Christmas Chronicles 2,Movie,Yes,"Nov 25, 2020",15,93,,,,,
2020-12-20,10,10,10,The Queenâs Gambit,TV Show,Yes,"Oct 23, 2020",58,404,,,,,
2020-12-21,1,1,-,Ma Raineyâs Black Bottom,Movie,Yes,"Dec 18, 2020",3,30,,,,,
2020-12-21,2,3,4,How the Grinch Stole Christmas,Movie,,"Jun 1, 2017",22,86,tt0170016,How the Grinch Stole Christmas,"Comedy,Family,Fantasy",6.4,318875
2020-12-21,3,2,-,A California Christmas,Movie,Yes,"Dec 14, 2020",7,66,tt13055780,A California Christmas,"Comedy,Drama,Romance",5.8,12222
2020-12-21,4,5,-,Tiny Pretty Things,TV Show,Yes,"Dec 14, 2020",6,46,tt10767748,Tiny Pretty Things,"Drama,Mystery,Romance",5.9,11203
2020-12-21,5,6,-,Braven,Movie,,"Dec 17, 2020",4,21,tt5001754,Braven,"Action,Thriller",5.9,43776
2020-12-21,6,4,-,The Ripper,TV Show,Yes,"Dec 16, 2020",5,27,tt13492374,The Ripper,"Crime,Documentary",7.1,11728
2020-12-21,7,7,3,Manhunt: Deadly Games,TV Show,,"Dec 7, 2020",12,85,,,,,
2020-12-21,8,8,-,Cocomelon,TV Show,,"Jun 1, 2020",78,197,tt12427840,Cocomelon,"Adventure,Animation,Family",3.6,1419
2020-12-21,9,9,9,The Christmas Chronicles 2,Movie,Yes,"Nov 25, 2020",16,95,,,,,
2020-12-21,10,10,8,The Queenâs Gambit,TV Show,Yes,"Oct 23, 2020",59,405,,,,,
2020-12-22,1,2,7,How the Grinch Stole Christmas,Movie,,"Jun 1, 2017",23,96,tt0170016,How the Grinch Stole Christmas,"Comedy,Family,Fantasy",6.4,318875
2020-12-22,2,-,-,"Ariana Grande: Excuse Me, I…",Concert/Perf…,Yes,"Dec 21, 2020",1,9,,,,,
2020-12-22,3,4,-,Tiny Pretty Things,TV Show,Yes,"Dec 14, 2020",7,54,tt10767748,Tiny Pretty Things,"Drama,Mystery,Romance",5.9,11203
2020-12-22,4,8,8,Cocomelon,TV Show,,"Jun 1, 2020",79,204,tt12427840,Cocomelon,"Adventure,Animation,Family",3.6,1419
2020-12-22,5,5,-,Braven,Movie,,"Dec 17, 2020",5,27,tt5001754,Braven,"Action,Thriller",5.9,43776
2020-12-22,6,7,2,Manhunt: Deadly Games,TV Show,,"Dec 7, 2020",13,90,,,,,
2020-12-22,7,1,-,Ma Raineyâs Black Bottom,Movie,Yes,"Dec 18, 2020",4,34,,,,,
2020-12-22,8,3,1,A California Christmas,Movie,Yes,"Dec 14, 2020",8,69,tt13055780,A California Christmas,"Comedy,Drama,Romance",5.8,12222
2020-12-22,9,6,-,The Ripper,TV Show,Yes,"Dec 16, 2020",6,29,tt13492374,The Ripper,"Crime,Documentary",7.1,11728
2020-12-22,10,10,9,The Queenâs Gambit,TV Show,Yes,"Oct 23, 2020",60,406,,,,,
2020-12-23,1,-,-,After We Collided,Movie,,"Dec 22, 2020",1,10,tt10362466,After We Collided,"Drama,Romance",5.1,43090
2020-12-23,2,1,7,How the Grinch Stole Christmas,Movie,,"Jun 1, 2017",24,105,tt0170016,How the Grinch Stole Christmas,"Comedy,Family,Fantasy",6.4,318875
2020-12-23,3,4,8,Cocomelon,TV Show,,"Jun 1, 2020",80,212,tt12427840,Cocomelon,"Adventure,Animation,Family",3.6,1419
2020-12-23,4,3,3,Tiny Pretty Things,TV Show,Yes,"Dec 14, 2020",8,61,tt10767748,Tiny Pretty Things,"Drama,Mystery,Romance",5.9,11203
2020-12-23,5,2,-,"Ariana Grande: Excuse Me, I…",Concert/Perf…,Yes,"Dec 21, 2020",2,15,,,,,
2020-12-23,6,6,2,Manhunt: Deadly Games,TV Show,,"Dec 7, 2020",14,95,,,,,
2020-12-23,7,10,9,The Queenâs Gambit,TV Show,Yes,"Oct 23, 2020",61,410,,,,,
2020-12-23,8,-,-,The Christmas Chronicles 2,Movie,Yes,"Nov 25, 2020",17,98,,,,,
2020-12-23,9,-,-,Sweet Home,TV Show,Yes,"Dec 18, 2020",1,2,tt11612120,Sweet Home,"Drama,Fantasy,Horror",7.2,40504
2020-12-23,10,9,-,The Ripper,TV Show,Yes,"Dec 16, 2020",7,30,tt13492374,The Ripper,"Crime,Documentary",7.1,11728
2020-12-24,1,-,-,The Midnight Sky,Movie,Yes,"Dec 23, 2020",1,10,tt10539608,The Midnight Sky,"Adventure,Drama,Sci-Fi",5.7,92907
2020-12-24,2,1,-,After We Collided,Movie,,"Dec 22, 2020",2,19,tt10362466,After We Collided,"Drama,Romance",5.1,43090
2020-12-24,3,2,5,How the Grinch Stole Christmas,Movie,,"Jun 1, 2017",25,113,tt0170016,How the Grinch Stole Christmas,"Comedy,Family,Fantasy",6.4,318875
2020-12-24,4,3,7,Cocomelon,TV Show,,"Jun 1, 2020",81,219,tt12427840,Cocomelon,"Adventure,Animation,Family",3.6,1419
2020-12-24,5,8,-,The Christmas Chronicles 2,Movie,Yes,"Nov 25, 2020",18,104,,,,,
2020-12-24,6,4,3,Tiny Pretty Things,TV Show,Yes,"Dec 14, 2020",9,66,tt10767748,Tiny Pretty Things,"Drama,Mystery,Romance",5.9,11203
2020-12-24,7,6,2,Manhunt: Deadly Games,TV Show,,"Dec 7, 2020",15,99,,,,,
2020-12-24,8,7,9,The Queenâs Gambit,TV Show,Yes,"Oct 23, 2020",62,413,,,,,
2020-12-24,9,9,-,Sweet Home,TV Show,Yes,"Dec 18, 2020",2,4,tt11612120,Sweet Home,"Drama,Fantasy,Horror",7.2,40504
2020-12-24,10,-,-,The Christmas Chronicles,Movie,Yes,"Nov 22, 2018",6,13,tt2990140,The Christmas Chronicles,"Adventure,Comedy,Family",7.0,90581
2020-12-25,1,1,-,The Midnight Sky,Movie,Yes,"Dec 23, 2020",2,20,tt10539608,The Midnight Sky,"Adventure,Drama,Sci-Fi",5.7,92907
2020-12-25,2,3,6,How the Grinch Stole Christmas,Movie,,"Jun 1, 2017",26,122,tt0170016,How the Grinch Stole Christmas,"Comedy,Family,Fantasy",6.4,318875
2020-12-25,3,5,-,The Christmas Chronicles 2,Movie,Yes,"Nov 25, 2020",19,112,,,,,
2020-12-25,4,2,-,After We Collided,Movie,,"Dec 22, 2020",3,26,tt10362466,After We Collided,"Drama,Romance",5.1,43090
2020-12-25,5,10,-,The Christmas Chronicles,Movie,Yes,"Nov 22, 2018",7,19,tt2990140,The Christmas Chronicles,"Adventure,Comedy,Family",7.0,90581
2020-12-25,6,4,7,Cocomelon,TV Show,,"Jun 1, 2020",82,224,tt12427840,Cocomelon,"Adventure,Animation,Family",3.6,1419
2020-12-25,7,-,-,Klaus,Movie,Yes,"Nov 15, 2019",1,4,tt4729430,Klaus,"Adventure,Animation,Comedy",8.2,223173
2020-12-25,8,-,-,Jingle Jangle: A Christmas …,Movie,Yes,"Nov 13, 2020",9,37,,,,,
2020-12-25,9,6,2,Tiny Pretty Things,TV Show,Yes,"Dec 14, 2020",10,68,tt10767748,Tiny Pretty Things,"Drama,Mystery,Romance",5.9,11203
2020-12-25,10,9,-,Sweet Home,TV Show,Yes,"Dec 18, 2020",3,5,tt11612120,Sweet Home,"Drama,Fantasy,Horror",7.2,40504
2020-12-26,1,1,-,The Midnight Sky,Movie,Yes,"Dec 23, 2020",3,30,tt10539608,The Midnight Sky,"Adventure,Drama,Sci-Fi",5.7,92907
2020-12-26,2,2,5,How the Grinch Stole Christmas,Movie,,"Jun 1, 2017",27,131,tt0170016,How the Grinch Stole Christmas,"Comedy,Family,Fantasy",6.4,318875
2020-12-26,3,-,-,Bridgerton,TV Show,Yes,"Dec 25, 2020",1,8,tt8740790,Bridgerton,"Drama,Romance",7.4,211306
2020-12-26,4,-,-,We Can Be Heroes,Movie,Yes,"Dec 25, 2020",1,7,tt10600398,We Can Be Heroes,"Action,Animation,Comedy",4.7,19047
2020-12-26,5,3,-,The Christmas Chronicles 2,Movie,Yes,"Nov 25, 2020",20,118,,,,,
2020-12-26,6,4,-,After We Collided,Movie,,"Dec 22, 2020",4,31,tt10362466,After We Collided,"Drama,Romance",5.1,43090
2020-12-26,7,5,-,The Christmas Chronicles,Movie,Yes,"Nov 22, 2018",8,23,tt2990140,The Christmas Chronicles,"Adventure,Comedy,Family",7.0,90581
2020-12-26,8,8,-,Jingle Jangle: A Christmas …,Movie,Yes,"Nov 13, 2020",10,40,,,,,
2020-12-26,9,7,-,Klaus,Movie,Yes,"Nov 15, 2019",2,6,tt4729430,Klaus,"Adventure,Animation,Comedy",8.2,223173
2020-12-26,10,6,8,Cocomelon,TV Show,,"Jun 1, 2020",83,225,tt12427840,Cocomelon,"Adventure,Animation,Family",3.6,1419
2020-12-27,1,1,-,The Midnight Sky,Movie,Yes,"Dec 23, 2020",4,40,tt10539608,The Midnight Sky,"Adventure,Drama,Sci-Fi",5.7,92907
2020-12-27,2,3,-,Bridgerton,TV Show,Yes,"Dec 25, 2020",2,17,tt8740790,Bridgerton,"Drama,Romance",7.4,211306
2020-12-27,3,4,-,We Can Be Heroes,Movie,Yes,"Dec 25, 2020",2,15,tt10600398,We Can Be Heroes,"Action,Animation,Comedy",4.7,19047
2020-12-27,4,6,-,After We Collided,Movie,,"Dec 22, 2020",5,38,tt10362466,After We Collided,"Drama,Romance",5.1,43090
2020-12-27,5,10,8,Cocomelon,TV Show,,"Jun 1, 2020",84,231,tt12427840,Cocomelon,"Adventure,Animation,Family",3.6,1419
2020-12-27,6,2,3,How the Grinch Stole Christmas,Movie,,"Jun 1, 2017",28,136,tt0170016,How the Grinch Stole Christmas,"Comedy,Family,Fantasy",6.4,318875
2020-12-27,7,-,10,The Queenâs Gambit,TV Show,Yes,"Oct 23, 2020",63,417,,,,,
2020-12-27,8,5,9,The Christmas Chronicles 2,Movie,Yes,"Nov 25, 2020",21,121,,,,,
2020-12-27,9,-,5,Tiny Pretty Things,TV Show,Yes,"Dec 14, 2020",11,70,tt10767748,Tiny Pretty Things,"Drama,Mystery,Romance",5.9,11203
2020-12-27,10,-,-,Virgin River,TV Show,Yes,"Dec 6, 2019",23,157,tt9077530,Virgin River,"Drama,Romance",7.4,57755
2020-12-28,1,2,-,Bridgerton,TV Show,Yes,"Dec 25, 2020",3,27,tt8740790,Bridgerton,"Drama,Romance",7.4,211306
2020-12-28,2,1,-,The Midnight Sky,Movie,Yes,"Dec 23, 2020",5,49,tt10539608,The Midnight Sky,"Adventure,Drama,Sci-Fi",5.7,92907
2020-12-28,3,3,-,We Can Be Heroes,Movie,Yes,"Dec 25, 2020",3,23,tt10600398,We Can Be Heroes,"Action,Animation,Comedy",4.7,19047
2020-12-28,4,4,-,After We Collided,Movie,,"Dec 22, 2020",6,45,tt10362466,After We Collided,"Drama,Romance",5.1,43090
2020-12-28,5,5,8,Cocomelon,TV Show,,"Jun 1, 2020",85,237,tt12427840,Cocomelon,"Adventure,Animation,Family",3.6,1419
2020-12-28,6,-,-,Death to 2020,Movie,Yes,"Dec 27, 2020",1,5,tt13567480,Death to 2020,Comedy,6.8,40810
2020-12-28,7,7,10,The Queenâs Gambit,TV Show,Yes,"Oct 23, 2020",64,421,,,,,
2020-12-28,8,9,4,Tiny Pretty Things,TV Show,Yes,"Dec 14, 2020",12,73,tt10767748,Tiny Pretty Things,"Drama,Mystery,Romance",5.9,11203
2020-12-28,9,10,-,Virgin River,TV Show,Yes,"Dec 6, 2019",24,159,tt9077530,Virgin River,"Drama,Romance",7.4,57755
2020-12-28,10,6,2,How the Grinch Stole Christmas,Movie,,"Jun 1, 2017",29,137,tt0170016,How the Grinch Stole Christmas,"Comedy,Family,Fantasy",6.4,318875
2020-12-29,1,1,-,Bridgerton,TV Show,Yes,"Dec 25, 2020",4,37,tt8740790,Bridgerton,"Drama,Romance",7.4,211306
2020-12-29,2,3,-,We Can Be Heroes,Movie,Yes,"Dec 25, 2020",4,32,tt10600398,We Can Be Heroes,"Action,Animation,Comedy",4.7,19047
2020-12-29,3,2,-,The Midnight Sky,Movie,Yes,"Dec 23, 2020",6,57,tt10539608,The Midnight Sky,"Adventure,Drama,Sci-Fi",5.7,92907
2020-12-29,4,6,-,Death to 2020,Movie,Yes,"Dec 27, 2020",2,12,tt13567480,Death to 2020,Comedy,6.8,40810
2020-12-29,5,4,-,After We Collided,Movie,,"Dec 22, 2020",7,51,tt10362466,After We Collided,"Drama,Romance",5.1,43090
2020-12-29,6,5,4,Cocomelon,TV Show,,"Jun 1, 2020",86,242,tt12427840,Cocomelon,"Adventure,Animation,Family",3.6,1419
2020-12-29,7,7,10,The Queenâs Gambit,TV Show,Yes,"Oct 23, 2020",65,425,,,,,
2020-12-29,8,8,3,Tiny Pretty Things,TV Show,Yes,"Dec 14, 2020",13,76,tt10767748,Tiny Pretty Things,"Drama,Mystery,Romance",5.9,11203
2020-12-29,9,9,-,Virgin River,TV Show,Yes,"Dec 6, 2019",25,161,tt9077530,Virgin River,"Drama,Romance",7.4,57755
2020-12-29,10,-,6,Manhunt: Deadly Games,TV Show,,"Dec 7, 2020",16,100,,,,,
2020-12-30,1,1,-,Bridgerton,TV Show,Yes,"Dec 25, 2020",5,47,tt8740790,Bridgerton,"Drama,Romance",7.4,211306
2020-12-30,2,2,-,We Can Be Heroes,Movie,Yes,"Dec 25, 2020",5,41,tt10600398,We Can Be Heroes,"Action,Animation,Comedy",4.7,19047
2020-12-30,3,4,-,Death to 2020,Movie,Yes,"Dec 27, 2020",3,20,tt13567480,Death to 2020,Comedy,6.8,40810
2020-12-30,4,3,-,The Midnight Sky,Movie,Yes,"Dec 23, 2020",7,64,tt10539608,The Midnight Sky,"Adventure,Drama,Sci-Fi",5.7,92907
2020-12-30,5,6,3,Cocomelon,TV Show,,"Jun 1, 2020",87,248,tt12427840,Cocomelon,"Adventure,Animation,Family",3.6,1419
2020-12-30,6,7,7,The Queenâs Gambit,TV Show,Yes,"Oct 23, 2020",66,430,,,,,
2020-12-30,7,5,1,After We Collided,Movie,,"Dec 22, 2020",8,55,tt10362466,After We Collided,"Drama,Romance",5.1,43090
2020-12-30,8,8,4,Tiny Pretty Things,TV Show,Yes,"Dec 14, 2020",14,79,tt10767748,Tiny Pretty Things,"Drama,Mystery,Romance",5.9,11203
2020-12-30,9,9,-,Virgin River,TV Show,Yes,"Dec 6, 2019",26,163,tt9077530,Virgin River,"Drama,Romance",7.4,57755
2020-12-30,10,-,-,The Croods,Movie,,"Jul 29, 2019",1,1,tt0481499,The Croods,"Adventure,Animation,Comedy",7.1,247314
2020-12-31,1,1,-,Bridgerton,TV Show,Yes,"Dec 25, 2020",6,57,tt8740790,Bridgerton,"Drama,Romance",7.4,211306
2020-12-31,2,2,-,We Can Be Heroes,Movie,Yes,"Dec 25, 2020",6,50,tt10600398,We Can Be Heroes,"Action,Animation,Comedy",4.7,19047
2020-12-31,3,3,-,Death to 2020,Movie,Yes,"Dec 27, 2020",4,28,tt13567480,Death to 2020,Comedy,6.8,40810
2020-12-31,4,4,1,The Midnight Sky,Movie,Yes,"Dec 23, 2020",8,71,tt10539608,The Midnight Sky,"Adventure,Drama,Sci-Fi",5.7,92907
2020-12-31,5,5,4,Cocomelon,TV Show,,"Jun 1, 2020",88,254,tt12427840,Cocomelon,"Adventure,Animation,Family",3.6,1419
2020-12-31,6,6,8,The Queenâs Gambit,TV Show,Yes,"Oct 23, 2020",67,435,,,,,
2020-12-31,7,7,2,After We Collided,Movie,,"Dec 22, 2020",9,59,tt10362466,After We Collided,"Drama,Romance",5.1,43090
2020-12-31,8,8,6,Tiny Pretty Things,TV Show,Yes,"Dec 14, 2020",15,82,tt10767748,Tiny Pretty Things,"Drama,Mystery,Romance",5.9,11203
2020-12-31,9,9,-,Virgin River,TV Show,Yes,"Dec 6, 2019",27,165,tt9077530,Virgin River,"Drama,Romance",7.4,57755
2020-12-31,10,-,-,Dare Me: Season 1,TV Show,,"Dec 29, 2020",1,1,,,,,
2021-01-01,1,1,-,Bridgerton,TV Show,Yes,"Dec 25, 2020",7,67,tt8740790,Bridgerton,"Drama,Romance",7.4,211306
2021-01-01,2,3,-,Death to 2020,Movie,Yes,"Dec 27, 2020",5,37,tt13567480,Death to 2020,Comedy,6.8,40810
2021-01-01,3,2,-,We Can Be Heroes,Movie,Yes,"Dec 25, 2020",7,58,tt10600398,We Can Be Heroes,"Action,Animation,Comedy",4.7,19047
2021-01-01,4,-,-,Chilling Adventures of Sabrina,TV Show,Yes,"Oct 26, 2018",1,7,tt7569592,Chilling Adventures of Sabrina,"Drama,Fantasy,Horror",7.4,116975
2021-01-01,5,4,1,The Midnight Sky,Movie,Yes,"Dec 23, 2020",9,77,tt10539608,The Midnight Sky,"Adventure,Drama,Sci-Fi",5.7,92907
2021-01-01,6,5,6,Cocomelon,TV Show,,"Jun 1, 2020",89,259,tt12427840,Cocomelon,"Adventure,Animation,Family",3.6,1419
2021-01-01,7,6,-,The Queenâs Gambit,TV Show,Yes,"Oct 23, 2020",68,439,,,,,
2021-01-01,8,-,-,Rango,Movie,,"Dec 28, 2020",1,3,tt1192628,Rango,"Action,Adventure,Animation",7.3,313156
2021-01-01,9,10,-,Dare Me,TV Show,,"Dec 29, 2020",2,3,tt2983222,Dare Me,"Crime,Mystery,Thriller",6.7,6948
2021-01-01,10,-,-,The Croods,Movie,,"Jul 29, 2019",2,2,tt0481499,The Croods,"Adventure,Animation,Comedy",7.1,247314
2021-01-02,1,-,-,Cobra Kai,TV Show,,"Aug 28, 2020",34,237,tt7221388,Cobra Kai,"Action,Comedy,Drama",8.4,237505
2021-01-02,2,1,3,Bridgerton,TV Show,Yes,"Dec 25, 2020",8,76,tt8740790,Bridgerton,"Drama,Romance",7.4,211306
2021-01-02,3,4,-,Chilling Adventures of Sabrina,TV Show,Yes,"Oct 26, 2018",2,15,tt7569592,Chilling Adventures of Sabrina,"Drama,Fantasy,Horror",7.4,116975
2021-01-02,4,2,-,Death to 2020,Movie,Yes,"Dec 27, 2020",6,44,tt13567480,Death to 2020,Comedy,6.8,40810
2021-01-02,5,3,4,We Can Be Heroes,Movie,Yes,"Dec 25, 2020",8,64,tt10600398,We Can Be Heroes,"Action,Animation,Comedy",4.7,19047
2021-01-02,6,5,1,The Midnight Sky,Movie,Yes,"Dec 23, 2020",10,82,tt10539608,The Midnight Sky,"Adventure,Drama,Sci-Fi",5.7,92907
2021-01-02,7,-,-,Unknown,Movie,,"Jan 1, 2021",1,4,tt1401152,Unknown,"Action,Mystery,Thriller",6.8,275192
2021-01-02,8,-,-,17 Again,Movie,,"Jan 1, 2021",1,3,tt0974661,17 Again,"Comedy,Drama,Fantasy",6.4,229240
2021-01-02,9,7,-,The Queenâs Gambit,TV Show,Yes,"Oct 23, 2020",69,441,,,,,
2021-01-02,10,6,10,Cocomelon,TV Show,,"Jun 1, 2020",90,260,tt12427840,Cocomelon,"Adventure,Animation,Family",3.6,1419
2021-01-03,1,1,-,Cobra Kai,TV Show,,"Aug 28, 2020",35,247,tt7221388,Cobra Kai,"Action,Comedy,Drama",8.4,237505
2021-01-03,2,2,2,Bridgerton,TV Show,Yes,"Dec 25, 2020",9,85,tt8740790,Bridgerton,"Drama,Romance",7.4,211306
2021-01-03,3,7,-,Unknown,Movie,,"Jan 1, 2021",2,12,tt1401152,Unknown,"Action,Mystery,Thriller",6.8,275192
2021-01-03,4,3,-,Chilling Adventures of Sabrina,TV Show,Yes,"Oct 26, 2018",3,22,tt7569592,Chilling Adventures of Sabrina,"Drama,Fantasy,Horror",7.4,116975
2021-01-03,5,5,3,We Can Be Heroes,Movie,Yes,"Dec 25, 2020",9,70,tt10600398,We Can Be Heroes,"Action,Animation,Comedy",4.7,19047
2021-01-03,6,8,-,17 Again,Movie,,"Jan 1, 2021",2,8,tt0974661,17 Again,"Comedy,Drama,Fantasy",6.4,229240
2021-01-03,7,4,-,Death to 2020,Movie,Yes,"Dec 27, 2020",7,48,tt13567480,Death to 2020,Comedy,6.8,40810
2021-01-03,8,-,-,30 Minutes or Less,Movie,,"Jan 1, 2021",1,3,tt1622547,30 Minutes or Less,"Action,Comedy,Crime",6.0,109349
2021-01-03,9,-,-,The Netflix Afterparty,TV Show,Yes,"Jan 2, 2021",1,2,tt13521850,The Netflix Afterparty,Talk-Show,3.8,568
2021-01-03,10,9,7,The Queenâs Gambit,TV Show,Yes,"Oct 23, 2020",70,442,,,,,
2021-01-04,1,1,-,Cobra Kai,TV Show,,"Aug 28, 2020",36,257,tt7221388,Cobra Kai,"Action,Comedy,Drama",8.4,237505
2021-01-04,2,2,1,Bridgerton,TV Show,Yes,"Dec 25, 2020",10,94,tt8740790,Bridgerton,"Drama,Romance",7.4,211306
2021-01-04,3,3,-,Unknown,Movie,,"Jan 1, 2021",3,20,tt1401152,Unknown,"Action,Mystery,Thriller",6.8,275192
2021-01-04,4,4,-,Chilling Adventures of Sabrina,TV Show,Yes,"Oct 26, 2018",4,29,tt7569592,Chilling Adventures of Sabrina,"Drama,Fantasy,Horror",7.4,116975
2021-01-04,5,6,-,17 Again,Movie,,"Jan 1, 2021",3,14,tt0974661,17 Again,"Comedy,Drama,Fantasy",6.4,229240
2021-01-04,6,5,3,We Can Be Heroes,Movie,Yes,"Dec 25, 2020",10,75,tt10600398,We Can Be Heroes,"Action,Animation,Comedy",4.7,19047
2021-01-04,7,8,-,30 Minutes or Less,Movie,,"Jan 1, 2021",2,7,tt1622547,30 Minutes or Less,"Action,Comedy,Crime",6.0,109349
2021-01-04,8,9,-,The Netflix Afterparty,TV Show,Yes,"Jan 2, 2021",2,5,tt13521850,The Netflix Afterparty,Talk-Show,3.8,568
2021-01-04,9,7,6,Death to 2020,Movie,Yes,"Dec 27, 2020",8,50,tt13567480,Death to 2020,Comedy,6.8,40810
2021-01-04,10,10,7,The Queenâs Gambit,TV Show,Yes,"Oct 23, 2020",71,443,,,,,
2021-01-05,1,1,-,Cobra Kai,TV Show,,"Aug 28, 2020",37,267,tt7221388,Cobra Kai,"Action,Comedy,Drama",8.4,237505
2021-01-05,2,2,1,Bridgerton,TV Show,Yes,"Dec 25, 2020",11,103,tt8740790,Bridgerton,"Drama,Romance",7.4,211306
2021-01-05,3,4,-,Chilling Adventures of Sabrina,TV Show,Yes,"Oct 26, 2018",5,37,tt7569592,Chilling Adventures of Sabrina,"Drama,Fantasy,Horror",7.4,116975
2021-01-05,4,3,-,Unknown,Movie,,"Jan 1, 2021",4,27,tt1401152,Unknown,"Action,Mystery,Thriller",6.8,275192
2021-01-05,5,5,-,17 Again,Movie,,"Jan 1, 2021",4,20,tt0974661,17 Again,"Comedy,Drama,Fantasy",6.4,229240
2021-01-05,6,6,2,We Can Be Heroes,Movie,Yes,"Dec 25, 2020",11,80,tt10600398,We Can Be Heroes,"Action,Animation,Comedy",4.7,19047
2021-01-05,7,7,-,30 Minutes or Less,Movie,,"Jan 1, 2021",3,11,tt1622547,30 Minutes or Less,"Action,Comedy,Crime",6.0,109349
2021-01-05,8,-,6,Cocomelon,TV Show,,"Jun 1, 2020",91,263,tt12427840,Cocomelon,"Adventure,Animation,Family",3.6,1419
2021-01-05,9,10,7,The Queenâs Gambit,TV Show,Yes,"Oct 23, 2020",72,445,,,,,
2021-01-05,10,8,-,The Netflix Afterparty,TV Show,Yes,"Jan 2, 2021",3,6,tt13521850,The Netflix Afterparty,Talk-Show,3.8,568
2021-01-06,1,1,-,Cobra Kai,TV Show,,"Aug 28, 2020",38,277,tt7221388,Cobra Kai,"Action,Comedy,Drama",8.4,237505
2021-01-06,2,2,1,Bridgerton,TV Show,Yes,"Dec 25, 2020",12,112,tt8740790,Bridgerton,"Drama,Romance",7.4,211306
2021-01-06,3,-,-,History of Swear Words,TV Show,Yes,"Jan 5, 2021",1,8,tt13617060,History of Swear Words,"Comedy,Documentary",6.4,5761
2021-01-06,4,3,-,Chilling Adventures of Sabrina,TV Show,Yes,"Oct 26, 2018",6,44,tt7569592,Chilling Adventures of Sabrina,"Drama,Fantasy,Horror",7.4,116975
2021-01-06,5,4,-,Unknown,Movie,,"Jan 1, 2021",5,33,tt1401152,Unknown,"Action,Mystery,Thriller",6.8,275192
2021-01-06,6,6,2,We Can Be Heroes,Movie,Yes,"Dec 25, 2020",12,85,tt10600398,We Can Be Heroes,"Action,Animation,Comedy",4.7,19047
2021-01-06,7,5,-,17 Again,Movie,,"Jan 1, 2021",5,24,tt0974661,17 Again,"Comedy,Drama,Fantasy",6.4,229240
2021-01-06,8,7,-,30 Minutes or Less,Movie,,"Jan 1, 2021",4,14,tt1622547,30 Minutes or Less,"Action,Comedy,Crime",6.0,109349
2021-01-06,9,8,5,Cocomelon,TV Show,,"Jun 1, 2020",92,265,tt12427840,Cocomelon,"Adventure,Animation,Family",3.6,1419
2021-01-06,10,9,6,The Queenâs Gambit,TV Show,Yes,"Oct 23, 2020",73,446,,,,,
2021-01-07,1,1,-,Cobra Kai,TV Show,,"Aug 28, 2020",39,287,tt7221388,Cobra Kai,"Action,Comedy,Drama",8.4,237505
2021-01-07,2,2,1,Bridgerton,TV Show,Yes,"Dec 25, 2020",13,121,tt8740790,Bridgerton,"Drama,Romance",7.4,211306
2021-01-07,3,3,-,History of Swear Words,TV Show,Yes,"Jan 5, 2021",2,16,tt13617060,History of Swear Words,"Comedy,Documentary",6.4,5761
2021-01-07,4,6,2,We Can Be Heroes,Movie,Yes,"Dec 25, 2020",13,92,tt10600398,We Can Be Heroes,"Action,Animation,Comedy",4.7,19047
2021-01-07,5,7,-,17 Again,Movie,,"Jan 1, 2021",6,30,tt0974661,17 Again,"Comedy,Drama,Fantasy",6.4,229240
2021-01-07,6,4,-,Chilling Adventures of Sabrina,TV Show,Yes,"Oct 26, 2018",7,49,tt7569592,Chilling Adventures of Sabrina,"Drama,Fantasy,Horror",7.4,116975
2021-01-07,7,5,-,Unknown,Movie,,"Jan 1, 2021",6,37,tt1401152,Unknown,"Action,Mystery,Thriller",6.8,275192
2021-01-07,8,9,5,Cocomelon,TV Show,,"Jun 1, 2020",93,268,tt12427840,Cocomelon,"Adventure,Animation,Family",3.6,1419
2021-01-07,9,8,-,30 Minutes or Less,Movie,,"Jan 1, 2021",5,16,tt1622547,30 Minutes or Less,"Action,Comedy,Crime",6.0,109349
2021-01-07,10,-,-,Gabby's Dollhouse,TV Show,Yes,"Jan 5, 2021",1,1,tt9165438,Gabby's Dollhouse,"Adventure,Animation,Comedy",7.2,1045
2021-01-08,1,2,1,Bridgerton,TV Show,Yes,"Dec 25, 2020",14,131,tt8740790,Bridgerton,"Drama,Romance",7.4,211306
2021-01-08,2,1,-,Cobra Kai,TV Show,,"Aug 28, 2020",40,296,tt7221388,Cobra Kai,"Action,Comedy,Drama",8.4,237505
2021-01-08,3,3,-,History of Swear Words,TV Show,Yes,"Jan 5, 2021",3,24,tt13617060,History of Swear Words,"Comedy,Documentary",6.4,5761
2021-01-08,4,-,-,Pieces of a Woman,Movie,Yes,"Jan 7, 2021",1,7,tt11161474,Pieces of a Woman,Drama,7.0,59348
2021-01-08,5,4,3,We Can Be Heroes,Movie,Yes,"Dec 25, 2020",14,98,tt10600398,We Can Be Heroes,"Action,Animation,Comedy",4.7,19047
2021-01-08,6,-,-,Surviving Death,TV Show,Yes,"Jan 6, 2021",1,5,tt13649692,Surviving Death,"Documentary,Reality-TV",6.2,2546
2021-01-08,7,6,4,Chilling Adventures of Sabrina,TV Show,Yes,"Oct 26, 2018",8,53,tt7569592,Chilling Adventures of Sabrina,"Drama,Fantasy,Horror",7.4,116975
2021-01-08,8,5,-,17 Again,Movie,,"Jan 1, 2021",7,33,tt0974661,17 Again,"Comedy,Drama,Fantasy",6.4,229240
2021-01-08,9,10,-,Gabby's Dollhouse,TV Show,Yes,"Jan 5, 2021",2,3,tt9165438,Gabby's Dollhouse,"Adventure,Animation,Comedy",7.2,1045
2021-01-08,10,8,6,Cocomelon,TV Show,,"Jun 1, 2020",94,269,tt12427840,Cocomelon,"Adventure,Animation,Family",3.6,1419
2021-01-09,1,1,2,Bridgerton,TV Show,Yes,"Dec 25, 2020",15,141,tt8740790,Bridgerton,"Drama,Romance",7.4,211306
2021-01-09,2,2,1,Cobra Kai,TV Show,,"Aug 28, 2020",41,305,tt7221388,Cobra Kai,"Action,Comedy,Drama",8.4,237505
2021-01-09,3,4,-,Pieces of a Woman,Movie,Yes,"Jan 7, 2021",2,15,tt11161474,Pieces of a Woman,Drama,7.0,59348
2021-01-09,4,3,-,History of Swear Words,TV Show,Yes,"Jan 5, 2021",4,31,tt13617060,History of Swear Words,"Comedy,Documentary",6.4,5761
2021-01-09,5,5,5,We Can Be Heroes,Movie,Yes,"Dec 25, 2020",15,104,tt10600398,We Can Be Heroes,"Action,Animation,Comedy",4.7,19047
2021-01-09,6,6,-,Surviving Death,TV Show,Yes,"Jan 6, 2021",2,10,tt13649692,Surviving Death,"Documentary,Reality-TV",6.2,2546
2021-01-09,7,9,-,Gabby's Dollhouse,TV Show,Yes,"Jan 5, 2021",3,7,tt9165438,Gabby's Dollhouse,"Adventure,Animation,Comedy",7.2,1045
2021-01-09,8,-,-,Lupin,TV Show,Yes,"Jan 8, 2021",1,3,tt2531336,Lupin,"Action,Crime,Drama",7.5,154038
2021-01-09,9,10,10,Cocomelon,TV Show,,"Jun 1, 2020",95,271,tt12427840,Cocomelon,"Adventure,Animation,Family",3.6,1419
2021-01-09,10,7,3,Chilling Adventures of Sabrina,TV Show,Yes,"Oct 26, 2018",9,54,tt7569592,Chilling Adventures of Sabrina,"Drama,Fantasy,Horror",7.4,116975
2021-01-10,1,1,2,Bridgerton,TV Show,Yes,"Dec 25, 2020",16,151,tt8740790,Bridgerton,"Drama,Romance",7.4,211306
2021-01-10,2,2,1,Cobra Kai,TV Show,,"Aug 28, 2020",42,314,tt7221388,Cobra Kai,"Action,Comedy,Drama",8.4,237505
2021-01-10,3,8,-,Lupin,TV Show,Yes,"Jan 8, 2021",2,11,tt2531336,Lupin,"Action,Crime,Drama",7.5,154038
2021-01-10,4,4,-,History of Swear Words,TV Show,Yes,"Jan 5, 2021",5,38,tt13617060,History of Swear Words,"Comedy,Documentary",6.4,5761
2021-01-10,5,5,5,We Can Be Heroes,Movie,Yes,"Dec 25, 2020",16,110,tt10600398,We Can Be Heroes,"Action,Animation,Comedy",4.7,19047
2021-01-10,6,3,-,Pieces of a Woman,Movie,Yes,"Jan 7, 2021",3,20,tt11161474,Pieces of a Woman,Drama,7.0,59348
2021-01-10,7,6,-,Surviving Death,TV Show,Yes,"Jan 6, 2021",3,14,tt13649692,Surviving Death,"Documentary,Reality-TV",6.2,2546
2021-01-10,8,7,-,Gabby's Dollhouse,TV Show,Yes,"Jan 5, 2021",4,10,tt9165438,Gabby's Dollhouse,"Adventure,Animation,Comedy",7.2,1045
2021-01-10,9,9,-,Cocomelon,TV Show,,"Jun 1, 2020",96,273,tt12427840,Cocomelon,"Adventure,Animation,Family",3.6,1419
2021-01-10,10,-,3,Unknown,Movie,,"Jan 1, 2021",7,38,tt1401152,Unknown,"Action,Mystery,Thriller",6.8,275192
2021-01-11,1,1,2,Bridgerton,TV Show,Yes,"Dec 25, 2020",17,161,tt8740790,Bridgerton,"Drama,Romance",7.4,211306
2021-01-11,2,2,1,Cobra Kai,TV Show,,"Aug 28, 2020",43,323,tt7221388,Cobra Kai,"Action,Comedy,Drama",8.4,237505
2021-01-11,3,3,-,Lupin,TV Show,Yes,"Jan 8, 2021",3,19,tt2531336,Lupin,"Action,Crime,Drama",7.5,154038
2021-01-11,4,7,-,Surviving Death,TV Show,Yes,"Jan 6, 2021",4,21,tt13649692,Surviving Death,"Documentary,Reality-TV",6.2,2546
2021-01-11,5,5,6,We Can Be Heroes,Movie,Yes,"Dec 25, 2020",17,116,tt10600398,We Can Be Heroes,"Action,Animation,Comedy",4.7,19047
2021-01-11,6,4,-,History of Swear Words,TV Show,Yes,"Jan 5, 2021",6,43,tt13617060,History of Swear Words,"Comedy,Documentary",6.4,5761
2021-01-11,7,6,-,Pieces of a Woman,Movie,Yes,"Jan 7, 2021",4,24,tt11161474,Pieces of a Woman,Drama,7.0,59348
2021-01-11,8,8,-,Gabby's Dollhouse,TV Show,Yes,"Jan 5, 2021",5,13,tt9165438,Gabby's Dollhouse,"Adventure,Animation,Comedy",7.2,1045
2021-01-11,9,-,-,L.A.'s Finest,TV Show,,"Jan 5, 2021",1,2,tt7555294,L.A.'s Finest,"Action,Comedy,Crime",6.2,8819
2021-01-11,10,9,-,Cocomelon,TV Show,,"Jun 1, 2020",97,274,tt12427840,Cocomelon,"Adventure,Animation,Family",3.6,1419
2021-01-12,1,1,2,Bridgerton,TV Show,Yes,"Dec 25, 2020",18,171,tt8740790,Bridgerton,"Drama,Romance",7.4,211306
2021-01-12,2,2,1,Cobra Kai,TV Show,,"Aug 28, 2020",44,332,tt7221388,Cobra Kai,"Action,Comedy,Drama",8.4,237505
2021-01-12,3,3,-,Lupin,TV Show,Yes,"Jan 8, 2021",4,27,tt2531336,Lupin,"Action,Crime,Drama",7.5,154038
2021-01-12,4,9,-,L.A.'s Finest,TV Show,,"Jan 5, 2021",2,9,tt7555294,L.A.'s Finest,"Action,Comedy,Crime",6.2,8819
2021-01-12,5,5,6,We Can Be Heroes,Movie,Yes,"Dec 25, 2020",18,122,tt10600398,We Can Be Heroes,"Action,Animation,Comedy",4.7,19047
2021-01-12,6,4,-,Surviving Death,TV Show,Yes,"Jan 6, 2021",5,26,tt13649692,Surviving Death,"Documentary,Reality-TV",6.2,2546
2021-01-12,7,10,8,Cocomelon,TV Show,,"Jun 1, 2020",98,278,tt12427840,Cocomelon,"Adventure,Animation,Family",3.6,1419
2021-01-12,8,8,-,Gabby's Dollhouse,TV Show,Yes,"Jan 5, 2021",6,16,tt9165438,Gabby's Dollhouse,"Adventure,Animation,Comedy",7.2,1045
2021-01-12,9,6,-,History of Swear Words,TV Show,Yes,"Jan 5, 2021",7,45,tt13617060,History of Swear Words,"Comedy,Documentary",6.4,5761
2021-01-12,10,-,-,Jenni Rivera: Mariposa de B…,TV Show,,"Jan 1, 2021",1,1,,,,,
2021-01-13,1,1,2,Bridgerton,TV Show,Yes,"Dec 25, 2020",19,181,tt8740790,Bridgerton,"Drama,Romance",7.4,211306
2021-01-13,2,3,-,Lupin,TV Show,Yes,"Jan 8, 2021",5,36,tt2531336,Lupin,"Action,Crime,Drama",7.5,154038
2021-01-13,3,2,1,Cobra Kai,TV Show,,"Aug 28, 2020",45,340,tt7221388,Cobra Kai,"Action,Comedy,Drama",8.4,237505
2021-01-13,4,4,-,L.A.'s Finest,TV Show,,"Jan 5, 2021",3,16,tt7555294,L.A.'s Finest,"Action,Comedy,Crime",6.2,8819
2021-01-13,5,5,6,We Can Be Heroes,Movie,Yes,"Dec 25, 2020",19,128,tt10600398,We Can Be Heroes,"Action,Animation,Comedy",4.7,19047
2021-01-13,6,7,9,Cocomelon,TV Show,,"Jun 1, 2020",99,283,tt12427840,Cocomelon,"Adventure,Animation,Family",3.6,1419
2021-01-13,7,6,-,Surviving Death,TV Show,Yes,"Jan 6, 2021",6,30,tt13649692,Surviving Death,"Documentary,Reality-TV",6.2,2546
2021-01-13,8,8,-,Gabby's Dollhouse,TV Show,Yes,"Jan 5, 2021",7,19,tt9165438,Gabby's Dollhouse,"Adventure,Animation,Comedy",7.2,1045
2021-01-13,9,10,-,Jenni Rivera: Mariposa de B…,TV Show,,"Jan 1, 2021",2,3,,,,,
2021-01-13,10,9,3,History of Swear Words,TV Show,Yes,"Jan 5, 2021",8,46,tt13617060,History of Swear Words,"Comedy,Documentary",6.4,5761
2021-01-14,1,1,2,Bridgerton,TV Show,Yes,"Dec 25, 2020",20,191,tt8740790,Bridgerton,"Drama,Romance",7.4,211306
2021-01-14,2,2,-,Lupin,TV Show,Yes,"Jan 8, 2021",6,45,tt2531336,Lupin,"Action,Crime,Drama",7.5,154038
2021-01-14,3,-,-,Night Stalker: The Hunt for…,TV Show,Yes,"Jan 13, 2021",1,8,,,,,
2021-01-14,4,3,1,Cobra Kai,TV Show,,"Aug 28, 2020",46,347,tt7221388,Cobra Kai,"Action,Comedy,Drama",8.4,237505
2021-01-14,5,4,-,L.A.'s Finest,TV Show,,"Jan 5, 2021",4,22,tt7555294,L.A.'s Finest,"Action,Comedy,Crime",6.2,8819
2021-01-14,6,5,4,We Can Be Heroes,Movie,Yes,"Dec 25, 2020",20,133,tt10600398,We Can Be Heroes,"Action,Animation,Comedy",4.7,19047
2021-01-14,7,6,8,Cocomelon,TV Show,,"Jun 1, 2020",100,287,tt12427840,Cocomelon,"Adventure,Animation,Family",3.6,1419
2021-01-14,8,9,-,Jenni Rivera: Mariposa de B…,TV Show,,"Jan 1, 2021",3,6,,,,,
2021-01-14,9,8,10,Gabby's Dollhouse,TV Show,Yes,"Jan 5, 2021",8,21,tt9165438,Gabby's Dollhouse,"Adventure,Animation,Comedy",7.2,1045
2021-01-14,10,7,-,Surviving Death,TV Show,Yes,"Jan 6, 2021",7,31,tt13649692,Surviving Death,"Documentary,Reality-TV",6.2,2546
2021-01-15,1,3,-,Night Stalker: The Hunt for…,TV Show,Yes,"Jan 13, 2021",2,18,,,,,
2021-01-15,2,1,1,Bridgerton,TV Show,Yes,"Dec 25, 2020",21,200,tt8740790,Bridgerton,"Drama,Romance",7.4,211306
2021-01-15,3,2,-,Lupin,TV Show,Yes,"Jan 8, 2021",7,53,tt2531336,Lupin,"Action,Crime,Drama",7.5,154038
2021-01-15,4,4,2,Cobra Kai,TV Show,,"Aug 28, 2020",47,354,tt7221388,Cobra Kai,"Action,Comedy,Drama",8.4,237505
2021-01-15,5,5,-,L.A.'s Finest,TV Show,,"Jan 5, 2021",5,28,tt7555294,L.A.'s Finest,"Action,Comedy,Crime",6.2,8819
2021-01-15,6,6,5,We Can Be Heroes,Movie,Yes,"Dec 25, 2020",21,138,tt10600398,We Can Be Heroes,"Action,Animation,Comedy",4.7,19047
2021-01-15,7,7,10,Cocomelon,TV Show,,"Jun 1, 2020",101,291,tt12427840,Cocomelon,"Adventure,Animation,Family",3.6,1419
2021-01-15,8,8,-,Jenni Rivera: Mariposa de B…,TV Show,,"Jan 1, 2021",4,9,,,,,
2021-01-15,9,9,9,Gabby's Dollhouse,TV Show,Yes,"Jan 5, 2021",9,23,tt9165438,Gabby's Dollhouse,"Adventure,Animation,Comedy",7.2,1045
2021-01-15,10,10,6,Surviving Death,TV Show,Yes,"Jan 6, 2021",8,32,tt13649692,Surviving Death,"Documentary,Reality-TV",6.2,2546
2021-01-16,1,1,-,Night Stalker: The Hunt for…,TV Show,Yes,"Jan 13, 2021",3,28,,,,,
2021-01-16,2,-,-,Outside the Wire,Movie,Yes,"Jan 15, 2021",1,9,tt10451914,Outside the Wire,"Action,Adventure,Fantasy",5.4,47785
2021-01-16,3,2,1,Bridgerton,TV Show,Yes,"Dec 25, 2020",22,208,tt8740790,Bridgerton,"Drama,Romance",7.4,211306
2021-01-16,4,3,8,Lupin,TV Show,Yes,"Jan 8, 2021",8,60,tt2531336,Lupin,"Action,Crime,Drama",7.5,154038
2021-01-16,5,5,-,L.A.'s Finest,TV Show,,"Jan 5, 2021",6,34,tt7555294,L.A.'s Finest,"Action,Comedy,Crime",6.2,8819
2021-01-16,6,4,2,Cobra Kai,TV Show,,"Aug 28, 2020",48,359,tt7221388,Cobra Kai,"Action,Comedy,Drama",8.4,237505
2021-01-16,7,-,-,Disenchantment,TV Show,Yes,"Aug 17, 2018",1,4,tt5363918,Disenchantment,"Action,Adventure,Animation",7.2,78674
2021-01-16,8,6,5,We Can Be Heroes,Movie,Yes,"Dec 25, 2020",22,141,tt10600398,We Can Be Heroes,"Action,Animation,Comedy",4.7,19047
2021-01-16,9,-,-,Henry Danger,TV Show,,"Jan 15, 2021",1,2,tt3596174,Henry Danger,"Action,Comedy,Drama",6.3,9844
2021-01-16,10,7,9,Cocomelon,TV Show,,"Jun 1, 2020",102,292,tt12427840,Cocomelon,"Adventure,Animation,Family",3.6,1419
2021-01-17,1,2,-,Outside the Wire,Movie,Yes,"Jan 15, 2021",2,19,tt10451914,Outside the Wire,"Action,Adventure,Fantasy",5.4,47785
2021-01-17,2,1,-,Night Stalker: The Hunt for…,TV Show,Yes,"Jan 13, 2021",4,37,,,,,
2021-01-17,3,3,1,Bridgerton,TV Show,Yes,"Dec 25, 2020",23,216,tt8740790,Bridgerton,"Drama,Romance",7.4,211306
2021-01-17,4,4,3,Lupin,TV Show,Yes,"Jan 8, 2021",9,67,tt2531336,Lupin,"Action,Crime,Drama",7.5,154038
2021-01-17,5,9,-,Henry Danger,TV Show,,"Jan 15, 2021",2,8,tt3596174,Henry Danger,"Action,Comedy,Drama",6.3,9844
2021-01-17,6,5,-,L.A.'s Finest,TV Show,,"Jan 5, 2021",7,39,tt7555294,L.A.'s Finest,"Action,Comedy,Crime",6.2,8819
2021-01-17,7,7,-,Disenchantment,TV Show,Yes,"Aug 17, 2018",2,8,tt5363918,Disenchantment,"Action,Adventure,Animation",7.2,78674
2021-01-17,8,6,2,Cobra Kai,TV Show,,"Aug 28, 2020",49,362,tt7221388,Cobra Kai,"Action,Comedy,Drama",8.4,237505
2021-01-17,9,8,5,We Can Be Heroes,Movie,Yes,"Dec 25, 2020",23,143,tt10600398,We Can Be Heroes,"Action,Animation,Comedy",4.7,19047
2021-01-17,10,10,9,Cocomelon,TV Show,,"Jun 1, 2020",103,293,tt12427840,Cocomelon,"Adventure,Animation,Family",3.6,1419
2021-01-18,1,1,-,Outside the Wire,Movie,Yes,"Jan 15, 2021",3,29,tt10451914,Outside the Wire,"Action,Adventure,Fantasy",5.4,47785
2021-01-18,2,2,-,Night Stalker: The Hunt for…,TV Show,Yes,"Jan 13, 2021",5,46,,,,,
2021-01-18,3,3,1,Bridgerton,TV Show,Yes,"Dec 25, 2020",24,224,tt8740790,Bridgerton,"Drama,Romance",7.4,211306
2021-01-18,4,6,9,L.A.'s Finest,TV Show,,"Jan 5, 2021",8,46,tt7555294,L.A.'s Finest,"Action,Comedy,Crime",6.2,8819
2021-01-18,5,4,3,Lupin,TV Show,Yes,"Jan 8, 2021",10,73,tt2531336,Lupin,"Action,Crime,Drama",7.5,154038
2021-01-18,6,5,-,Henry Danger,TV Show,,"Jan 15, 2021",3,13,tt3596174,Henry Danger,"Action,Comedy,Drama",6.3,9844
2021-01-18,7,7,-,Disenchantment,TV Show,Yes,"Aug 17, 2018",3,12,tt5363918,Disenchantment,"Action,Adventure,Animation",7.2,78674
2021-01-18,8,8,2,Cobra Kai,TV Show,,"Aug 28, 2020",50,365,tt7221388,Cobra Kai,"Action,Comedy,Drama",8.4,237505
2021-01-18,9,-,-,Bling Empire,TV Show,Yes,"Jan 15, 2021",1,2,tt13660962,Bling Empire,Reality-TV,5.8,3868
2021-01-18,10,9,5,We Can Be Heroes,Movie,Yes,"Dec 25, 2020",24,144,tt10600398,We Can Be Heroes,"Action,Animation,Comedy",4.7,19047
2021-01-19,1,1,-,Outside the Wire,Movie,Yes,"Jan 15, 2021",4,39,tt10451914,Outside the Wire,"Action,Adventure,Fantasy",5.4,47785
2021-01-19,2,2,-,Night Stalker: The Hunt for…,TV Show,Yes,"Jan 13, 2021",6,55,,,,,
2021-01-19,3,3,1,Bridgerton,TV Show,Yes,"Dec 25, 2020",25,232,tt8740790,Bridgerton,"Drama,Romance",7.4,211306
2021-01-19,4,6,-,Henry Danger,TV Show,,"Jan 15, 2021",4,20,tt3596174,Henry Danger,"Action,Comedy,Drama",6.3,9844
2021-01-19,5,4,4,L.A.'s Finest,TV Show,,"Jan 5, 2021",9,52,tt7555294,L.A.'s Finest,"Action,Comedy,Crime",6.2,8819
2021-01-19,6,9,-,Bling Empire,TV Show,Yes,"Jan 15, 2021",2,7,tt13660962,Bling Empire,Reality-TV,5.8,3868
2021-01-19,7,5,3,Lupin,TV Show,Yes,"Jan 8, 2021",11,77,tt2531336,Lupin,"Action,Crime,Drama",7.5,154038
2021-01-19,8,7,-,Disenchantment,TV Show,Yes,"Aug 17, 2018",4,15,tt5363918,Disenchantment,"Action,Adventure,Animation",7.2,78674
2021-01-19,9,8,2,Cobra Kai,TV Show,,"Aug 28, 2020",51,367,tt7221388,Cobra Kai,"Action,Comedy,Drama",8.4,237505
2021-01-19,10,-,-,The Vanished,Movie,,"Jan 15, 2021",1,1,tt9794630,The Vanished,"Action,Crime,Thriller",5.7,12991
2021-01-20,1,2,-,Night Stalker: The Hunt for…,TV Show,Yes,"Jan 13, 2021",7,65,,,,,
2021-01-20,2,1,-,Outside the Wire,Movie,Yes,"Jan 15, 2021",5,48,tt10451914,Outside the Wire,"Action,Adventure,Fantasy",5.4,47785
2021-01-20,3,3,1,Bridgerton,TV Show,Yes,"Dec 25, 2020",26,240,tt8740790,Bridgerton,"Drama,Romance",7.4,211306
2021-01-20,4,6,-,Bling Empire,TV Show,Yes,"Jan 15, 2021",3,14,tt13660962,Bling Empire,Reality-TV,5.8,3868
2021-01-20,5,4,-,Henry Danger,TV Show,,"Jan 15, 2021",5,26,tt3596174,Henry Danger,"Action,Comedy,Drama",6.3,9844
2021-01-20,6,5,4,L.A.'s Finest,TV Show,,"Jan 5, 2021",10,57,tt7555294,L.A.'s Finest,"Action,Comedy,Crime",6.2,8819
2021-01-20,7,7,2,Lupin,TV Show,Yes,"Jan 8, 2021",12,81,tt2531336,Lupin,"Action,Crime,Drama",7.5,154038
2021-01-20,8,10,-,The Vanished,Movie,,"Jan 15, 2021",2,4,tt9794630,The Vanished,"Action,Crime,Thriller",5.7,12991
2021-01-20,9,9,3,Cobra Kai,TV Show,,"Aug 28, 2020",52,369,tt7221388,Cobra Kai,"Action,Comedy,Drama",8.4,237505
2021-01-20,10,8,-,Disenchantment,TV Show,Yes,"Aug 17, 2018",5,16,tt5363918,Disenchantment,"Action,Adventure,Animation",7.2,78674
2021-01-21,1,1,3,Night Stalker: The Hunt for…,TV Show,Yes,"Jan 13, 2021",8,75,,,,,
2021-01-21,2,3,1,Bridgerton,TV Show,Yes,"Dec 25, 2020",27,249,tt8740790,Bridgerton,"Drama,Romance",7.4,211306
2021-01-21,3,2,-,Outside the Wire,Movie,Yes,"Jan 15, 2021",6,56,tt10451914,Outside the Wire,"Action,Adventure,Fantasy",5.4,47785
2021-01-21,4,5,-,Henry Danger,TV Show,,"Jan 15, 2021",6,33,tt3596174,Henry Danger,"Action,Comedy,Drama",6.3,9844
2021-01-21,5,4,-,Bling Empire,TV Show,Yes,"Jan 15, 2021",4,20,tt13660962,Bling Empire,Reality-TV,5.8,3868
2021-01-21,6,6,5,L.A.'s Finest,TV Show,,"Jan 5, 2021",11,62,tt7555294,L.A.'s Finest,"Action,Comedy,Crime",6.2,8819
2021-01-21,7,7,2,Lupin,TV Show,Yes,"Jan 8, 2021",13,85,tt2531336,Lupin,"Action,Crime,Drama",7.5,154038
2021-01-21,8,8,-,The Vanished,Movie,,"Jan 15, 2021",3,7,tt9794630,The Vanished,"Action,Crime,Thriller",5.7,12991
2021-01-21,9,-,-,Homefront,Movie,,"Jan 18, 2021",1,2,tt2312718,Homefront,"Action,Crime,Thriller",6.5,139663
2021-01-21,10,9,4,Cobra Kai,TV Show,,"Aug 28, 2020",53,370,tt7221388,Cobra Kai,"Action,Comedy,Drama",8.4,237505
2021-01-22,1,2,2,Bridgerton,TV Show,Yes,"Dec 25, 2020",28,259,tt8740790,Bridgerton,"Drama,Romance",7.4,211306
2021-01-22,2,1,1,Night Stalker: The Hunt for…,TV Show,Yes,"Jan 13, 2021",9,84,,,,,
2021-01-22,3,-,-,Cut Throat City,Movie,,"Jan 20, 2021",1,8,tt3547306,Cut Throat City,"Action,Crime,Drama",4.9,3355
2021-01-22,4,3,-,Outside the Wire,Movie,Yes,"Jan 15, 2021",7,63,tt10451914,Outside the Wire,"Action,Adventure,Fantasy",5.4,47785
2021-01-22,5,9,-,Homefront,Movie,,"Jan 18, 2021",2,8,tt2312718,Homefront,"Action,Crime,Thriller",6.5,139663
2021-01-22,6,4,-,Henry Danger,TV Show,,"Jan 15, 2021",7,38,tt3596174,Henry Danger,"Action,Comedy,Drama",6.3,9844
2021-01-22,7,6,5,L.A.'s Finest,TV Show,,"Jan 5, 2021",12,66,tt7555294,L.A.'s Finest,"Action,Comedy,Crime",6.2,8819
2021-01-22,8,5,-,Bling Empire,TV Show,Yes,"Jan 15, 2021",5,23,tt13660962,Bling Empire,Reality-TV,5.8,3868
2021-01-22,9,7,3,Lupin,TV Show,Yes,"Jan 8, 2021",14,87,tt2531336,Lupin,"Action,Crime,Drama",7.5,154038
2021-01-22,10,8,-,The Vanished,Movie,,"Jan 15, 2021",4,8,tt9794630,The Vanished,"Action,Crime,Thriller",5.7,12991
2021-01-23,1,-,-,Fate: The Winx Saga,TV Show,Yes,"Jan 22, 2021",1,10,tt8179402,Fate: The Winx Saga,"Action,Adventure,Drama",6.8,63177
2021-01-23,2,5,-,Homefront,Movie,,"Jan 18, 2021",3,17,tt2312718,Homefront,"Action,Crime,Thriller",6.5,139663
2021-01-23,3,1,3,Bridgerton,TV Show,Yes,"Dec 25, 2020",29,267,tt8740790,Bridgerton,"Drama,Romance",7.4,211306
2021-01-23,4,2,1,Night Stalker: The Hunt for…,TV Show,Yes,"Jan 13, 2021",10,91,,,,,
2021-01-23,5,3,-,Cut Throat City,Movie,,"Jan 20, 2021",2,14,tt3547306,Cut Throat City,"Action,Crime,Drama",4.9,3355
2021-01-23,6,-,-,Jurassic World: Camp Cretac…,TV Show,Yes,"Sep 18, 2020",14,96,,,,,
2021-01-23,7,6,9,Henry Danger,TV Show,,"Jan 15, 2021",8,42,tt3596174,Henry Danger,"Action,Comedy,Drama",6.3,9844
2021-01-23,8,4,2,Outside the Wire,Movie,Yes,"Jan 15, 2021",8,66,tt10451914,Outside the Wire,"Action,Adventure,Fantasy",5.4,47785
2021-01-23,9,8,-,Bling Empire,TV Show,Yes,"Jan 15, 2021",6,25,tt13660962,Bling Empire,Reality-TV,5.8,3868
2021-01-23,10,7,5,L.A.'s Finest,TV Show,,"Jan 5, 2021",13,67,tt7555294,L.A.'s Finest,"Action,Comedy,Crime",6.2,8819
2021-01-24,1,1,-,Fate: The Winx Saga,TV Show,Yes,"Jan 22, 2021",2,20,tt8179402,Fate: The Winx Saga,"Action,Adventure,Drama",6.8,63177
2021-01-24,2,2,-,Homefront,Movie,,"Jan 18, 2021",4,26,tt2312718,Homefront,"Action,Crime,Thriller",6.5,139663
2021-01-24,3,3,3,Bridgerton,TV Show,Yes,"Dec 25, 2020",30,275,tt8740790,Bridgerton,"Drama,Romance",7.4,211306
2021-01-24,4,4,2,Night Stalker: The Hunt for…,TV Show,Yes,"Jan 13, 2021",11,98,,,,,
2021-01-24,5,5,-,Cut Throat City,Movie,,"Jan 20, 2021",3,20,tt3547306,Cut Throat City,"Action,Crime,Drama",4.9,3355
2021-01-24,6,-,-,The White Tiger,Movie,Yes,"Jan 22, 2021",1,5,tt6571548,The White Tiger,"Crime,Drama",7.1,68647
2021-01-24,7,6,-,Jurassic World: Camp Cretac…,TV Show,Yes,"Sep 18, 2020",15,100,,,,,
2021-01-24,8,8,1,Outside the Wire,Movie,Yes,"Jan 15, 2021",9,69,tt10451914,Outside the Wire,"Action,Adventure,Fantasy",5.4,47785
2021-01-24,9,7,5,Henry Danger,TV Show,,"Jan 15, 2021",9,44,tt3596174,Henry Danger,"Action,Comedy,Drama",6.3,9844
2021-01-24,10,9,-,Bling Empire,TV Show,Yes,"Jan 15, 2021",7,26,tt13660962,Bling Empire,Reality-TV,5.8,3868
2021-01-25,1,1,-,Fate: The Winx Saga,TV Show,Yes,"Jan 22, 2021",3,30,tt8179402,Fate: The Winx Saga,"Action,Adventure,Drama",6.8,63177
2021-01-25,2,2,-,Homefront,Movie,,"Jan 18, 2021",5,35,tt2312718,Homefront,"Action,Crime,Thriller",6.5,139663
2021-01-25,3,3,3,Bridgerton,TV Show,Yes,"Dec 25, 2020",31,283,tt8740790,Bridgerton,"Drama,Romance",7.4,211306
2021-01-25,4,4,2,Night Stalker: The Hunt for…,TV Show,Yes,"Jan 13, 2021",12,105,,,,,
2021-01-25,5,6,-,The White Tiger,Movie,Yes,"Jan 22, 2021",2,11,tt6571548,The White Tiger,"Crime,Drama",7.1,68647
2021-01-25,6,5,-,Cut Throat City,Movie,,"Jan 20, 2021",4,25,tt3547306,Cut Throat City,"Action,Crime,Drama",4.9,3355
2021-01-25,7,9,6,Henry Danger,TV Show,,"Jan 15, 2021",10,48,tt3596174,Henry Danger,"Action,Comedy,Drama",6.3,9844
2021-01-25,8,10,9,Bling Empire,TV Show,Yes,"Jan 15, 2021",8,29,tt13660962,Bling Empire,Reality-TV,5.8,3868
2021-01-25,9,7,-,Jurassic World: Camp Cretac…,TV Show,Yes,"Sep 18, 2020",16,102,,,,,
2021-01-25,10,-,-,The Vanished,Movie,,"Jan 15, 2021",5,9,tt9794630,The Vanished,"Action,Crime,Thriller",5.7,12991
2021-01-26,1,1,-,Fate: The Winx Saga,TV Show,Yes,"Jan 22, 2021",4,40,tt8179402,Fate: The Winx Saga,"Action,Adventure,Drama",6.8,63177
2021-01-26,2,2,-,Homefront,Movie,,"Jan 18, 2021",6,44,tt2312718,Homefront,"Action,Crime,Thriller",6.5,139663
2021-01-26,3,3,3,Bridgerton,TV Show,Yes,"Dec 25, 2020",32,291,tt8740790,Bridgerton,"Drama,Romance",7.4,211306
2021-01-26,4,-,-,The Next Three Days,Movie,,"Jan 22, 2021",1,7,tt1458175,The Next Three Days,"Action,Crime,Drama",7.3,213826
2021-01-26,5,4,2,Night Stalker: The Hunt for…,TV Show,Yes,"Jan 13, 2021",13,111,,,,,
2021-01-26,6,7,4,Henry Danger,TV Show,,"Jan 15, 2021",11,53,tt3596174,Henry Danger,"Action,Comedy,Drama",6.3,9844
2021-01-26,7,9,-,Jurassic World: Camp Cretac…,TV Show,Yes,"Sep 18, 2020",17,106,,,,,
2021-01-26,8,-,-,Jenni Rivera: Mariposa de B…,TV Show,,"Jan 1, 2021",5,12,,,,,
2021-01-26,9,-,-,Demon Slayer: Kimetsu No Yaiba,TV Show,,"Jan 22, 2021",1,2,tt9335498,Demon Slayer: Kimetsu no Yaiba,"Action,Adventure,Animation",8.6,210303
2021-01-26,10,10,10,The Vanished,Movie,,"Jan 15, 2021",6,10,tt9794630,The Vanished,"Action,Crime,Thriller",5.7,12991
2021-01-27,1,1,-,Fate: The Winx Saga,TV Show,Yes,"Jan 22, 2021",5,50,tt8179402,Fate: The Winx Saga,"Action,Adventure,Drama",6.8,63177
2021-01-27,2,4,-,The Next Three Days,Movie,,"Jan 22, 2021",2,16,tt1458175,The Next Three Days,"Action,Crime,Drama",7.3,213826
2021-01-27,3,3,3,Bridgerton,TV Show,Yes,"Dec 25, 2020",33,299,tt8740790,Bridgerton,"Drama,Romance",7.4,211306
2021-01-27,4,2,-,Homefront,Movie,,"Jan 18, 2021",7,51,tt2312718,Homefront,"Action,Crime,Thriller",6.5,139663
2021-01-27,5,5,1,Night Stalker: The Hunt for…,TV Show,Yes,"Jan 13, 2021",14,117,,,,,
2021-01-27,6,6,5,Henry Danger,TV Show,,"Jan 15, 2021",12,58,tt3596174,Henry Danger,"Action,Comedy,Drama",6.3,9844
2021-01-27,7,8,-,Jenni Rivera: Mariposa de B…,TV Show,,"Jan 1, 2021",6,16,,,,,
2021-01-27,8,10,8,The Vanished,Movie,,"Jan 15, 2021",7,13,tt9794630,The Vanished,"Action,Crime,Thriller",5.7,12991
2021-01-27,9,9,-,Demon Slayer: Kimetsu No Yaiba,TV Show,,"Jan 22, 2021",2,4,tt9335498,Demon Slayer: Kimetsu no Yaiba,"Action,Adventure,Animation",8.6,210303
2021-01-27,10,-,-,Cocomelon,TV Show,,"Jun 1, 2020",104,294,tt12427840,Cocomelon,"Adventure,Animation,Family",3.6,1419
2021-01-28,1,1,-,Fate: The Winx Saga,TV Show,Yes,"Jan 22, 2021",6,60,tt8179402,Fate: The Winx Saga,"Action,Adventure,Drama",6.8,63177
2021-01-28,2,2,-,The Next Three Days,Movie,,"Jan 22, 2021",3,25,tt1458175,The Next Three Days,"Action,Crime,Drama",7.3,213826
2021-01-28,3,3,2,Bridgerton,TV Show,Yes,"Dec 25, 2020",34,307,tt8740790,Bridgerton,"Drama,Romance",7.4,211306
2021-01-28,4,4,9,Homefront,Movie,,"Jan 18, 2021",8,58,tt2312718,Homefront,"Action,Crime,Thriller",6.5,139663
2021-01-28,5,5,1,Night Stalker: The Hunt for…,TV Show,Yes,"Jan 13, 2021",15,123,,,,,
2021-01-28,6,6,4,Henry Danger,TV Show,,"Jan 15, 2021",13,63,tt3596174,Henry Danger,"Action,Comedy,Drama",6.3,9844
2021-01-28,7,7,-,Jenni Rivera: Mariposa de B…,TV Show,,"Jan 1, 2021",7,20,,,,,
2021-01-28,8,-,-,"Go, Dog, Go",TV Show,Yes,"Jan 26, 2021",1,3,,,,,
2021-01-28,9,8,8,The Vanished,Movie,,"Jan 15, 2021",8,15,tt9794630,The Vanished,"Action,Crime,Thriller",5.7,12991
2021-01-28,10,10,-,Cocomelon,TV Show,,"Jun 1, 2020",105,295,tt12427840,Cocomelon,"Adventure,Animation,Family",3.6,1419
2021-01-29,1,1,-,Fate: The Winx Saga,TV Show,Yes,"Jan 22, 2021",7,70,tt8179402,Fate: The Winx Saga,"Action,Adventure,Drama",6.8,63177
2021-01-29,2,2,-,The Next Three Days,Movie,,"Jan 22, 2021",4,34,tt1458175,The Next Three Days,"Action,Crime,Drama",7.3,213826
2021-01-29,3,3,1,Bridgerton,TV Show,Yes,"Dec 25, 2020",35,315,tt8740790,Bridgerton,"Drama,Romance",7.4,211306
2021-01-29,4,4,5,Homefront,Movie,,"Jan 18, 2021",9,65,tt2312718,Homefront,"Action,Crime,Thriller",6.5,139663
2021-01-29,5,8,-,"Go, Dog, Go",TV Show,Yes,"Jan 26, 2021",2,9,,,,,
2021-01-29,6,7,-,Jenni Rivera: Mariposa de B…,TV Show,,"Jan 1, 2021",8,25,,,,,
2021-01-29,7,9,10,The Vanished,Movie,,"Jan 15, 2021",9,19,tt9794630,The Vanished,"Action,Crime,Thriller",5.7,12991
2021-01-29,8,6,6,Henry Danger,TV Show,,"Jan 15, 2021",14,66,tt3596174,Henry Danger,"Action,Comedy,Drama",6.3,9844
2021-01-29,9,10,-,Cocomelon,TV Show,,"Jun 1, 2020",106,297,tt12427840,Cocomelon,"Adventure,Animation,Family",3.6,1419
2021-01-29,10,5,2,Night Stalker: The Hunt for…,TV Show,Yes,"Jan 13, 2021",16,124,,,,,
2021-01-30,1,-,-,Below Zero,Movie,Yes,"Jan 29, 2021",1,10,tt9845564,Below Zero,"Action,Adventure,Crime",6.2,22570
2021-01-30,2,1,1,Fate: The Winx Saga,TV Show,Yes,"Jan 22, 2021",8,79,tt8179402,Fate: The Winx Saga,"Action,Adventure,Drama",6.8,63177
2021-01-30,3,3,3,Bridgerton,TV Show,Yes,"Dec 25, 2020",36,323,tt8740790,Bridgerton,"Drama,Romance",7.4,211306
2021-01-30,4,2,-,The Next Three Days,Movie,,"Jan 22, 2021",5,41,tt1458175,The Next Three Days,"Action,Crime,Drama",7.3,213826
2021-01-30,5,-,-,The Dig,Movie,Yes,"Jan 29, 2021",1,6,tt3661210,The Dig,"Biography,Drama,History",7.1,87912
2021-01-30,6,-,-,Finding âOhana,Movie,Yes,"Jan 29, 2021",1,5,,,,,
2021-01-30,7,5,-,"Go, Dog, Go",TV Show,Yes,"Jan 26, 2021",3,13,,,,,
2021-01-30,8,4,2,Homefront,Movie,,"Jan 18, 2021",10,68,tt2312718,Homefront,"Action,Crime,Thriller",6.5,139663
2021-01-30,9,6,-,Jenni Rivera: Mariposa de B…,TV Show,,"Jan 1, 2021",9,27,,,,,
2021-01-30,10,7,-,The Vanished,Movie,,"Jan 15, 2021",10,20,tt9794630,The Vanished,"Action,Crime,Thriller",5.7,12991
2021-01-31,1,1,-,Below Zero,Movie,Yes,"Jan 29, 2021",2,20,tt9845564,Below Zero,"Action,Adventure,Crime",6.2,22570
2021-01-31,2,6,-,Finding âOhana,Movie,Yes,"Jan 29, 2021",2,14,,,,,
2021-01-31,3,5,-,The Dig,Movie,Yes,"Jan 29, 2021",2,14,tt3661210,The Dig,"Biography,Drama,History",7.1,87912
2021-01-31,4,3,3,Bridgerton,TV Show,Yes,"Dec 25, 2020",37,330,tt8740790,Bridgerton,"Drama,Romance",7.4,211306
2021-01-31,5,4,-,The Next Three Days,Movie,,"Jan 22, 2021",6,47,tt1458175,The Next Three Days,"Action,Crime,Drama",7.3,213826
2021-01-31,6,2,1,Fate: The Winx Saga,TV Show,Yes,"Jan 22, 2021",9,84,tt8179402,Fate: The Winx Saga,"Action,Adventure,Drama",6.8,63177
2021-01-31,7,7,-,"Go, Dog, Go",TV Show,Yes,"Jan 26, 2021",4,17,,,,,
2021-01-31,8,8,2,Homefront,Movie,,"Jan 18, 2021",11,71,tt2312718,Homefront,"Action,Crime,Thriller",6.5,139663
2021-01-31,9,10,-,The Vanished,Movie,,"Jan 15, 2021",11,22,tt9794630,The Vanished,"Action,Crime,Thriller",5.7,12991
2021-01-31,10,9,-,Jenni Rivera: Mariposa de B…,TV Show,,"Jan 1, 2021",10,28,,,,,
2021-02-01,1,1,-,Below Zero,Movie,Yes,"Jan 29, 2021",3,30,tt9845564,Below Zero,"Action,Adventure,Crime",6.2,22570
2021-02-01,2,2,-,Finding âOhana,Movie,Yes,"Jan 29, 2021",3,23,,,,,
2021-02-01,3,3,-,The Dig,Movie,Yes,"Jan 29, 2021",3,22,tt3661210,The Dig,"Biography,Drama,History",7.1,87912
2021-02-01,4,4,3,Bridgerton,TV Show,Yes,"Dec 25, 2020",38,337,tt8740790,Bridgerton,"Drama,Romance",7.4,211306
2021-02-01,5,5,-,The Next Three Days,Movie,,"Jan 22, 2021",7,53,tt1458175,The Next Three Days,"Action,Crime,Drama",7.3,213826
2021-02-01,6,6,1,Fate: The Winx Saga,TV Show,Yes,"Jan 22, 2021",10,89,tt8179402,Fate: The Winx Saga,"Action,Adventure,Drama",6.8,63177
2021-02-01,7,7,-,"Go, Dog, Go",TV Show,Yes,"Jan 26, 2021",5,21,,,,,
2021-02-01,8,8,2,Homefront,Movie,,"Jan 18, 2021",12,74,tt2312718,Homefront,"Action,Crime,Thriller",6.5,139663
2021-02-01,9,9,10,The Vanished,Movie,,"Jan 15, 2021",12,24,tt9794630,The Vanished,"Action,Crime,Thriller",5.7,12991
2021-02-01,10,10,-,Jenni Rivera: Mariposa de B…,TV Show,,"Jan 1, 2021",11,29,,,,,
2021-02-02,1,1,-,Below Zero,Movie,Yes,"Jan 29, 2021",4,40,tt9845564,Below Zero,"Action,Adventure,Crime",6.2,22570
2021-02-02,2,4,3,Bridgerton,TV Show,Yes,"Dec 25, 2020",39,346,tt8740790,Bridgerton,"Drama,Romance",7.4,211306
2021-02-02,3,3,-,The Dig,Movie,Yes,"Jan 29, 2021",4,30,tt3661210,The Dig,"Biography,Drama,History",7.1,87912
2021-02-02,4,2,-,Finding âOhana,Movie,Yes,"Jan 29, 2021",4,30,,,,,
2021-02-02,5,6,1,Fate: The Winx Saga,TV Show,Yes,"Jan 22, 2021",11,95,tt8179402,Fate: The Winx Saga,"Action,Adventure,Drama",6.8,63177
2021-02-02,6,5,4,The Next Three Days,Movie,,"Jan 22, 2021",8,58,tt1458175,The Next Three Days,"Action,Crime,Drama",7.3,213826
2021-02-02,7,7,-,"Go, Dog, Go",TV Show,Yes,"Jan 26, 2021",6,25,,,,,
2021-02-02,8,10,8,Jenni Rivera: Mariposa de B…,TV Show,,"Jan 1, 2021",12,32,,,,,
2021-02-02,9,-,-,Cocomelon,TV Show,,"Jun 1, 2020",107,299,tt12427840,Cocomelon,"Adventure,Animation,Family",3.6,1419
2021-02-02,10,-,6,Henry Danger,TV Show,,"Jan 15, 2021",15,67,tt3596174,Henry Danger,"Action,Comedy,Drama",6.3,9844
2021-02-03,1,2,3,Bridgerton,TV Show,Yes,"Dec 25, 2020",40,356,tt8740790,Bridgerton,"Drama,Romance",7.4,211306
2021-02-03,2,1,-,Below Zero,Movie,Yes,"Jan 29, 2021",5,49,tt9845564,Below Zero,"Action,Adventure,Crime",6.2,22570
2021-02-03,3,3,-,The Dig,Movie,Yes,"Jan 29, 2021",5,38,tt3661210,The Dig,"Biography,Drama,History",7.1,87912
2021-02-03,4,4,-,Finding âOhana,Movie,Yes,"Jan 29, 2021",5,37,,,,,
2021-02-03,5,5,1,Fate: The Winx Saga,TV Show,Yes,"Jan 22, 2021",12,101,tt8179402,Fate: The Winx Saga,"Action,Adventure,Drama",6.8,63177
2021-02-03,6,8,7,Jenni Rivera: Mariposa de B…,TV Show,,"Jan 1, 2021",13,37,,,,,
2021-02-03,7,7,-,"Go, Dog, Go",TV Show,Yes,"Jan 26, 2021",7,29,,,,,
2021-02-03,8,9,10,Cocomelon,TV Show,,"Jun 1, 2020",108,302,tt12427840,Cocomelon,"Adventure,Animation,Family",3.6,1419
2021-02-03,9,6,2,The Next Three Days,Movie,,"Jan 22, 2021",9,60,tt1458175,The Next Three Days,"Action,Crime,Drama",7.3,213826
2021-02-03,10,10,6,Henry Danger,TV Show,,"Jan 15, 2021",16,68,tt3596174,Henry Danger,"Action,Comedy,Drama",6.3,9844
2021-02-04,1,-,-,Firefly Lane,TV Show,Yes,"Feb 3, 2021",1,10,tt9012876,Firefly Lane,"Drama,Romance",7.7,39913
2021-02-04,2,1,3,Bridgerton,TV Show,Yes,"Dec 25, 2020",41,365,tt8740790,Bridgerton,"Drama,Romance",7.4,211306
2021-02-04,3,4,-,Finding âOhana,Movie,Yes,"Jan 29, 2021",6,45,,,,,
2021-02-04,4,3,-,The Dig,Movie,Yes,"Jan 29, 2021",6,45,tt3661210,The Dig,"Biography,Drama,History",7.1,87912
2021-02-04,5,6,7,Jenni Rivera: Mariposa de B…,TV Show,,"Jan 1, 2021",14,43,,,,,
2021-02-04,6,2,-,Below Zero,Movie,Yes,"Jan 29, 2021",6,54,tt9845564,Below Zero,"Action,Adventure,Crime",6.2,22570
2021-02-04,7,7,8,"Go, Dog, Go",TV Show,Yes,"Jan 26, 2021",8,33,,,,,
2021-02-04,8,5,1,Fate: The Winx Saga,TV Show,Yes,"Jan 22, 2021",13,104,tt8179402,Fate: The Winx Saga,"Action,Adventure,Drama",6.8,63177
2021-02-04,9,8,10,Cocomelon,TV Show,,"Jun 1, 2020",109,304,tt12427840,Cocomelon,"Adventure,Animation,Family",3.6,1419
2021-02-04,10,10,6,Henry Danger,TV Show,,"Jan 15, 2021",17,69,tt3596174,Henry Danger,"Action,Comedy,Drama",6.3,9844
2021-02-05,1,1,-,Firefly Lane,TV Show,Yes,"Feb 3, 2021",2,20,tt9012876,Firefly Lane,"Drama,Romance",7.7,39913
2021-02-05,2,2,3,Bridgerton,TV Show,Yes,"Dec 25, 2020",42,374,tt8740790,Bridgerton,"Drama,Romance",7.4,211306
2021-02-05,3,-,-,All About the Benjamins,Movie,,"Feb 1, 2021",1,8,tt0278295,All About the Benjamins,"Action,Comedy,Crime",5.8,16362
2021-02-05,4,5,6,Jenni Rivera: Mariposa de B…,TV Show,,"Jan 1, 2021",15,50,,,,,
2021-02-05,5,9,9,Cocomelon,TV Show,,"Jun 1, 2020",110,310,tt12427840,Cocomelon,"Adventure,Animation,Family",3.6,1419
2021-02-05,6,7,5,"Go, Dog, Go",TV Show,Yes,"Jan 26, 2021",9,38,,,,,
2021-02-05,7,3,-,Finding âOhana,Movie,Yes,"Jan 29, 2021",7,49,,,,,
2021-02-05,8,4,-,The Dig,Movie,Yes,"Jan 29, 2021",7,48,tt3661210,The Dig,"Biography,Drama,History",7.1,87912
2021-02-05,9,8,1,Fate: The Winx Saga,TV Show,Yes,"Jan 22, 2021",14,106,tt8179402,Fate: The Winx Saga,"Action,Adventure,Drama",6.8,63177
2021-02-05,10,10,8,Henry Danger,TV Show,,"Jan 15, 2021",18,70,tt3596174,Henry Danger,"Action,Comedy,Drama",6.3,9844
2021-02-06,1,1,-,Firefly Lane,TV Show,Yes,"Feb 3, 2021",3,30,tt9012876,Firefly Lane,"Drama,Romance",7.7,39913
2021-02-06,2,2,3,Bridgerton,TV Show,Yes,"Dec 25, 2020",43,383,tt8740790,Bridgerton,"Drama,Romance",7.4,211306
2021-02-06,3,-,-,Malcolm & Marie,Movie,Yes,"Feb 5, 2021",1,8,tt12676326,Malcolm & Marie,"Drama,Romance",6.6,42959
2021-02-06,4,3,-,All About the Benjamins,Movie,,"Feb 1, 2021",2,15,tt0278295,All About the Benjamins,"Action,Comedy,Crime",5.8,16362
2021-02-06,5,5,-,Cocomelon,TV Show,,"Jun 1, 2020",111,316,tt12427840,Cocomelon,"Adventure,Animation,Family",3.6,1419
2021-02-06,6,4,9,Jenni Rivera: Mariposa de B…,TV Show,,"Jan 1, 2021",16,55,,,,,
2021-02-06,7,6,7,"Go, Dog, Go",TV Show,Yes,"Jan 26, 2021",10,42,,,,,
2021-02-06,8,7,6,Finding âOhana,Movie,Yes,"Jan 29, 2021",8,52,,,,,
2021-02-06,9,8,5,The Dig,Movie,Yes,"Jan 29, 2021",8,50,tt3661210,The Dig,"Biography,Drama,History",7.1,87912
2021-02-06,10,10,-,Henry Danger,TV Show,,"Jan 15, 2021",19,71,tt3596174,Henry Danger,"Action,Comedy,Drama",6.3,9844
2021-02-07,1,1,-,Firefly Lane,TV Show,Yes,"Feb 3, 2021",4,40,tt9012876,Firefly Lane,"Drama,Romance",7.7,39913
2021-02-07,2,3,-,Malcolm & Marie,Movie,Yes,"Feb 5, 2021",2,17,tt12676326,Malcolm & Marie,"Drama,Romance",6.6,42959
2021-02-07,3,2,4,Bridgerton,TV Show,Yes,"Dec 25, 2020",44,391,tt8740790,Bridgerton,"Drama,Romance",7.4,211306
2021-02-07,4,-,-,The Sinner,TV Show,,"Jul 2, 2018",1,7,tt6048596,The Sinner,"Crime,Drama,Mystery",7.8,149751
2021-02-07,5,4,-,All About the Benjamins,Movie,,"Feb 1, 2021",3,21,tt0278295,All About the Benjamins,"Action,Comedy,Crime",5.8,16362
2021-02-07,6,8,2,Finding âOhana,Movie,Yes,"Jan 29, 2021",9,57,,,,,
2021-02-07,7,9,3,The Dig,Movie,Yes,"Jan 29, 2021",9,54,tt3661210,The Dig,"Biography,Drama,History",7.1,87912
2021-02-07,8,5,-,Cocomelon,TV Show,,"Jun 1, 2020",112,319,tt12427840,Cocomelon,"Adventure,Animation,Family",3.6,1419
2021-02-07,9,7,7,"Go, Dog, Go",TV Show,Yes,"Jan 26, 2021",11,44,,,,,
2021-02-07,10,10,-,Henry Danger,TV Show,,"Jan 15, 2021",20,72,tt3596174,Henry Danger,"Action,Comedy,Drama",6.3,9844
2021-02-08,1,1,-,Firefly Lane,TV Show,Yes,"Feb 3, 2021",5,50,tt9012876,Firefly Lane,"Drama,Romance",7.7,39913
2021-02-08,2,4,-,The Sinner,TV Show,,"Jul 2, 2018",2,16,tt6048596,The Sinner,"Crime,Drama,Mystery",7.8,149751
2021-02-08,3,2,-,Malcolm & Marie,Movie,Yes,"Feb 5, 2021",3,25,tt12676326,Malcolm & Marie,"Drama,Romance",6.6,42959
2021-02-08,4,3,4,Bridgerton,TV Show,Yes,"Dec 25, 2020",45,398,tt8740790,Bridgerton,"Drama,Romance",7.4,211306
2021-02-08,5,5,-,All About the Benjamins,Movie,,"Feb 1, 2021",4,27,tt0278295,All About the Benjamins,"Action,Comedy,Crime",5.8,16362
2021-02-08,6,8,-,Cocomelon,TV Show,,"Jun 1, 2020",113,324,tt12427840,Cocomelon,"Adventure,Animation,Family",3.6,1419
2021-02-08,7,-,10,Jenni Rivera: Mariposa de B…,TV Show,,"Jan 1, 2021",17,59,,,,,
2021-02-08,8,-,-,Space Sweepers,Movie,Yes,"Feb 5, 2021",1,3,tt12838766,Space Sweepers,"Action,Adventure,Drama",6.5,30671
2021-02-08,9,9,7,"Go, Dog, Go",TV Show,Yes,"Jan 26, 2021",12,46,,,,,
2021-02-08,10,-,-,Are We There Yet?,Movie,,"Feb 1, 2021",1,1,tt0368578,Are We There Yet?,"Adventure,Comedy,Family",4.8,36407
2021-02-09,1,1,-,Firefly Lane,TV Show,Yes,"Feb 3, 2021",6,60,tt9012876,Firefly Lane,"Drama,Romance",7.7,39913
2021-02-09,2,2,-,The Sinner,TV Show,,"Jul 2, 2018",3,25,tt6048596,The Sinner,"Crime,Drama,Mystery",7.8,149751
2021-02-09,3,-,-,iCarly,TV Show,,"Feb 8, 2021",1,8,tt0972534,iCarly,"Comedy,Family,Romance",6.8,48772
2021-02-09,4,4,2,Bridgerton,TV Show,Yes,"Dec 25, 2020",46,405,tt8740790,Bridgerton,"Drama,Romance",7.4,211306
2021-02-09,5,6,9,Cocomelon,TV Show,,"Jun 1, 2020",114,330,tt12427840,Cocomelon,"Adventure,Animation,Family",3.6,1419
2021-02-09,6,7,8,Jenni Rivera: Mariposa de B…,TV Show,,"Jan 1, 2021",18,64,,,,,
2021-02-09,7,-,-,War Dogs,Movie,,"Feb 8, 2021",1,4,tt2005151,War Dogs,"Biography,Comedy,Crime",7.1,288734
2021-02-09,8,3,-,Malcolm & Marie,Movie,Yes,"Feb 5, 2021",4,28,tt12676326,Malcolm & Marie,"Drama,Romance",6.6,42959
2021-02-09,9,5,-,All About the Benjamins,Movie,,"Feb 1, 2021",5,29,tt0278295,All About the Benjamins,"Action,Comedy,Crime",5.8,16362
2021-02-09,10,9,7,"Go, Dog, Go",TV Show,Yes,"Jan 26, 2021",13,47,,,,,
2021-02-10,1,1,-,Firefly Lane,TV Show,Yes,"Feb 3, 2021",7,70,tt9012876,Firefly Lane,"Drama,Romance",7.7,39913
2021-02-10,2,3,-,iCarly,TV Show,,"Feb 8, 2021",2,17,tt0972534,iCarly,"Comedy,Family,Romance",6.8,48772
2021-02-10,3,2,-,The Sinner,TV Show,,"Jul 2, 2018",4,33,tt6048596,The Sinner,"Crime,Drama,Mystery",7.8,149751
2021-02-10,4,7,-,War Dogs,Movie,,"Feb 8, 2021",2,11,tt2005151,War Dogs,"Biography,Comedy,Crime",7.1,288734
2021-02-10,5,4,1,Bridgerton,TV Show,Yes,"Dec 25, 2020",47,411,tt8740790,Bridgerton,"Drama,Romance",7.4,211306
2021-02-10,6,5,8,Cocomelon,TV Show,,"Jun 1, 2020",115,335,tt12427840,Cocomelon,"Adventure,Animation,Family",3.6,1419
2021-02-10,7,6,6,Jenni Rivera: Mariposa de B…,TV Show,,"Jan 1, 2021",19,68,,,,,
2021-02-10,8,10,7,"Go, Dog, Go",TV Show,Yes,"Jan 26, 2021",14,50,,,,,
2021-02-10,9,-,10,Henry Danger,TV Show,,"Jan 15, 2021",21,74,tt3596174,Henry Danger,"Action,Comedy,Drama",6.3,9844
2021-02-10,10,9,-,All About the Benjamins,Movie,,"Feb 1, 2021",6,30,tt0278295,All About the Benjamins,"Action,Comedy,Crime",5.8,16362
2021-02-11,1,-,-,Crime Scene: The Vanishing …,TV Show,Yes,"Feb 10, 2021",1,10,,,,,
2021-02-11,2,1,1,Firefly Lane,TV Show,Yes,"Feb 3, 2021",8,79,tt9012876,Firefly Lane,"Drama,Romance",7.7,39913
2021-02-11,3,2,-,iCarly,TV Show,,"Feb 8, 2021",3,25,tt0972534,iCarly,"Comedy,Family,Romance",6.8,48772
2021-02-11,4,3,-,The Sinner,TV Show,,"Jul 2, 2018",5,40,tt6048596,The Sinner,"Crime,Drama,Mystery",7.8,149751
2021-02-11,5,4,-,War Dogs,Movie,,"Feb 8, 2021",3,17,tt2005151,War Dogs,"Biography,Comedy,Crime",7.1,288734
2021-02-11,6,5,2,Bridgerton,TV Show,Yes,"Dec 25, 2020",48,416,tt8740790,Bridgerton,"Drama,Romance",7.4,211306
2021-02-11,7,6,9,Cocomelon,TV Show,,"Jun 1, 2020",116,339,tt12427840,Cocomelon,"Adventure,Animation,Family",3.6,1419
2021-02-11,8,7,5,Jenni Rivera: Mariposa de B…,TV Show,,"Jan 1, 2021",20,71,,,,,
2021-02-11,9,8,7,"Go, Dog, Go",TV Show,Yes,"Jan 26, 2021",15,52,,,,,
2021-02-11,10,9,10,Henry Danger,TV Show,,"Jan 15, 2021",22,75,tt3596174,Henry Danger,"Action,Comedy,Drama",6.3,9844
2021-02-12,1,1,-,Crime Scene: The Vanishing …,TV Show,Yes,"Feb 10, 2021",2,20,,,,,
2021-02-12,2,2,1,Firefly Lane,TV Show,Yes,"Feb 3, 2021",9,88,tt9012876,Firefly Lane,"Drama,Romance",7.7,39913
2021-02-12,3,3,-,iCarly,TV Show,,"Feb 8, 2021",4,33,tt0972534,iCarly,"Comedy,Family,Romance",6.8,48772
2021-02-12,4,4,-,The Sinner,TV Show,,"Jul 2, 2018",6,47,tt6048596,The Sinner,"Crime,Drama,Mystery",7.8,149751
2021-02-12,5,5,-,War Dogs,Movie,,"Feb 8, 2021",4,23,tt2005151,War Dogs,"Biography,Comedy,Crime",7.1,288734
2021-02-12,6,-,-,Squared Love,Movie,Yes,"Feb 11, 2021",1,5,tt13846542,Squared Love,"Comedy,Romance",5.1,4046
2021-02-12,7,6,2,Bridgerton,TV Show,Yes,"Dec 25, 2020",49,420,tt8740790,Bridgerton,"Drama,Romance",7.4,211306
2021-02-12,8,7,5,Cocomelon,TV Show,,"Jun 1, 2020",117,342,tt12427840,Cocomelon,"Adventure,Animation,Family",3.6,1419
2021-02-12,9,8,4,Jenni Rivera: Mariposa de B…,TV Show,,"Jan 1, 2021",21,73,,,,,
2021-02-12,10,-,-,Red Dot,Movie,Yes,"Feb 11, 2021",1,1,tt11307814,Red Dot,"Drama,Horror,Thriller",5.5,15628
2021-02-13,1,-,-,To All the Boys Always and …,Movie,Yes,"Feb 12, 2021",1,10,,,,,
2021-02-13,2,1,-,Crime Scene: The Vanishing …,TV Show,Yes,"Feb 10, 2021",3,29,,,,,
2021-02-13,3,3,-,iCarly,TV Show,,"Feb 8, 2021",5,41,tt0972534,iCarly,"Comedy,Family,Romance",6.8,48772
2021-02-13,4,2,1,Firefly Lane,TV Show,Yes,"Feb 3, 2021",10,95,tt9012876,Firefly Lane,"Drama,Romance",7.7,39913
2021-02-13,5,4,-,The Sinner,TV Show,,"Jul 2, 2018",7,53,tt6048596,The Sinner,"Crime,Drama,Mystery",7.8,149751
2021-02-13,6,5,-,War Dogs,Movie,,"Feb 8, 2021",5,28,tt2005151,War Dogs,"Biography,Comedy,Crime",7.1,288734
2021-02-13,7,10,-,Red Dot,Movie,Yes,"Feb 11, 2021",2,5,tt11307814,Red Dot,"Drama,Horror,Thriller",5.5,15628
2021-02-13,8,8,5,Cocomelon,TV Show,,"Jun 1, 2020",118,345,tt12427840,Cocomelon,"Adventure,Animation,Family",3.6,1419
2021-02-13,9,6,-,Squared Love,Movie,Yes,"Feb 11, 2021",2,7,tt13846542,Squared Love,"Comedy,Romance",5.1,4046
2021-02-13,10,7,2,Bridgerton,TV Show,Yes,"Dec 25, 2020",50,421,tt8740790,Bridgerton,"Drama,Romance",7.4,211306
2021-02-14,1,2,-,Crime Scene: The Vanishing …,TV Show,Yes,"Feb 10, 2021",4,39,,,,,
2021-02-14,2,1,-,To All the Boys Always and …,Movie,Yes,"Feb 12, 2021",2,19,,,,,
2021-02-14,3,4,1,Firefly Lane,TV Show,Yes,"Feb 3, 2021",11,103,tt9012876,Firefly Lane,"Drama,Romance",7.7,39913
2021-02-14,4,3,-,iCarly,TV Show,,"Feb 8, 2021",6,48,tt0972534,iCarly,"Comedy,Family,Romance",6.8,48772
2021-02-14,5,6,-,War Dogs,Movie,,"Feb 8, 2021",6,34,tt2005151,War Dogs,"Biography,Comedy,Crime",7.1,288734
2021-02-14,6,5,4,The Sinner,TV Show,,"Jul 2, 2018",8,58,tt6048596,The Sinner,"Crime,Drama,Mystery",7.8,149751
2021-02-14,7,7,-,Red Dot,Movie,Yes,"Feb 11, 2021",3,9,tt11307814,Red Dot,"Drama,Horror,Thriller",5.5,15628
2021-02-14,8,10,3,Bridgerton,TV Show,Yes,"Dec 25, 2020",51,424,tt8740790,Bridgerton,"Drama,Romance",7.4,211306
2021-02-14,9,9,-,Squared Love,Movie,Yes,"Feb 11, 2021",3,9,tt13846542,Squared Love,"Comedy,Romance",5.1,4046
2021-02-14,10,8,8,Cocomelon,TV Show,,"Jun 1, 2020",119,346,tt12427840,Cocomelon,"Adventure,Animation,Family",3.6,1419
2021-02-15,1,1,-,Crime Scene: The Vanishing …,TV Show,Yes,"Feb 10, 2021",5,49,,,,,
2021-02-15,2,2,-,To All the Boys Always and …,Movie,Yes,"Feb 12, 2021",3,28,,,,,
2021-02-15,3,3,1,Firefly Lane,TV Show,Yes,"Feb 3, 2021",12,111,tt9012876,Firefly Lane,"Drama,Romance",7.7,39913
2021-02-15,4,4,-,iCarly,TV Show,,"Feb 8, 2021",7,55,tt0972534,iCarly,"Comedy,Family,Romance",6.8,48772
2021-02-15,5,5,-,War Dogs,Movie,,"Feb 8, 2021",7,40,tt2005151,War Dogs,"Biography,Comedy,Crime",7.1,288734
2021-02-15,6,6,2,The Sinner,TV Show,,"Jul 2, 2018",9,63,tt6048596,The Sinner,"Crime,Drama,Mystery",7.8,149751
2021-02-15,7,7,-,Red Dot,Movie,Yes,"Feb 11, 2021",4,13,tt11307814,Red Dot,"Drama,Horror,Thriller",5.5,15628
2021-02-15,8,9,-,Squared Love,Movie,Yes,"Feb 11, 2021",4,12,tt13846542,Squared Love,"Comedy,Romance",5.1,4046
2021-02-15,9,8,4,Bridgerton,TV Show,Yes,"Dec 25, 2020",52,426,tt8740790,Bridgerton,"Drama,Romance",7.4,211306
2021-02-15,10,10,6,Cocomelon,TV Show,,"Jun 1, 2020",120,347,tt12427840,Cocomelon,"Adventure,Animation,Family",3.6,1419
2021-02-16,1,1,-,Crime Scene: The Vanishing …,TV Show,Yes,"Feb 10, 2021",6,59,,,,,
2021-02-16,2,4,3,iCarly,TV Show,,"Feb 8, 2021",8,64,tt0972534,iCarly,"Comedy,Family,Romance",6.8,48772
2021-02-16,3,3,1,Firefly Lane,TV Show,Yes,"Feb 3, 2021",13,119,tt9012876,Firefly Lane,"Drama,Romance",7.7,39913
2021-02-16,4,2,-,To All the Boys Always and …,Movie,Yes,"Feb 12, 2021",4,35,,,,,
2021-02-16,5,-,-,The Crew,TV Show,Yes,"Feb 15, 2021",1,6,tt0198386,The Crew,"Comedy,Crime",5.6,6847
2021-02-16,6,6,2,The Sinner,TV Show,,"Jul 2, 2018",10,68,tt6048596,The Sinner,"Crime,Drama,Mystery",7.8,149751
2021-02-16,7,5,7,War Dogs,Movie,,"Feb 8, 2021",8,44,tt2005151,War Dogs,"Biography,Comedy,Crime",7.1,288734
2021-02-16,8,7,-,Red Dot,Movie,Yes,"Feb 11, 2021",5,16,tt11307814,Red Dot,"Drama,Horror,Thriller",5.5,15628
2021-02-16,9,10,5,Cocomelon,TV Show,,"Jun 1, 2020",121,349,tt12427840,Cocomelon,"Adventure,Animation,Family",3.6,1419
2021-02-16,10,9,4,Bridgerton,TV Show,Yes,"Dec 25, 2020",53,427,tt8740790,Bridgerton,"Drama,Romance",7.4,211306
2021-02-17,1,1,-,Crime Scene: The Vanishing …,TV Show,Yes,"Feb 10, 2021",7,69,,,,,
2021-02-17,2,2,2,iCarly,TV Show,,"Feb 8, 2021",9,73,tt0972534,iCarly,"Comedy,Family,Romance",6.8,48772
2021-02-17,3,-,-,Good Girls,TV Show,,"Jan 1, 2019",1,8,tt6474378,Good Girls,"Comedy,Crime,Drama",7.7,66524
2021-02-17,4,3,1,Firefly Lane,TV Show,Yes,"Feb 3, 2021",14,126,tt9012876,Firefly Lane,"Drama,Romance",7.7,39913
2021-02-17,5,5,-,The Crew,TV Show,Yes,"Feb 15, 2021",2,12,tt0198386,The Crew,"Comedy,Crime",5.6,6847
2021-02-17,6,4,-,To All the Boys Always and …,Movie,Yes,"Feb 12, 2021",5,40,,,,,
2021-02-17,7,6,3,The Sinner,TV Show,,"Jul 2, 2018",11,72,tt6048596,The Sinner,"Crime,Drama,Mystery",7.8,149751
2021-02-17,8,9,6,Cocomelon,TV Show,,"Jun 1, 2020",122,352,tt12427840,Cocomelon,"Adventure,Animation,Family",3.6,1419
2021-02-17,9,-,-,Animals on the Loose: A You…,Movie,Yes,"Feb 16, 2021",1,2,,,,,
2021-02-17,10,10,5,Bridgerton,TV Show,Yes,"Dec 25, 2020",54,428,tt8740790,Bridgerton,"Drama,Romance",7.4,211306
2021-02-18,1,3,-,Good Girls,TV Show,,"Jan 1, 2019",2,18,tt6474378,Good Girls,"Comedy,Crime,Drama",7.7,66524
2021-02-18,2,1,1,Crime Scene: The Vanishing …,TV Show,Yes,"Feb 10, 2021",8,78,,,,,
2021-02-18,3,2,3,iCarly,TV Show,,"Feb 8, 2021",10,81,tt0972534,iCarly,"Comedy,Family,Romance",6.8,48772
2021-02-18,4,5,-,The Crew,TV Show,Yes,"Feb 15, 2021",3,19,tt0198386,The Crew,"Comedy,Crime",5.6,6847
2021-02-18,5,4,2,Firefly Lane,TV Show,Yes,"Feb 3, 2021",15,132,tt9012876,Firefly Lane,"Drama,Romance",7.7,39913
2021-02-18,6,-,-,Behind Her Eyes,TV Show,Yes,"Feb 17, 2021",1,5,tt9698442,Behind Her Eyes,"Drama,Mystery,Thriller",7.2,89214
2021-02-18,7,6,-,To All the Boys Always and …,Movie,Yes,"Feb 12, 2021",6,44,,,,,
2021-02-18,8,7,4,The Sinner,TV Show,,"Jul 2, 2018",12,75,tt6048596,The Sinner,"Crime,Drama,Mystery",7.8,149751
2021-02-18,9,8,7,Cocomelon,TV Show,,"Jun 1, 2020",123,354,tt12427840,Cocomelon,"Adventure,Animation,Family",3.6,1419
2021-02-18,10,10,6,Bridgerton,TV Show,Yes,"Dec 25, 2020",55,429,tt8740790,Bridgerton,"Drama,Romance",7.4,211306
2021-02-19,1,6,-,Behind Her Eyes,TV Show,Yes,"Feb 17, 2021",2,15,tt9698442,Behind Her Eyes,"Drama,Mystery,Thriller",7.2,89214
2021-02-19,2,1,-,Good Girls,TV Show,,"Jan 1, 2019",3,27,tt6474378,Good Girls,"Comedy,Crime,Drama",7.7,66524
2021-02-19,3,3,3,iCarly,TV Show,,"Feb 8, 2021",11,89,tt0972534,iCarly,"Comedy,Family,Romance",6.8,48772
2021-02-19,4,2,1,Crime Scene: The Vanishing …,TV Show,Yes,"Feb 10, 2021",9,85,,,,,
2021-02-19,5,5,2,Firefly Lane,TV Show,Yes,"Feb 3, 2021",16,138,tt9012876,Firefly Lane,"Drama,Romance",7.7,39913
2021-02-19,6,4,-,The Crew,TV Show,Yes,"Feb 15, 2021",4,24,tt0198386,The Crew,"Comedy,Crime",5.6,6847
2021-02-19,7,9,8,Cocomelon,TV Show,,"Jun 1, 2020",124,358,tt12427840,Cocomelon,"Adventure,Animation,Family",3.6,1419
2021-02-19,8,7,-,To All the Boys Always and …,Movie,Yes,"Feb 12, 2021",7,47,,,,,
2021-02-19,9,8,4,The Sinner,TV Show,,"Jul 2, 2018",13,77,tt6048596,The Sinner,"Crime,Drama,Mystery",7.8,149751
2021-02-19,10,10,7,Bridgerton,TV Show,Yes,"Dec 25, 2020",56,430,tt8740790,Bridgerton,"Drama,Romance",7.4,211306
2021-02-20,1,-,-,I Care a Lot.,Movie,Yes,"Feb 19, 2021",1,10,,,,,
2021-02-20,2,1,-,Behind Her Eyes,TV Show,Yes,"Feb 17, 2021",3,24,tt9698442,Behind Her Eyes,"Drama,Mystery,Thriller",7.2,89214
2021-02-20,3,2,-,Good Girls,TV Show,,"Jan 1, 2019",4,35,tt6474378,Good Girls,"Comedy,Crime,Drama",7.7,66524
2021-02-20,4,3,3,iCarly,TV Show,,"Feb 8, 2021",12,96,tt0972534,iCarly,"Comedy,Family,Romance",6.8,48772
2021-02-20,5,4,2,Crime Scene: The Vanishing …,TV Show,Yes,"Feb 10, 2021",10,91,,,,,
2021-02-20,6,5,4,Firefly Lane,TV Show,Yes,"Feb 3, 2021",17,143,tt9012876,Firefly Lane,"Drama,Romance",7.7,39913
2021-02-20,7,6,-,The Crew,TV Show,Yes,"Feb 15, 2021",5,28,tt0198386,The Crew,"Comedy,Crime",5.6,6847
2021-02-20,8,7,8,Cocomelon,TV Show,,"Jun 1, 2020",125,361,tt12427840,Cocomelon,"Adventure,Animation,Family",3.6,1419
2021-02-20,9,-,-,Tribes of Europa,TV Show,Yes,"Feb 19, 2021",1,2,tt9184982,Tribes of Europa,"Action,Adventure,Drama",6.7,14819
2021-02-20,10,10,10,Bridgerton,TV Show,Yes,"Dec 25, 2020",57,431,tt8740790,Bridgerton,"Drama,Romance",7.4,211306
2021-02-21,1,1,-,I Care a Lot.,Movie,Yes,"Feb 19, 2021",2,20,,,,,
2021-02-21,2,2,-,Behind Her Eyes,TV Show,Yes,"Feb 17, 2021",4,33,tt9698442,Behind Her Eyes,"Drama,Mystery,Thriller",7.2,89214
2021-02-21,3,3,-,Good Girls,TV Show,,"Jan 1, 2019",5,43,tt6474378,Good Girls,"Comedy,Crime,Drama",7.7,66524
2021-02-21,4,4,4,iCarly,TV Show,,"Feb 8, 2021",13,103,tt0972534,iCarly,"Comedy,Family,Romance",6.8,48772
2021-02-21,5,5,1,Crime Scene: The Vanishing …,TV Show,Yes,"Feb 10, 2021",11,97,,,,,
2021-02-21,6,6,3,Firefly Lane,TV Show,Yes,"Feb 3, 2021",18,148,tt9012876,Firefly Lane,"Drama,Romance",7.7,39913
2021-02-21,7,9,-,Tribes of Europa,TV Show,Yes,"Feb 19, 2021",2,6,tt9184982,Tribes of Europa,"Action,Adventure,Drama",6.7,14819
2021-02-21,8,7,-,The Crew,TV Show,Yes,"Feb 15, 2021",6,31,tt0198386,The Crew,"Comedy,Crime",5.6,6847
2021-02-21,9,8,10,Cocomelon,TV Show,,"Jun 1, 2020",126,363,tt12427840,Cocomelon,"Adventure,Animation,Family",3.6,1419
2021-02-21,10,10,8,Bridgerton,TV Show,Yes,"Dec 25, 2020",58,432,tt8740790,Bridgerton,"Drama,Romance",7.4,211306
2021-02-22,1,1,-,I Care a Lot.,Movie,Yes,"Feb 19, 2021",3,30,,,,,
2021-02-22,2,2,-,Behind Her Eyes,TV Show,Yes,"Feb 17, 2021",5,42,tt9698442,Behind Her Eyes,"Drama,Mystery,Thriller",7.2,89214
2021-02-22,3,3,-,Good Girls,TV Show,,"Jan 1, 2019",6,51,tt6474378,Good Girls,"Comedy,Crime,Drama",7.7,66524
2021-02-22,4,4,4,iCarly,TV Show,,"Feb 8, 2021",14,110,tt0972534,iCarly,"Comedy,Family,Romance",6.8,48772
2021-02-22,5,5,1,Crime Scene: The Vanishing …,TV Show,Yes,"Feb 10, 2021",12,103,,,,,
2021-02-22,6,6,3,Firefly Lane,TV Show,Yes,"Feb 3, 2021",19,153,tt9012876,Firefly Lane,"Drama,Romance",7.7,39913
2021-02-22,7,-,-,The Conjuring 2,Movie,,"Feb 21, 2021",1,4,tt3065204,The Conjuring 2,"Horror,Mystery,Thriller",7.3,335384
2021-02-22,8,7,-,Tribes of Europa,TV Show,Yes,"Feb 19, 2021",3,9,tt9184982,Tribes of Europa,"Action,Adventure,Drama",6.7,14819
2021-02-22,9,8,-,The Crew,TV Show,Yes,"Feb 15, 2021",7,33,tt0198386,The Crew,"Comedy,Crime",5.6,6847
2021-02-22,10,9,10,Cocomelon,TV Show,,"Jun 1, 2020",127,364,tt12427840,Cocomelon,"Adventure,Animation,Family",3.6,1419
2021-02-23,1,1,-,I Care a Lot.,Movie,Yes,"Feb 19, 2021",4,40,,,,,
2021-02-23,2,2,-,Behind Her Eyes,TV Show,Yes,"Feb 17, 2021",6,51,tt9698442,Behind Her Eyes,"Drama,Mystery,Thriller",7.2,89214
2021-02-23,3,3,-,Good Girls,TV Show,,"Jan 1, 2019",7,59,tt6474378,Good Girls,"Comedy,Crime,Drama",7.7,66524
2021-02-23,4,4,2,iCarly,TV Show,,"Feb 8, 2021",15,117,tt0972534,iCarly,"Comedy,Family,Romance",6.8,48772
2021-02-23,5,6,3,Firefly Lane,TV Show,Yes,"Feb 3, 2021",20,159,tt9012876,Firefly Lane,"Drama,Romance",7.7,39913
2021-02-23,6,7,-,The Conjuring 2,Movie,,"Feb 21, 2021",2,9,tt3065204,The Conjuring 2,"Horror,Mystery,Thriller",7.3,335384
2021-02-23,7,5,1,Crime Scene: The Vanishing …,TV Show,Yes,"Feb 10, 2021",13,107,,,,,
2021-02-23,8,8,-,Tribes of Europa,TV Show,Yes,"Feb 19, 2021",4,12,tt9184982,Tribes of Europa,"Action,Adventure,Drama",6.7,14819
2021-02-23,9,10,9,Cocomelon,TV Show,,"Jun 1, 2020",128,366,tt12427840,Cocomelon,"Adventure,Animation,Family",3.6,1419
2021-02-23,10,9,5,The Crew,TV Show,Yes,"Feb 15, 2021",8,34,tt0198386,The Crew,"Comedy,Crime",5.6,6847
2021-02-24,1,1,-,I Care a Lot.,Movie,Yes,"Feb 19, 2021",5,50,,,,,
2021-02-24,2,2,-,Behind Her Eyes,TV Show,Yes,"Feb 17, 2021",7,60,tt9698442,Behind Her Eyes,"Drama,Mystery,Thriller",7.2,89214
2021-02-24,3,3,3,Good Girls,TV Show,,"Jan 1, 2019",8,67,tt6474378,Good Girls,"Comedy,Crime,Drama",7.7,66524
2021-02-24,4,4,2,iCarly,TV Show,,"Feb 8, 2021",16,124,tt0972534,iCarly,"Comedy,Family,Romance",6.8,48772
2021-02-24,5,5,4,Firefly Lane,TV Show,Yes,"Feb 3, 2021",21,165,tt9012876,Firefly Lane,"Drama,Romance",7.7,39913
2021-02-24,6,9,8,Cocomelon,TV Show,,"Jun 1, 2020",129,371,tt12427840,Cocomelon,"Adventure,Animation,Family",3.6,1419
2021-02-24,7,7,1,Crime Scene: The Vanishing …,TV Show,Yes,"Feb 10, 2021",14,111,,,,,
2021-02-24,8,6,-,The Conjuring 2,Movie,,"Feb 21, 2021",3,12,tt3065204,The Conjuring 2,"Horror,Mystery,Thriller",7.3,335384
2021-02-24,9,8,-,Tribes of Europa,TV Show,Yes,"Feb 19, 2021",5,14,tt9184982,Tribes of Europa,"Action,Adventure,Drama",6.7,14819
2021-02-24,10,10,5,The Crew,TV Show,Yes,"Feb 15, 2021",9,35,tt0198386,The Crew,"Comedy,Crime",5.6,6847
2021-02-25,1,1,-,I Care a Lot.,Movie,Yes,"Feb 19, 2021",6,60,,,,,
2021-02-25,2,2,6,Behind Her Eyes,TV Show,Yes,"Feb 17, 2021",8,69,tt9698442,Behind Her Eyes,"Drama,Mystery,Thriller",7.2,89214
2021-02-25,3,3,1,Good Girls,TV Show,,"Jan 1, 2019",9,75,tt6474378,Good Girls,"Comedy,Crime,Drama",7.7,66524
2021-02-25,4,4,3,iCarly,TV Show,,"Feb 8, 2021",17,131,tt0972534,iCarly,"Comedy,Family,Romance",6.8,48772
2021-02-25,5,-,-,Ginny & Georgia,TV Show,Yes,"Feb 24, 2021",1,6,tt10813940,Ginny & Georgia,"Comedy,Drama",7.5,103481
2021-02-25,6,5,5,Firefly Lane,TV Show,Yes,"Feb 3, 2021",22,170,tt9012876,Firefly Lane,"Drama,Romance",7.7,39913
2021-02-25,7,6,9,Cocomelon,TV Show,,"Jun 1, 2020",130,375,tt12427840,Cocomelon,"Adventure,Animation,Family",3.6,1419
2021-02-25,8,7,2,Crime Scene: The Vanishing …,TV Show,Yes,"Feb 10, 2021",15,114,,,,,
2021-02-25,9,-,-,Age of Samurai: Battle for …,TV Show,Yes,"Feb 24, 2021",1,2,,,,,
2021-02-25,10,8,-,The Conjuring 2,Movie,,"Feb 21, 2021",4,13,tt3065204,The Conjuring 2,"Horror,Mystery,Thriller",7.3,335384
2021-02-26,1,5,-,Ginny & Georgia,TV Show,Yes,"Feb 24, 2021",2,16,tt10813940,Ginny & Georgia,"Comedy,Drama",7.5,103481
2021-02-26,2,1,-,I Care a Lot.,Movie,Yes,"Feb 19, 2021",7,69,,,,,
2021-02-26,3,2,1,Behind Her Eyes,TV Show,Yes,"Feb 17, 2021",9,77,tt9698442,Behind Her Eyes,"Drama,Mystery,Thriller",7.2,89214
2021-02-26,4,4,3,iCarly,TV Show,,"Feb 8, 2021",18,138,tt0972534,iCarly,"Comedy,Family,Romance",6.8,48772
2021-02-26,5,3,2,Good Girls,TV Show,,"Jan 1, 2019",10,81,tt6474378,Good Girls,"Comedy,Crime,Drama",7.7,66524
2021-02-26,6,9,-,Age of Samurai: Battle for …,TV Show,Yes,"Feb 24, 2021",2,7,,,,,
2021-02-26,7,6,5,Firefly Lane,TV Show,Yes,"Feb 3, 2021",23,174,tt9012876,Firefly Lane,"Drama,Romance",7.7,39913
2021-02-26,8,7,7,Cocomelon,TV Show,,"Jun 1, 2020",131,378,tt12427840,Cocomelon,"Adventure,Animation,Family",3.6,1419
2021-02-26,9,-,-,Canine Intervention,TV Show,Yes,"Feb 24, 2021",1,2,tt13932598,Canine Intervention,"Documentary,Reality-TV",6.7,1016
2021-02-26,10,8,4,Crime Scene: The Vanishing …,TV Show,Yes,"Feb 10, 2021",16,115,,,,,
2021-02-27,1,1,-,Ginny & Georgia,TV Show,Yes,"Feb 24, 2021",3,26,tt10813940,Ginny & Georgia,"Comedy,Drama",7.5,103481
2021-02-27,2,-,-,Bigfoot Family,Movie,Yes,"Feb 26, 2021",1,9,tt9204164,Bigfoot Family,"Adventure,Animation,Family",5.8,4050
2021-02-27,3,2,1,I Care a Lot.,Movie,Yes,"Feb 19, 2021",8,77,,,,,
2021-02-27,4,3,2,Behind Her Eyes,TV Show,Yes,"Feb 17, 2021",10,84,tt9698442,Behind Her Eyes,"Drama,Mystery,Thriller",7.2,89214
2021-02-27,5,6,-,Age of Samurai: Battle for …,TV Show,Yes,"Feb 24, 2021",3,13,,,,,
2021-02-27,6,4,4,iCarly,TV Show,,"Feb 8, 2021",19,143,tt0972534,iCarly,"Comedy,Family,Romance",6.8,48772
2021-02-27,7,5,3,Good Girls,TV Show,,"Jan 1, 2019",11,85,tt6474378,Good Girls,"Comedy,Crime,Drama",7.7,66524
2021-02-27,8,7,6,Firefly Lane,TV Show,Yes,"Feb 3, 2021",24,177,tt9012876,Firefly Lane,"Drama,Romance",7.7,39913
2021-02-27,9,8,8,Cocomelon,TV Show,,"Jun 1, 2020",132,380,tt12427840,Cocomelon,"Adventure,Animation,Family",3.6,1419
2021-02-27,10,9,-,Canine Intervention,TV Show,Yes,"Feb 24, 2021",2,3,tt13932598,Canine Intervention,"Documentary,Reality-TV",6.7,1016
2021-02-28,1,1,-,Ginny & Georgia,TV Show,Yes,"Feb 24, 2021",4,36,tt10813940,Ginny & Georgia,"Comedy,Drama",7.5,103481
2021-02-28,2,2,-,Bigfoot Family,Movie,Yes,"Feb 26, 2021",2,18,tt9204164,Bigfoot Family,"Adventure,Animation,Family",5.8,4050
2021-02-28,3,3,1,I Care a Lot.,Movie,Yes,"Feb 19, 2021",9,85,,,,,
2021-02-28,4,5,-,Age of Samurai: Battle for …,TV Show,Yes,"Feb 24, 2021",4,20,,,,,
2021-02-28,5,4,2,Behind Her Eyes,TV Show,Yes,"Feb 17, 2021",11,90,tt9698442,Behind Her Eyes,"Drama,Mystery,Thriller",7.2,89214
2021-02-28,6,6,4,iCarly,TV Show,,"Feb 8, 2021",20,148,tt0972534,iCarly,"Comedy,Family,Romance",6.8,48772
2021-02-28,7,10,-,Canine Intervention,TV Show,Yes,"Feb 24, 2021",3,7,tt13932598,Canine Intervention,"Documentary,Reality-TV",6.7,1016
2021-02-28,8,7,3,Good Girls,TV Show,,"Jan 1, 2019",12,88,tt6474378,Good Girls,"Comedy,Crime,Drama",7.7,66524
2021-02-28,9,8,6,Firefly Lane,TV Show,Yes,"Feb 3, 2021",25,179,tt9012876,Firefly Lane,"Drama,Romance",7.7,39913
2021-02-28,10,9,9,Cocomelon,TV Show,,"Jun 1, 2020",133,381,tt12427840,Cocomelon,"Adventure,Animation,Family",3.6,1419
2021-03-01,1,1,-,Ginny & Georgia,TV Show,Yes,"Feb 24, 2021",5,46,tt10813940,Ginny & Georgia,"Comedy,Drama",7.5,103481
2021-03-01,2,2,-,Bigfoot Family,Movie,Yes,"Feb 26, 2021",3,27,tt9204164,Bigfoot Family,"Adventure,Animation,Family",5.8,4050
2021-03-01,3,3,1,I Care a Lot.,Movie,Yes,"Feb 19, 2021",10,93,,,,,
2021-03-01,4,4,-,Age of Samurai: Battle for …,TV Show,Yes,"Feb 24, 2021",5,27,,,,,
2021-03-01,5,5,2,Behind Her Eyes,TV Show,Yes,"Feb 17, 2021",12,96,tt9698442,Behind Her Eyes,"Drama,Mystery,Thriller",7.2,89214
2021-03-01,6,6,4,iCarly,TV Show,,"Feb 8, 2021",21,153,tt0972534,iCarly,"Comedy,Family,Romance",6.8,48772
2021-03-01,7,8,3,Good Girls,TV Show,,"Jan 1, 2019",13,92,tt6474378,Good Girls,"Comedy,Crime,Drama",7.7,66524
2021-03-01,8,7,-,Canine Intervention,TV Show,Yes,"Feb 24, 2021",4,10,tt13932598,Canine Intervention,"Documentary,Reality-TV",6.7,1016
2021-03-01,9,9,6,Firefly Lane,TV Show,Yes,"Feb 3, 2021",26,181,tt9012876,Firefly Lane,"Drama,Romance",7.7,39913
2021-03-01,10,10,10,Cocomelon,TV Show,,"Jun 1, 2020",134,382,tt12427840,Cocomelon,"Adventure,Animation,Family",3.6,1419
2021-03-02,1,1,-,Ginny & Georgia,TV Show,Yes,"Feb 24, 2021",6,56,tt10813940,Ginny & Georgia,"Comedy,Drama",7.5,103481
2021-03-02,2,2,-,Bigfoot Family,Movie,Yes,"Feb 26, 2021",4,36,tt9204164,Bigfoot Family,"Adventure,Animation,Family",5.8,4050
2021-03-02,3,-,-,Biggie: I Got A Story to Tell,Movie,Yes,"Mar 1, 2021",1,8,tt14058484,Biggie: I Got a Story to Tell,"Biography,Documentary,Music",6.8,5782
2021-03-02,4,5,2,Behind Her Eyes,TV Show,Yes,"Feb 17, 2021",13,103,tt9698442,Behind Her Eyes,"Drama,Mystery,Thriller",7.2,89214
2021-03-02,5,6,4,iCarly,TV Show,,"Feb 8, 2021",22,159,tt0972534,iCarly,"Comedy,Family,Romance",6.8,48772
2021-03-02,6,4,-,Age of Samurai: Battle for …,TV Show,Yes,"Feb 24, 2021",6,32,,,,,
2021-03-02,7,3,1,I Care a Lot.,Movie,Yes,"Feb 19, 2021",11,97,,,,,
2021-03-02,8,7,3,Good Girls,TV Show,,"Jan 1, 2019",14,95,tt6474378,Good Girls,"Comedy,Crime,Drama",7.7,66524
2021-03-02,9,10,9,Cocomelon,TV Show,,"Jun 1, 2020",135,384,tt12427840,Cocomelon,"Adventure,Animation,Family",3.6,1419
2021-03-02,10,9,5,Firefly Lane,TV Show,Yes,"Feb 3, 2021",27,182,tt9012876,Firefly Lane,"Drama,Romance",7.7,39913
2021-03-03,1,1,-,Ginny & Georgia,TV Show,Yes,"Feb 24, 2021",7,66,tt10813940,Ginny & Georgia,"Comedy,Drama",7.5,103481
2021-03-03,2,2,-,Bigfoot Family,Movie,Yes,"Feb 26, 2021",5,45,tt9204164,Bigfoot Family,"Adventure,Animation,Family",5.8,4050
2021-03-03,3,3,-,Biggie: I Got A Story to Tell,Movie,Yes,"Mar 1, 2021",2,16,tt14058484,Biggie: I Got a Story to Tell,"Biography,Documentary,Music",6.8,5782
2021-03-03,4,4,2,Behind Her Eyes,TV Show,Yes,"Feb 17, 2021",14,110,tt9698442,Behind Her Eyes,"Drama,Mystery,Thriller",7.2,89214
2021-03-03,5,5,4,iCarly,TV Show,,"Feb 8, 2021",23,165,tt0972534,iCarly,"Comedy,Family,Romance",6.8,48772
2021-03-03,6,8,3,Good Girls,TV Show,,"Jan 1, 2019",15,100,tt6474378,Good Girls,"Comedy,Crime,Drama",7.7,66524
2021-03-03,7,6,-,Age of Samurai: Battle for …,TV Show,Yes,"Feb 24, 2021",7,36,,,,,
2021-03-03,8,7,1,I Care a Lot.,Movie,Yes,"Feb 19, 2021",12,100,,,,,
2021-03-03,9,9,6,Cocomelon,TV Show,,"Jun 1, 2020",136,386,tt12427840,Cocomelon,"Adventure,Animation,Family",3.6,1419
2021-03-03,10,-,-,Step Up Revolution,Movie,,"Mar 1, 2021",1,1,tt2310740,Step Up Revolution,Talk-Show,,0
2021-03-04,1,1,5,Ginny & Georgia,TV Show,Yes,"Feb 24, 2021",8,76,tt10813940,Ginny & Georgia,"Comedy,Drama",7.5,103481
2021-03-04,2,-,-,Murder Among the Mormons,TV Show,Yes,"Mar 3, 2021",1,9,tt13987620,Murder Among the Mormons,"Crime,Documentary,History",7.0,7768
2021-03-04,3,2,-,Bigfoot Family,Movie,Yes,"Feb 26, 2021",6,53,tt9204164,Bigfoot Family,"Adventure,Animation,Family",5.8,4050
2021-03-04,4,3,-,Biggie: I Got A Story to Tell,Movie,Yes,"Mar 1, 2021",3,23,tt14058484,Biggie: I Got a Story to Tell,"Biography,Documentary,Music",6.8,5782
2021-03-04,5,5,4,iCarly,TV Show,,"Feb 8, 2021",24,171,tt0972534,iCarly,"Comedy,Family,Romance",6.8,48772
2021-03-04,6,4,2,Behind Her Eyes,TV Show,Yes,"Feb 17, 2021",15,115,tt9698442,Behind Her Eyes,"Drama,Mystery,Thriller",7.2,89214
2021-03-04,7,-,-,Moxie,Movie,Yes,"Mar 3, 2021",1,4,tt6432466,Moxie,"Comedy,Drama",6.7,30313
2021-03-04,8,6,3,Good Girls,TV Show,,"Jan 1, 2019",16,103,tt6474378,Good Girls,"Comedy,Crime,Drama",7.7,66524
2021-03-04,9,9,7,Cocomelon,TV Show,,"Jun 1, 2020",137,388,tt12427840,Cocomelon,"Adventure,Animation,Family",3.6,1419
2021-03-04,10,8,1,I Care a Lot.,Movie,Yes,"Feb 19, 2021",13,101,,,,,
2021-03-05,1,1,1,Ginny & Georgia,TV Show,Yes,"Feb 24, 2021",9,86,tt10813940,Ginny & Georgia,"Comedy,Drama",7.5,103481
2021-03-05,2,2,-,Murder Among the Mormons,TV Show,Yes,"Mar 3, 2021",2,18,tt13987620,Murder Among the Mormons,"Crime,Documentary,History",7.0,7768
2021-03-05,3,7,-,Moxie,Movie,Yes,"Mar 3, 2021",2,12,tt6432466,Moxie,"Comedy,Drama",6.7,30313
2021-03-05,4,3,-,Bigfoot Family,Movie,Yes,"Feb 26, 2021",7,60,tt9204164,Bigfoot Family,"Adventure,Animation,Family",5.8,4050
2021-03-05,5,5,4,iCarly,TV Show,,"Feb 8, 2021",25,177,tt0972534,iCarly,"Comedy,Family,Romance",6.8,48772
2021-03-05,6,6,3,Behind Her Eyes,TV Show,Yes,"Feb 17, 2021",16,120,tt9698442,Behind Her Eyes,"Drama,Mystery,Thriller",7.2,89214
2021-03-05,7,4,-,Biggie: I Got A Story to Tell,Movie,Yes,"Mar 1, 2021",4,27,tt14058484,Biggie: I Got a Story to Tell,"Biography,Documentary,Music",6.8,5782
2021-03-05,8,9,8,Cocomelon,TV Show,,"Jun 1, 2020",138,391,tt12427840,Cocomelon,"Adventure,Animation,Family",3.6,1419
2021-03-05,9,8,5,Good Girls,TV Show,,"Jan 1, 2019",17,105,tt6474378,Good Girls,"Comedy,Crime,Drama",7.7,66524
2021-03-05,10,-,-,Training Day,Movie,,"Mar 1, 2021",1,1,tt0139654,Training Day,"Crime,Drama,Thriller",7.8,507428
2021-03-06,1,1,1,Ginny & Georgia,TV Show,Yes,"Feb 24, 2021",10,96,tt10813940,Ginny & Georgia,"Comedy,Drama",7.5,103481
2021-03-06,2,2,-,Murder Among the Mormons,TV Show,Yes,"Mar 3, 2021",3,27,tt13987620,Murder Among the Mormons,"Crime,Documentary,History",7.0,7768
2021-03-06,3,-,-,Sentinelle,Movie,Yes,"Mar 5, 2021",1,8,tt11734264,Sentinelle,"Action,Drama,Thriller",4.8,9114
2021-03-06,4,3,-,Moxie,Movie,Yes,"Mar 3, 2021",3,19,tt6432466,Moxie,"Comedy,Drama",6.7,30313
2021-03-06,5,4,2,Bigfoot Family,Movie,Yes,"Feb 26, 2021",8,66,tt9204164,Bigfoot Family,"Adventure,Animation,Family",5.8,4050
2021-03-06,6,5,6,iCarly,TV Show,,"Feb 8, 2021",26,182,tt0972534,iCarly,"Comedy,Family,Romance",6.8,48772
2021-03-06,7,6,4,Behind Her Eyes,TV Show,Yes,"Feb 17, 2021",17,124,tt9698442,Behind Her Eyes,"Drama,Mystery,Thriller",7.2,89214
2021-03-06,8,10,-,Training Day,Movie,,"Mar 1, 2021",2,4,tt0139654,Training Day,"Crime,Drama,Thriller",7.8,507428
2021-03-06,9,8,9,Cocomelon,TV Show,,"Jun 1, 2020",139,393,tt12427840,Cocomelon,"Adventure,Animation,Family",3.6,1419
2021-03-06,10,-,-,The Dark Knight,Movie,,"Mar 1, 2021",1,1,tt0468569,The Dark Knight,"Action,Crime,Drama",9.1,3104007
2021-03-07,1,1,1,Ginny & Georgia,TV Show,Yes,"Feb 24, 2021",11,106,tt10813940,Ginny & Georgia,"Comedy,Drama",7.5,103481
2021-03-07,2,2,-,Murder Among the Mormons,TV Show,Yes,"Mar 3, 2021",4,36,tt13987620,Murder Among the Mormons,"Crime,Documentary,History",7.0,7768
2021-03-07,3,3,-,Sentinelle,Movie,Yes,"Mar 5, 2021",2,16,tt11734264,Sentinelle,"Action,Drama,Thriller",4.8,9114
2021-03-07,4,4,-,Moxie,Movie,Yes,"Mar 3, 2021",4,26,tt6432466,Moxie,"Comedy,Drama",6.7,30313
2021-03-07,5,5,2,Bigfoot Family,Movie,Yes,"Feb 26, 2021",9,72,tt9204164,Bigfoot Family,"Adventure,Animation,Family",5.8,4050
2021-03-07,6,8,-,Training Day,Movie,,"Mar 1, 2021",3,9,tt0139654,Training Day,"Crime,Drama,Thriller",7.8,507428
2021-03-07,7,10,-,The Dark Knight,Movie,,"Mar 1, 2021",2,5,tt0468569,The Dark Knight,"Action,Crime,Drama",9.1,3104007
2021-03-07,8,7,5,Behind Her Eyes,TV Show,Yes,"Feb 17, 2021",18,127,tt9698442,Behind Her Eyes,"Drama,Mystery,Thriller",7.2,89214
2021-03-07,9,6,6,iCarly,TV Show,,"Feb 8, 2021",27,184,tt0972534,iCarly,"Comedy,Family,Romance",6.8,48772
2021-03-07,10,-,3,I Care a Lot.,Movie,Yes,"Feb 19, 2021",14,102,,,,,
2021-03-08,1,1,1,Ginny & Georgia,TV Show,Yes,"Feb 24, 2021",12,116,tt10813940,Ginny & Georgia,"Comedy,Drama",7.5,103481
2021-03-08,2,2,-,Murder Among the Mormons,TV Show,Yes,"Mar 3, 2021",5,45,tt13987620,Murder Among the Mormons,"Crime,Documentary,History",7.0,7768
2021-03-08,3,3,-,Sentinelle,Movie,Yes,"Mar 5, 2021",3,24,tt11734264,Sentinelle,"Action,Drama,Thriller",4.8,9114
2021-03-08,4,6,-,Training Day,Movie,,"Mar 1, 2021",4,16,tt0139654,Training Day,"Crime,Drama,Thriller",7.8,507428
2021-03-08,5,7,-,The Dark Knight,Movie,,"Mar 1, 2021",3,11,tt0468569,The Dark Knight,"Action,Crime,Drama",9.1,3104007
2021-03-08,6,4,-,Moxie,Movie,Yes,"Mar 3, 2021",5,31,tt6432466,Moxie,"Comedy,Drama",6.7,30313
2021-03-08,7,8,5,Behind Her Eyes,TV Show,Yes,"Feb 17, 2021",19,131,tt9698442,Behind Her Eyes,"Drama,Mystery,Thriller",7.2,89214
2021-03-08,8,5,2,Bigfoot Family,Movie,Yes,"Feb 26, 2021",10,75,tt9204164,Bigfoot Family,"Adventure,Animation,Family",5.8,4050
2021-03-08,9,9,6,iCarly,TV Show,,"Feb 8, 2021",28,186,tt0972534,iCarly,"Comedy,Family,Romance",6.8,48772
2021-03-08,10,10,3,I Care a Lot.,Movie,Yes,"Feb 19, 2021",15,103,,,,,
2021-03-09,1,1,1,Ginny & Georgia,TV Show,Yes,"Feb 24, 2021",13,126,tt10813940,Ginny & Georgia,"Comedy,Drama",7.5,103481
2021-03-09,2,2,-,Murder Among the Mormons,TV Show,Yes,"Mar 3, 2021",6,54,tt13987620,Murder Among the Mormons,"Crime,Documentary,History",7.0,7768
2021-03-09,3,9,5,iCarly,TV Show,,"Feb 8, 2021",29,194,tt0972534,iCarly,"Comedy,Family,Romance",6.8,48772
2021-03-09,4,4,-,Training Day,Movie,,"Mar 1, 2021",5,23,tt0139654,Training Day,"Crime,Drama,Thriller",7.8,507428
2021-03-09,5,3,-,Sentinelle,Movie,Yes,"Mar 5, 2021",4,30,tt11734264,Sentinelle,"Action,Drama,Thriller",4.8,9114
2021-03-09,6,-,9,Cocomelon,TV Show,,"Jun 1, 2020",140,398,tt12427840,Cocomelon,"Adventure,Animation,Family",3.6,1419
2021-03-09,7,7,4,Behind Her Eyes,TV Show,Yes,"Feb 17, 2021",20,135,tt9698442,Behind Her Eyes,"Drama,Mystery,Thriller",7.2,89214
2021-03-09,8,5,-,The Dark Knight,Movie,,"Mar 1, 2021",4,14,tt0468569,The Dark Knight,"Action,Crime,Drama",9.1,3104007
2021-03-09,9,-,8,Good Girls,TV Show,,"Jan 1, 2019",18,107,tt6474378,Good Girls,"Comedy,Crime,Drama",7.7,66524
2021-03-09,10,6,-,Moxie,Movie,Yes,"Mar 3, 2021",6,32,tt6432466,Moxie,"Comedy,Drama",6.7,30313
2021-03-10,1,1,1,Ginny & Georgia,TV Show,Yes,"Feb 24, 2021",14,136,tt10813940,Ginny & Georgia,"Comedy,Drama",7.5,103481
2021-03-10,2,2,-,Murder Among the Mormons,TV Show,Yes,"Mar 3, 2021",7,63,tt13987620,Murder Among the Mormons,"Crime,Documentary,History",7.0,7768
2021-03-10,3,3,5,iCarly,TV Show,,"Feb 8, 2021",30,202,tt0972534,iCarly,"Comedy,Family,Romance",6.8,48772
2021-03-10,4,6,9,Cocomelon,TV Show,,"Jun 1, 2020",141,405,tt12427840,Cocomelon,"Adventure,Animation,Family",3.6,1419
2021-03-10,5,4,-,Training Day,Movie,,"Mar 1, 2021",6,29,tt0139654,Training Day,"Crime,Drama,Thriller",7.8,507428
2021-03-10,6,-,-,Parker,Movie,,"Mar 4, 2021",1,5,tt1904996,Parker,"Action,Crime,Thriller",6.2,134747
2021-03-10,7,7,4,Behind Her Eyes,TV Show,Yes,"Feb 17, 2021",21,139,tt9698442,Behind Her Eyes,"Drama,Mystery,Thriller",7.2,89214
2021-03-10,8,8,-,The Dark Knight,Movie,,"Mar 1, 2021",5,17,tt0468569,The Dark Knight,"Action,Crime,Drama",9.1,3104007
2021-03-10,9,9,6,Good Girls,TV Show,,"Jan 1, 2019",19,109,tt6474378,Good Girls,"Comedy,Crime,Drama",7.7,66524
2021-03-10,10,10,-,Moxie,Movie,Yes,"Mar 3, 2021",7,33,tt6432466,Moxie,"Comedy,Drama",6.7,30313
2021-03-11,1,1,1,Ginny & Georgia,TV Show,Yes,"Feb 24, 2021",15,146,tt10813940,Ginny & Georgia,"Comedy,Drama",7.5,103481
2021-03-11,2,-,-,Last Chance U: Basketball,TV Show,Yes,"Mar 10, 2021",1,9,tt13087512,Last Chance U: Basketball,"Documentary,Sport",8.3,3790
2021-03-11,3,3,5,iCarly,TV Show,,"Feb 8, 2021",31,210,tt0972534,iCarly,"Comedy,Family,Romance",6.8,48772
2021-03-11,4,4,9,Cocomelon,TV Show,,"Jun 1, 2020",142,412,tt12427840,Cocomelon,"Adventure,Animation,Family",3.6,1419
2021-03-11,5,6,-,Parker,Movie,,"Mar 4, 2021",2,11,tt1904996,Parker,"Action,Crime,Thriller",6.2,134747
2021-03-11,6,2,2,Murder Among the Mormons,TV Show,Yes,"Mar 3, 2021",8,68,tt13987620,Murder Among the Mormons,"Crime,Documentary,History",7.0,7768
2021-03-11,7,7,6,Behind Her Eyes,TV Show,Yes,"Feb 17, 2021",22,143,tt9698442,Behind Her Eyes,"Drama,Mystery,Thriller",7.2,89214
2021-03-11,8,9,8,Good Girls,TV Show,,"Jan 1, 2019",20,112,tt6474378,Good Girls,"Comedy,Crime,Drama",7.7,66524
2021-03-11,9,8,-,The Dark Knight,Movie,,"Mar 1, 2021",6,19,tt0468569,The Dark Knight,"Action,Crime,Drama",9.1,3104007
2021-03-11,10,5,-,Training Day,Movie,,"Mar 1, 2021",7,30,tt0139654,Training Day,"Crime,Drama,Thriller",7.8,507428
2021-03-12,1,1,1,Ginny & Georgia,TV Show,Yes,"Feb 24, 2021",16,156,tt10813940,Ginny & Georgia,"Comedy,Drama",7.5,103481
2021-03-12,2,2,-,Last Chance U: Basketball,TV Show,Yes,"Mar 10, 2021",2,18,tt13087512,Last Chance U: Basketball,"Documentary,Sport",8.3,3790
2021-03-12,3,3,5,iCarly,TV Show,,"Feb 8, 2021",32,218,tt0972534,iCarly,"Comedy,Family,Romance",6.8,48772
2021-03-12,4,4,8,Cocomelon,TV Show,,"Jun 1, 2020",143,419,tt12427840,Cocomelon,"Adventure,Animation,Family",3.6,1419
2021-03-12,5,5,-,Parker,Movie,,"Mar 4, 2021",3,17,tt1904996,Parker,"Action,Crime,Thriller",6.2,134747
2021-03-12,6,-,-,Marriage or Mortgage,TV Show,Yes,"Mar 10, 2021",1,5,tt14037542,Marriage or Mortgage,Reality-TV,5.3,517
2021-03-12,7,7,6,Behind Her Eyes,TV Show,Yes,"Feb 17, 2021",23,147,tt9698442,Behind Her Eyes,"Drama,Mystery,Thriller",7.2,89214
2021-03-12,8,8,9,Good Girls,TV Show,,"Jan 1, 2019",21,115,tt6474378,Good Girls,"Comedy,Crime,Drama",7.7,66524
2021-03-12,9,6,2,Murder Among the Mormons,TV Show,Yes,"Mar 3, 2021",9,70,tt13987620,Murder Among the Mormons,"Crime,Documentary,History",7.0,7768
2021-03-12,10,9,-,The Dark Knight,Movie,,"Mar 1, 2021",7,20,tt0468569,The Dark Knight,"Action,Crime,Drama",9.1,3104007
2021-03-13,1,1,1,Ginny & Georgia,TV Show,Yes,"Feb 24, 2021",17,166,tt10813940,Ginny & Georgia,"Comedy,Drama",7.5,103481
2021-03-13,2,2,-,Last Chance U: Basketball,TV Show,Yes,"Mar 10, 2021",3,27,tt13087512,Last Chance U: Basketball,"Documentary,Sport",8.3,3790
2021-03-13,3,3,6,iCarly,TV Show,,"Feb 8, 2021",33,226,tt0972534,iCarly,"Comedy,Family,Romance",6.8,48772
2021-03-13,4,4,9,Cocomelon,TV Show,,"Jun 1, 2020",144,426,tt12427840,Cocomelon,"Adventure,Animation,Family",3.6,1419
2021-03-13,5,5,-,Parker,Movie,,"Mar 4, 2021",4,23,tt1904996,Parker,"Action,Crime,Thriller",6.2,134747
2021-03-13,6,6,-,Marriage or Mortgage,TV Show,Yes,"Mar 10, 2021",2,10,tt14037542,Marriage or Mortgage,Reality-TV,5.3,517
2021-03-13,7,7,7,Behind Her Eyes,TV Show,Yes,"Feb 17, 2021",24,151,tt9698442,Behind Her Eyes,"Drama,Mystery,Thriller",7.2,89214
2021-03-13,8,8,-,Good Girls,TV Show,,"Jan 1, 2019",22,118,tt6474378,Good Girls,"Comedy,Crime,Drama",7.7,66524
2021-03-13,9,9,2,Murder Among the Mormons,TV Show,Yes,"Mar 3, 2021",10,72,tt13987620,Murder Among the Mormons,"Crime,Documentary,History",7.0,7768
2021-03-13,10,10,10,The Dark Knight,Movie,,"Mar 1, 2021",8,21,tt0468569,The Dark Knight,"Action,Crime,Drama",9.1,3104007
2021-03-14,1,-,-,Yes Day,Movie,Yes,"Mar 12, 2021",1,10,tt8521876,Yes Day,"Comedy,Family",5.7,33895
2021-03-14,2,1,1,Ginny & Georgia,TV Show,Yes,"Feb 24, 2021",18,175,tt10813940,Ginny & Georgia,"Comedy,Drama",7.5,103481
2021-03-14,3,-,-,The One,TV Show,Yes,"Mar 12, 2021",1,8,tt0267804,The One,"Action,Sci-Fi,Thriller",5.9,99028
2021-03-14,4,2,-,Last Chance U: Basketball,TV Show,Yes,"Mar 10, 2021",4,34,tt13087512,Last Chance U: Basketball,"Documentary,Sport",8.3,3790
2021-03-14,5,5,-,Parker,Movie,,"Mar 4, 2021",5,29,tt1904996,Parker,"Action,Crime,Thriller",6.2,134747
2021-03-14,6,6,-,Marriage or Mortgage,TV Show,Yes,"Mar 10, 2021",3,15,tt14037542,Marriage or Mortgage,Reality-TV,5.3,517
2021-03-14,7,4,-,Cocomelon,TV Show,,"Jun 1, 2020",145,430,tt12427840,Cocomelon,"Adventure,Animation,Family",3.6,1419
2021-03-14,8,3,9,iCarly,TV Show,,"Feb 8, 2021",34,229,tt0972534,iCarly,"Comedy,Family,Romance",6.8,48772
2021-03-14,9,-,-,Paradise PD,TV Show,Yes,"Aug 31, 2018",1,2,tt8235236,Paradise PD,"Action,Animation,Comedy",6.8,23535
2021-03-14,10,7,8,Behind Her Eyes,TV Show,Yes,"Feb 17, 2021",25,152,tt9698442,Behind Her Eyes,"Drama,Mystery,Thriller",7.2,89214
2021-03-15,1,1,-,Yes Day,Movie,Yes,"Mar 12, 2021",2,20,tt8521876,Yes Day,"Comedy,Family",5.7,33895
2021-03-15,2,2,1,Ginny & Georgia,TV Show,Yes,"Feb 24, 2021",19,184,tt10813940,Ginny & Georgia,"Comedy,Drama",7.5,103481
2021-03-15,3,3,-,The One,TV Show,Yes,"Mar 12, 2021",2,16,tt0267804,The One,"Action,Sci-Fi,Thriller",5.9,99028
2021-03-15,4,4,-,Last Chance U: Basketball,TV Show,Yes,"Mar 10, 2021",5,41,tt13087512,Last Chance U: Basketball,"Documentary,Sport",8.3,3790
2021-03-15,5,5,-,Parker,Movie,,"Mar 4, 2021",6,35,tt1904996,Parker,"Action,Crime,Thriller",6.2,134747
2021-03-15,6,6,-,Marriage or Mortgage,TV Show,Yes,"Mar 10, 2021",4,20,tt14037542,Marriage or Mortgage,Reality-TV,5.3,517
2021-03-15,7,7,-,Cocomelon,TV Show,,"Jun 1, 2020",146,434,tt12427840,Cocomelon,"Adventure,Animation,Family",3.6,1419
2021-03-15,8,9,-,Paradise PD,TV Show,Yes,"Aug 31, 2018",2,5,tt8235236,Paradise PD,"Action,Animation,Comedy",6.8,23535
2021-03-15,9,10,7,Behind Her Eyes,TV Show,Yes,"Feb 17, 2021",26,154,tt9698442,Behind Her Eyes,"Drama,Mystery,Thriller",7.2,89214
2021-03-15,10,8,9,iCarly,TV Show,,"Feb 8, 2021",35,230,tt0972534,iCarly,"Comedy,Family,Romance",6.8,48772
2021-03-16,1,1,-,Yes Day,Movie,Yes,"Mar 12, 2021",3,30,tt8521876,Yes Day,"Comedy,Family",5.7,33895
2021-03-16,2,2,1,Ginny & Georgia,TV Show,Yes,"Feb 24, 2021",20,193,tt10813940,Ginny & Georgia,"Comedy,Drama",7.5,103481
2021-03-16,3,3,-,The One,TV Show,Yes,"Mar 12, 2021",3,24,tt0267804,The One,"Action,Sci-Fi,Thriller",5.9,99028
2021-03-16,4,-,-,The Lost Pirate Kingdom,TV Show,Yes,"Mar 15, 2021",1,7,tt14057360,The Lost Pirate Kingdom,"Adventure,Documentary,Drama",6.6,3743
2021-03-16,5,4,-,Last Chance U: Basketball,TV Show,Yes,"Mar 10, 2021",6,47,tt13087512,Last Chance U: Basketball,"Documentary,Sport",8.3,3790
2021-03-16,6,7,6,Cocomelon,TV Show,,"Jun 1, 2020",147,439,tt12427840,Cocomelon,"Adventure,Animation,Family",3.6,1419
2021-03-16,7,10,3,iCarly,TV Show,,"Feb 8, 2021",36,234,tt0972534,iCarly,"Comedy,Family,Romance",6.8,48772
2021-03-16,8,6,-,Marriage or Mortgage,TV Show,Yes,"Mar 10, 2021",5,23,tt14037542,Marriage or Mortgage,Reality-TV,5.3,517
2021-03-16,9,8,-,Paradise PD,TV Show,Yes,"Aug 31, 2018",3,7,tt8235236,Paradise PD,"Action,Animation,Comedy",6.8,23535
2021-03-16,10,5,-,Parker,Movie,,"Mar 4, 2021",7,36,tt1904996,Parker,"Action,Crime,Thriller",6.2,134747
2021-03-17,1,1,-,Yes Day,Movie,Yes,"Mar 12, 2021",4,40,tt8521876,Yes Day,"Comedy,Family",5.7,33895
2021-03-17,2,2,1,Ginny & Georgia,TV Show,Yes,"Feb 24, 2021",21,202,tt10813940,Ginny & Georgia,"Comedy,Drama",7.5,103481
2021-03-17,3,3,-,The One,TV Show,Yes,"Mar 12, 2021",4,32,tt0267804,The One,"Action,Sci-Fi,Thriller",5.9,99028
2021-03-17,4,4,-,The Lost Pirate Kingdom,TV Show,Yes,"Mar 15, 2021",2,14,tt14057360,The Lost Pirate Kingdom,"Adventure,Documentary,Drama",6.6,3743
2021-03-17,5,-,-,Savages,Movie,,"Mar 16, 2021",1,6,tt1615065,Savages,"Crime,Drama,Thriller",6.4,137902
2021-03-17,6,5,-,Last Chance U: Basketball,TV Show,Yes,"Mar 10, 2021",7,52,tt13087512,Last Chance U: Basketball,"Documentary,Sport",8.3,3790
2021-03-17,7,6,4,Cocomelon,TV Show,,"Jun 1, 2020",148,443,tt12427840,Cocomelon,"Adventure,Animation,Family",3.6,1419
2021-03-17,8,7,3,iCarly,TV Show,,"Feb 8, 2021",37,237,tt0972534,iCarly,"Comedy,Family,Romance",6.8,48772
2021-03-17,9,8,-,Marriage or Mortgage,TV Show,Yes,"Mar 10, 2021",6,25,tt14037542,Marriage or Mortgage,Reality-TV,5.3,517
2021-03-17,10,9,-,Paradise PD,TV Show,Yes,"Aug 31, 2018",4,8,tt8235236,Paradise PD,"Action,Animation,Comedy",6.8,23535
2021-03-18,1,1,-,Yes Day,Movie,Yes,"Mar 12, 2021",5,50,tt8521876,Yes Day,"Comedy,Family",5.7,33895
2021-03-18,2,2,1,Ginny & Georgia,TV Show,Yes,"Feb 24, 2021",22,211,tt10813940,Ginny & Georgia,"Comedy,Drama",7.5,103481
2021-03-18,3,4,-,The Lost Pirate Kingdom,TV Show,Yes,"Mar 15, 2021",3,22,tt14057360,The Lost Pirate Kingdom,"Adventure,Documentary,Drama",6.6,3743
2021-03-18,4,5,-,Savages,Movie,,"Mar 16, 2021",2,13,tt1615065,Savages,"Crime,Drama,Thriller",6.4,137902
2021-03-18,5,3,-,The One,TV Show,Yes,"Mar 12, 2021",5,38,tt0267804,The One,"Action,Sci-Fi,Thriller",5.9,99028
2021-03-18,6,-,-,Operation Varsity Blues,Movie,Yes,"Mar 17, 2021",1,5,tt14111734,Operation Varsity Blues,"Crime,Documentary,Drama",6.9,9304
2021-03-18,7,7,4,Cocomelon,TV Show,,"Jun 1, 2020",149,447,tt12427840,Cocomelon,"Adventure,Animation,Family",3.6,1419
2021-03-18,8,6,2,Last Chance U: Basketball,TV Show,Yes,"Mar 10, 2021",8,55,tt13087512,Last Chance U: Basketball,"Documentary,Sport",8.3,3790
2021-03-18,9,8,3,iCarly,TV Show,,"Feb 8, 2021",38,239,tt0972534,iCarly,"Comedy,Family,Romance",6.8,48772
2021-03-18,10,-,-,The Last Blockbuster,Movie,,"Mar 15, 2021",1,1,tt8704802,The Last Blockbuster,Documentary,6.7,6288
2021-03-19,1,1,-,Yes Day,Movie,Yes,"Mar 12, 2021",6,60,tt8521876,Yes Day,"Comedy,Family",5.7,33895
2021-03-19,2,2,1,Ginny & Georgia,TV Show,Yes,"Feb 24, 2021",23,220,tt10813940,Ginny & Georgia,"Comedy,Drama",7.5,103481
2021-03-19,3,4,-,Savages,Movie,,"Mar 16, 2021",3,21,tt1615065,Savages,"Crime,Drama,Thriller",6.4,137902
2021-03-19,4,3,-,The Lost Pirate Kingdom,TV Show,Yes,"Mar 15, 2021",4,29,tt14057360,The Lost Pirate Kingdom,"Adventure,Documentary,Drama",6.6,3743
2021-03-19,5,-,-,Deadly Illusions,Movie,Yes,"Mar 18, 2021",1,6,tt7897330,Deadly Illusions,"Crime,Drama,Mystery",3.8,14312
2021-03-19,6,5,-,The One,TV Show,Yes,"Mar 12, 2021",6,43,tt0267804,The One,"Action,Sci-Fi,Thriller",5.9,99028
2021-03-19,7,6,-,Operation Varsity Blues,Movie,Yes,"Mar 17, 2021",2,9,tt14111734,Operation Varsity Blues,"Crime,Documentary,Drama",6.9,9304
2021-03-19,8,7,4,Cocomelon,TV Show,,"Jun 1, 2020",150,450,tt12427840,Cocomelon,"Adventure,Animation,Family",3.6,1419
2021-03-19,9,10,-,The Last Blockbuster,Movie,,"Mar 15, 2021",2,3,tt8704802,The Last Blockbuster,Documentary,6.7,6288
2021-03-19,10,9,3,iCarly,TV Show,,"Feb 8, 2021",39,240,tt0972534,iCarly,"Comedy,Family,Romance",6.8,48772
2021-03-20,1,1,-,Yes Day,Movie,Yes,"Mar 12, 2021",7,70,tt8521876,Yes Day,"Comedy,Family",5.7,33895
2021-03-20,2,5,-,Deadly Illusions,Movie,Yes,"Mar 18, 2021",2,15,tt7897330,Deadly Illusions,"Crime,Drama,Mystery",3.8,14312
2021-03-20,3,3,-,Savages,Movie,,"Mar 16, 2021",4,29,tt1615065,Savages,"Crime,Drama,Thriller",6.4,137902
2021-03-20,4,2,1,Ginny & Georgia,TV Show,Yes,"Feb 24, 2021",24,227,tt10813940,Ginny & Georgia,"Comedy,Drama",7.5,103481
2021-03-20,5,7,-,Operation Varsity Blues,Movie,Yes,"Mar 17, 2021",3,15,tt14111734,Operation Varsity Blues,"Crime,Documentary,Drama",6.9,9304
2021-03-20,6,6,-,The One,TV Show,Yes,"Mar 12, 2021",7,48,tt0267804,The One,"Action,Sci-Fi,Thriller",5.9,99028
2021-03-20,7,4,-,The Lost Pirate Kingdom,TV Show,Yes,"Mar 15, 2021",5,33,tt14057360,The Lost Pirate Kingdom,"Adventure,Documentary,Drama",6.6,3743
2021-03-20,8,8,4,Cocomelon,TV Show,,"Jun 1, 2020",151,453,tt12427840,Cocomelon,"Adventure,Animation,Family",3.6,1419
2021-03-20,9,-,-,Skylines,Movie,,"Mar 18, 2021",1,2,tt9387250,Skylines,"Action,Adventure,Sci-Fi",4.8,10039
2021-03-20,10,9,-,The Last Blockbuster,Movie,,"Mar 15, 2021",3,4,tt8704802,The Last Blockbuster,Documentary,6.7,6288
2021-03-21,1,1,1,Yes Day,Movie,Yes,"Mar 12, 2021",8,80,tt8521876,Yes Day,"Comedy,Family",5.7,33895
2021-03-21,2,2,-,Deadly Illusions,Movie,Yes,"Mar 18, 2021",3,24,tt7897330,Deadly Illusions,"Crime,Drama,Mystery",3.8,14312
2021-03-21,3,3,-,Savages,Movie,,"Mar 16, 2021",5,37,tt1615065,Savages,"Crime,Drama,Thriller",6.4,137902
2021-03-21,4,4,2,Ginny & Georgia,TV Show,Yes,"Feb 24, 2021",25,234,tt10813940,Ginny & Georgia,"Comedy,Drama",7.5,103481
2021-03-21,5,5,-,Operation Varsity Blues,Movie,Yes,"Mar 17, 2021",4,21,tt14111734,Operation Varsity Blues,"Crime,Documentary,Drama",6.9,9304
2021-03-21,6,6,3,The One,TV Show,Yes,"Mar 12, 2021",8,53,tt0267804,The One,"Action,Sci-Fi,Thriller",5.9,99028
2021-03-21,7,7,-,The Lost Pirate Kingdom,TV Show,Yes,"Mar 15, 2021",6,37,tt14057360,The Lost Pirate Kingdom,"Adventure,Documentary,Drama",6.6,3743
2021-03-21,8,8,7,Cocomelon,TV Show,,"Jun 1, 2020",152,456,tt12427840,Cocomelon,"Adventure,Animation,Family",3.6,1419
2021-03-21,9,9,-,Skylines,Movie,,"Mar 18, 2021",2,4,tt9387250,Skylines,"Action,Adventure,Sci-Fi",4.8,10039
2021-03-21,10,10,-,The Last Blockbuster,Movie,,"Mar 15, 2021",4,5,tt8704802,The Last Blockbuster,Documentary,6.7,6288
2021-03-22,1,2,-,Deadly Illusions,Movie,Yes,"Mar 18, 2021",4,34,tt7897330,Deadly Illusions,"Crime,Drama,Mystery",3.8,14312
2021-03-22,2,5,-,Operation Varsity Blues,Movie,Yes,"Mar 17, 2021",5,30,tt14111734,Operation Varsity Blues,"Crime,Documentary,Drama",6.9,9304
2021-03-22,3,1,1,Yes Day,Movie,Yes,"Mar 12, 2021",9,88,tt8521876,Yes Day,"Comedy,Family",5.7,33895
2021-03-22,4,4,2,Ginny & Georgia,TV Show,Yes,"Feb 24, 2021",26,241,tt10813940,Ginny & Georgia,"Comedy,Drama",7.5,103481
2021-03-22,5,3,-,Savages,Movie,,"Mar 16, 2021",6,43,tt1615065,Savages,"Crime,Drama,Thriller",6.4,137902
2021-03-22,6,-,-,Jiu Jitsu,Movie,,"Mar 20, 2021",1,5,tt9624766,Jiu Jitsu,"Action,Sci-Fi,Thriller",2.9,11193
2021-03-22,7,9,-,Skylines,Movie,,"Mar 18, 2021",3,8,tt9387250,Skylines,"Action,Adventure,Sci-Fi",4.8,10039
2021-03-22,8,6,3,The One,TV Show,Yes,"Mar 12, 2021",9,56,tt0267804,The One,"Action,Sci-Fi,Thriller",5.9,99028
2021-03-22,9,-,-,Country Comfort,TV Show,Yes,"Mar 19, 2021",1,2,tt11717394,Country Comfort,"Comedy,Drama,Family",6.8,4588
2021-03-22,10,10,-,The Last Blockbuster,Movie,,"Mar 15, 2021",5,6,tt8704802,The Last Blockbuster,Documentary,6.7,6288
2021-03-23,1,1,-,Deadly Illusions,Movie,Yes,"Mar 18, 2021",5,44,tt7897330,Deadly Illusions,"Crime,Drama,Mystery",3.8,14312
2021-03-23,2,4,2,Ginny & Georgia,TV Show,Yes,"Feb 24, 2021",27,250,tt10813940,Ginny & Georgia,"Comedy,Drama",7.5,103481
2021-03-23,3,2,-,Operation Varsity Blues,Movie,Yes,"Mar 17, 2021",6,38,tt14111734,Operation Varsity Blues,"Crime,Documentary,Drama",6.9,9304
2021-03-23,4,3,1,Yes Day,Movie,Yes,"Mar 12, 2021",10,95,tt8521876,Yes Day,"Comedy,Family",5.7,33895
2021-03-23,5,6,-,Jiu Jitsu,Movie,,"Mar 20, 2021",2,11,tt9624766,Jiu Jitsu,"Action,Sci-Fi,Thriller",2.9,11193
2021-03-23,6,5,-,Savages,Movie,,"Mar 16, 2021",7,48,tt1615065,Savages,"Crime,Drama,Thriller",6.4,137902
2021-03-23,7,9,-,Country Comfort,TV Show,Yes,"Mar 19, 2021",2,6,tt11717394,Country Comfort,"Comedy,Drama,Family",6.8,4588
2021-03-23,8,-,6,Cocomelon,TV Show,,"Jun 1, 2020",153,459,tt12427840,Cocomelon,"Adventure,Animation,Family",3.6,1419
2021-03-23,9,8,3,The One,TV Show,Yes,"Mar 12, 2021",10,58,tt0267804,The One,"Action,Sci-Fi,Thriller",5.9,99028
2021-03-23,10,7,-,Skylines,Movie,,"Mar 18, 2021",4,9,tt9387250,Skylines,"Action,Adventure,Sci-Fi",4.8,10039
2021-03-24,1,1,-,Deadly Illusions,Movie,Yes,"Mar 18, 2021",6,54,tt7897330,Deadly Illusions,"Crime,Drama,Mystery",3.8,14312
2021-03-24,2,2,2,Ginny & Georgia,TV Show,Yes,"Feb 24, 2021",28,259,tt10813940,Ginny & Georgia,"Comedy,Drama",7.5,103481
2021-03-24,3,3,-,Operation Varsity Blues,Movie,Yes,"Mar 17, 2021",7,46,tt14111734,Operation Varsity Blues,"Crime,Documentary,Drama",6.9,9304
2021-03-24,4,4,1,Yes Day,Movie,Yes,"Mar 12, 2021",11,102,tt8521876,Yes Day,"Comedy,Family",5.7,33895
2021-03-24,5,6,5,Savages,Movie,,"Mar 16, 2021",8,54,tt1615065,Savages,"Crime,Drama,Thriller",6.4,137902
2021-03-24,6,7,-,Country Comfort,TV Show,Yes,"Mar 19, 2021",3,11,tt11717394,Country Comfort,"Comedy,Drama,Family",6.8,4588
2021-03-24,7,8,7,Cocomelon,TV Show,,"Jun 1, 2020",154,463,tt12427840,Cocomelon,"Adventure,Animation,Family",3.6,1419
2021-03-24,8,5,-,Jiu Jitsu,Movie,,"Mar 20, 2021",3,14,tt9624766,Jiu Jitsu,"Action,Sci-Fi,Thriller",2.9,11193
2021-03-24,9,9,3,The One,TV Show,Yes,"Mar 12, 2021",11,60,tt0267804,The One,"Action,Sci-Fi,Thriller",5.9,99028
2021-03-24,10,-,8,iCarly,TV Show,,"Feb 8, 2021",40,241,tt0972534,iCarly,"Comedy,Family,Romance",6.8,48772
2021-03-25,1,2,2,Ginny & Georgia,TV Show,Yes,"Feb 24, 2021",29,269,tt10813940,Ginny & Georgia,"Comedy,Drama",7.5,103481
2021-03-25,2,1,-,Deadly Illusions,Movie,Yes,"Mar 18, 2021",7,63,tt7897330,Deadly Illusions,"Crime,Drama,Mystery",3.8,14312
2021-03-25,3,3,6,Operation Varsity Blues,Movie,Yes,"Mar 17, 2021",8,54,tt14111734,Operation Varsity Blues,"Crime,Documentary,Drama",6.9,9304
2021-03-25,4,7,7,Cocomelon,TV Show,,"Jun 1, 2020",155,470,tt12427840,Cocomelon,"Adventure,Animation,Family",3.6,1419
2021-03-25,5,6,-,Country Comfort,TV Show,Yes,"Mar 19, 2021",4,17,tt11717394,Country Comfort,"Comedy,Drama,Family",6.8,4588
2021-03-25,6,4,1,Yes Day,Movie,Yes,"Mar 12, 2021",12,107,tt8521876,Yes Day,"Comedy,Family",5.7,33895
2021-03-25,7,9,5,The One,TV Show,Yes,"Mar 12, 2021",12,64,tt0267804,The One,"Action,Sci-Fi,Thriller",5.9,99028
2021-03-25,8,5,4,Savages,Movie,,"Mar 16, 2021",9,57,tt1615065,Savages,"Crime,Drama,Thriller",6.4,137902
2021-03-25,9,8,-,Jiu Jitsu,Movie,,"Mar 20, 2021",4,16,tt9624766,Jiu Jitsu,"Action,Sci-Fi,Thriller",2.9,11193
2021-03-25,10,10,9,iCarly,TV Show,,"Feb 8, 2021",41,242,tt0972534,iCarly,"Comedy,Family,Romance",6.8,48772
2021-03-26,1,1,2,Ginny & Georgia,TV Show,Yes,"Feb 24, 2021",30,279,tt10813940,Ginny & Georgia,"Comedy,Drama",7.5,103481
2021-03-26,2,-,-,Who Killed Sara?,TV Show,Yes,"Mar 24, 2021",1,9,tt11937816,Who Killed Sara?,"Crime,Drama,Mystery",6.4,17262
2021-03-26,3,2,5,Deadly Illusions,Movie,Yes,"Mar 18, 2021",8,71,tt7897330,Deadly Illusions,"Crime,Drama,Mystery",3.8,14312
2021-03-26,4,4,8,Cocomelon,TV Show,,"Jun 1, 2020",156,477,tt12427840,Cocomelon,"Adventure,Animation,Family",3.6,1419
2021-03-26,5,3,7,Operation Varsity Blues,Movie,Yes,"Mar 17, 2021",9,60,tt14111734,Operation Varsity Blues,"Crime,Documentary,Drama",6.9,9304
2021-03-26,6,5,-,Country Comfort,TV Show,Yes,"Mar 19, 2021",5,22,tt11717394,Country Comfort,"Comedy,Drama,Family",6.8,4588
2021-03-26,7,6,1,Yes Day,Movie,Yes,"Mar 12, 2021",13,111,tt8521876,Yes Day,"Comedy,Family",5.7,33895
2021-03-26,8,7,6,The One,TV Show,Yes,"Mar 12, 2021",13,67,tt0267804,The One,"Action,Sci-Fi,Thriller",5.9,99028
2021-03-26,9,10,10,iCarly,TV Show,,"Feb 8, 2021",42,244,tt0972534,iCarly,"Comedy,Family,Romance",6.8,48772
2021-03-26,10,-,-,Seaspiracy,Movie,Yes,"Mar 24, 2021",1,1,tt14152756,Seaspiracy,"Adventure,Documentary",8.1,35333
2021-03-27,1,2,-,Who Killed Sara?,TV Show,Yes,"Mar 24, 2021",2,19,tt11937816,Who Killed Sara?,"Crime,Drama,Mystery",6.4,17262
2021-03-27,2,1,4,Ginny & Georgia,TV Show,Yes,"Feb 24, 2021",31,288,tt10813940,Ginny & Georgia,"Comedy,Drama",7.5,103481
2021-03-27,3,4,8,Cocomelon,TV Show,,"Jun 1, 2020",157,485,tt12427840,Cocomelon,"Adventure,Animation,Family",3.6,1419
2021-03-27,4,7,1,Yes Day,Movie,Yes,"Mar 12, 2021",14,118,tt8521876,Yes Day,"Comedy,Family",5.7,33895
2021-03-27,5,3,2,Deadly Illusions,Movie,Yes,"Mar 18, 2021",9,77,tt7897330,Deadly Illusions,"Crime,Drama,Mystery",3.8,14312
2021-03-27,6,-,-,Secret Magic Control Agency,Movie,Yes,"Mar 25, 2021",1,5,tt13932162,Secret Magic Control Agency,"Adventure,Animation,Comedy",6.2,5175
2021-03-27,7,10,-,Seaspiracy,Movie,Yes,"Mar 24, 2021",2,5,tt14152756,Seaspiracy,"Adventure,Documentary",8.1,35333
2021-03-27,8,5,5,Operation Varsity Blues,Movie,Yes,"Mar 17, 2021",10,63,tt14111734,Operation Varsity Blues,"Crime,Documentary,Drama",6.9,9304
2021-03-27,9,-,-,Nailed It!,TV Show,Yes,"Mar 9, 2018",11,35,tt6987788,Nailed It!,"Game-Show,Reality-TV",7.4,5672
2021-03-27,10,6,-,Country Comfort,TV Show,Yes,"Mar 19, 2021",6,23,tt11717394,Country Comfort,"Comedy,Drama,Family",6.8,4588
2021-03-28,1,-,-,Bad Trip,Movie,,"Mar 26, 2021",1,10,tt9684220,Bad Trip,Comedy,6.5,28692
2021-03-28,2,6,-,Secret Magic Control Agency,Movie,Yes,"Mar 25, 2021",2,14,tt13932162,Secret Magic Control Agency,"Adventure,Animation,Comedy",6.2,5175
2021-03-28,3,4,1,Yes Day,Movie,Yes,"Mar 12, 2021",15,126,tt8521876,Yes Day,"Comedy,Family",5.7,33895
2021-03-28,4,-,-,A Week Away,Movie,Yes,"Mar 26, 2021",1,7,tt11388278,A Week Away,"Drama,Family,Musical",5.8,5921
2021-03-28,5,7,-,Seaspiracy,Movie,Yes,"Mar 24, 2021",3,11,tt14152756,Seaspiracy,"Adventure,Documentary",8.1,35333
2021-03-28,6,5,2,Deadly Illusions,Movie,Yes,"Mar 18, 2021",10,82,tt7897330,Deadly Illusions,"Crime,Drama,Mystery",3.8,14312
2021-03-28,7,8,5,Operation Varsity Blues,Movie,Yes,"Mar 17, 2021",11,67,tt14111734,Operation Varsity Blues,"Crime,Documentary,Drama",6.9,9304
2021-03-28,8,-,3,Savages,Movie,,"Mar 16, 2021",10,60,tt1615065,Savages,"Crime,Drama,Thriller",6.4,137902
2021-03-28,9,-,-,The Secret Life of Pets 2,Movie,,"Dec 27, 2019",1,2,tt5113040,The Secret Life of Pets 2,"Adventure,Animation,Comedy",6.4,76310
2021-03-28,10,-,-,The BFG,Movie,,"Mar 15, 2021",1,1,tt3691740,The BFG,"Adventure,Family,Fantasy",6.3,98138
2021-03-29,1,1,-,Bad Trip,Movie,,"Mar 26, 2021",2,20,tt9684220,Bad Trip,Comedy,6.5,28692
2021-03-29,2,-,-,Who Killed Sara?,TV Show,Yes,"Mar 24, 2021",3,28,tt11937816,Who Killed Sara?,"Crime,Drama,Mystery",6.4,17262
2021-03-29,3,-,-,The Irregulars,TV Show,Yes,"Mar 26, 2021",1,8,tt10893694,The Irregulars,"Crime,Drama,Fantasy",6.1,18399
2021-03-29,4,2,-,Secret Magic Control Agency,Movie,Yes,"Mar 25, 2021",3,21,tt13932162,Secret Magic Control Agency,"Adventure,Animation,Comedy",6.2,5175
2021-03-29,5,-,4,Ginny & Georgia,TV Show,Yes,"Feb 24, 2021",32,294,tt10813940,Ginny & Georgia,"Comedy,Drama",7.5,103481
2021-03-29,6,5,-,Seaspiracy,Movie,Yes,"Mar 24, 2021",4,16,tt14152756,Seaspiracy,"Adventure,Documentary",8.1,35333
2021-03-29,7,-,-,Nailed It!,TV Show,Yes,"Mar 9, 2018",12,39,tt6987788,Nailed It!,"Game-Show,Reality-TV",7.4,5672
2021-03-29,8,-,-,Cocomelon,TV Show,,"Jun 1, 2020",158,488,tt12427840,Cocomelon,"Adventure,Animation,Family",3.6,1419
2021-03-29,9,4,-,A Week Away,Movie,Yes,"Mar 26, 2021",2,9,tt11388278,A Week Away,"Drama,Family,Musical",5.8,5921
2021-03-29,10,-,-,Big Time Rush,TV Show,,"Mar 26, 2021",1,1,tt1131746,Big Time Rush,"Comedy,Drama,Family",6.6,15896
2021-03-30,1,1,-,Bad Trip,Movie,,"Mar 26, 2021",3,30,tt9684220,Bad Trip,Comedy,6.5,28692
2021-03-30,2,2,-,Who Killed Sara?,TV Show,Yes,"Mar 24, 2021",4,37,tt11937816,Who Killed Sara?,"Crime,Drama,Mystery",6.4,17262
2021-03-30,3,3,-,The Irregulars,TV Show,Yes,"Mar 26, 2021",2,16,tt10893694,The Irregulars,"Crime,Drama,Fantasy",6.1,18399
2021-03-30,4,5,2,Ginny & Georgia,TV Show,Yes,"Feb 24, 2021",33,301,tt10813940,Ginny & Georgia,"Comedy,Drama",7.5,103481
2021-03-30,5,4,-,Secret Magic Control Agency,Movie,Yes,"Mar 25, 2021",4,27,tt13932162,Secret Magic Control Agency,"Adventure,Animation,Comedy",6.2,5175
2021-03-30,6,10,-,Big Time Rush,TV Show,,"Mar 26, 2021",2,6,tt1131746,Big Time Rush,"Comedy,Drama,Family",6.6,15896
2021-03-30,7,8,8,Cocomelon,TV Show,,"Jun 1, 2020",159,492,tt12427840,Cocomelon,"Adventure,Animation,Family",3.6,1419
2021-03-30,8,7,-,Nailed It!,TV Show,Yes,"Mar 9, 2018",13,42,tt6987788,Nailed It!,"Game-Show,Reality-TV",7.4,5672
2021-03-30,9,6,-,Seaspiracy,Movie,Yes,"Mar 24, 2021",5,18,tt14152756,Seaspiracy,"Adventure,Documentary",8.1,35333
2021-03-30,10,9,-,A Week Away,Movie,Yes,"Mar 26, 2021",3,10,tt11388278,A Week Away,"Drama,Family,Musical",5.8,5921
2021-03-31,1,1,-,Bad Trip,Movie,,"Mar 26, 2021",4,40,tt9684220,Bad Trip,Comedy,6.5,28692
2021-03-31,2,2,-,Who Killed Sara?,TV Show,Yes,"Mar 24, 2021",5,46,tt11937816,Who Killed Sara?,"Crime,Drama,Mystery",6.4,17262
2021-03-31,3,3,-,The Irregulars,TV Show,Yes,"Mar 26, 2021",3,24,tt10893694,The Irregulars,"Crime,Drama,Fantasy",6.1,18399
2021-03-31,4,4,2,Ginny & Georgia,TV Show,Yes,"Feb 24, 2021",34,308,tt10813940,Ginny & Georgia,"Comedy,Drama",7.5,103481
2021-03-31,5,5,-,Secret Magic Control Agency,Movie,Yes,"Mar 25, 2021",5,33,tt13932162,Secret Magic Control Agency,"Adventure,Animation,Comedy",6.2,5175
2021-03-31,6,6,-,Big Time Rush,TV Show,,"Mar 26, 2021",3,11,tt1131746,Big Time Rush,"Comedy,Drama,Family",6.6,15896
2021-03-31,7,7,7,Cocomelon,TV Show,,"Jun 1, 2020",160,496,tt12427840,Cocomelon,"Adventure,Animation,Family",3.6,1419
2021-03-31,8,8,-,Nailed It!,TV Show,Yes,"Mar 9, 2018",14,45,tt6987788,Nailed It!,"Game-Show,Reality-TV",7.4,5672
2021-03-31,9,9,-,Seaspiracy,Movie,Yes,"Mar 24, 2021",6,20,tt14152756,Seaspiracy,"Adventure,Documentary",8.1,35333
2021-03-31,10,10,-,A Week Away,Movie,Yes,"Mar 26, 2021",4,11,tt11388278,A Week Away,"Drama,Family,Musical",5.8,5921
2021-04-01,1,2,-,Who Killed Sara?,TV Show,Yes,"Mar 24, 2021",6,56,tt11937816,Who Killed Sara?,"Crime,Drama,Mystery",6.4,17262
2021-04-01,2,1,-,Bad Trip,Movie,,"Mar 26, 2021",5,49,tt9684220,Bad Trip,Comedy,6.5,28692
2021-04-01,3,3,-,The Irregulars,TV Show,Yes,"Mar 26, 2021",4,32,tt10893694,The Irregulars,"Crime,Drama,Fantasy",6.1,18399
2021-04-01,4,4,1,Ginny & Georgia,TV Show,Yes,"Feb 24, 2021",35,315,tt10813940,Ginny & Georgia,"Comedy,Drama",7.5,103481
2021-04-01,5,5,-,Secret Magic Control Agency,Movie,Yes,"Mar 25, 2021",6,39,tt13932162,Secret Magic Control Agency,"Adventure,Animation,Comedy",6.2,5175
2021-04-01,6,6,-,Big Time Rush,TV Show,,"Mar 26, 2021",4,16,tt1131746,Big Time Rush,"Comedy,Drama,Family",6.6,15896
2021-04-01,7,7,4,Cocomelon,TV Show,,"Jun 1, 2020",161,500,tt12427840,Cocomelon,"Adventure,Animation,Family",3.6,1419
2021-04-01,8,9,-,Seaspiracy,Movie,Yes,"Mar 24, 2021",7,23,tt14152756,Seaspiracy,"Adventure,Documentary",8.1,35333
2021-04-01,9,8,-,Nailed It!,TV Show,Yes,"Mar 9, 2018",15,47,tt6987788,Nailed It!,"Game-Show,Reality-TV",7.4,5672
2021-04-01,10,-,-,Octonauts & The Ring of Fire,Movie,Yes,"Mar 30, 2021",1,1,,,,,
2021-04-02,1,1,2,Who Killed Sara?,TV Show,Yes,"Mar 24, 2021",7,66,tt11937816,Who Killed Sara?,"Crime,Drama,Mystery",6.4,17262
2021-04-02,2,2,-,Bad Trip,Movie,,"Mar 26, 2021",6,58,tt9684220,Bad Trip,Comedy,6.5,28692
2021-04-02,3,3,-,The Irregulars,TV Show,Yes,"Mar 26, 2021",5,40,tt10893694,The Irregulars,"Crime,Drama,Fantasy",6.1,18399
2021-04-02,4,4,1,Ginny & Georgia,TV Show,Yes,"Feb 24, 2021",36,322,tt10813940,Ginny & Georgia,"Comedy,Drama",7.5,103481
2021-04-02,5,7,4,Cocomelon,TV Show,,"Jun 1, 2020",162,506,tt12427840,Cocomelon,"Adventure,Animation,Family",3.6,1419
2021-04-02,6,-,-,Friends with Benefits,Movie,,"Apr 1, 2021",1,5,tt1632708,Friends with Benefits,"Comedy,Romance",6.5,415208
2021-04-02,7,5,-,Secret Magic Control Agency,Movie,Yes,"Mar 25, 2021",7,43,tt13932162,Secret Magic Control Agency,"Adventure,Animation,Comedy",6.2,5175
2021-04-02,8,6,-,Big Time Rush,TV Show,,"Mar 26, 2021",5,19,tt1131746,Big Time Rush,"Comedy,Drama,Family",6.6,15896
2021-04-02,9,10,-,Octonauts & The Ring of Fire,Movie,Yes,"Mar 30, 2021",2,3,,,,,
2021-04-02,10,8,10,Seaspiracy,Movie,Yes,"Mar 24, 2021",8,24,tt14152756,Seaspiracy,"Adventure,Documentary",8.1,35333
2021-04-03,1,1,1,Who Killed Sara?,TV Show,Yes,"Mar 24, 2021",8,76,tt11937816,Who Killed Sara?,"Crime,Drama,Mystery",6.4,17262
2021-04-03,2,2,-,Bad Trip,Movie,,"Mar 26, 2021",7,67,tt9684220,Bad Trip,Comedy,6.5,28692
2021-04-03,3,-,-,Concrete Cowboy,Movie,Yes,"Apr 2, 2021",1,8,tt8846176,Concrete Cowboy,"Drama,Western",6.3,10296
2021-04-03,4,3,-,The Irregulars,TV Show,Yes,"Mar 26, 2021",6,47,tt10893694,The Irregulars,"Crime,Drama,Fantasy",6.1,18399
2021-04-03,5,-,-,Hasta el cielo,Movie,Yes,"Apr 2, 2021",1,6,,,,,
2021-04-03,6,6,-,Friends with Benefits,Movie,,"Apr 1, 2021",2,10,tt1632708,Friends with Benefits,"Comedy,Romance",6.5,415208
2021-04-03,7,-,-,Worn Stories,TV Show,Yes,"Apr 1, 2021",1,4,tt14177168,Worn Stories,Documentary,6.7,366
2021-04-03,8,4,2,Ginny & Georgia,TV Show,Yes,"Feb 24, 2021",37,325,tt10813940,Ginny & Georgia,"Comedy,Drama",7.5,103481
2021-04-03,9,5,3,Cocomelon,TV Show,,"Jun 1, 2020",163,508,tt12427840,Cocomelon,"Adventure,Animation,Family",3.6,1419
2021-04-03,10,7,6,Secret Magic Control Agency,Movie,Yes,"Mar 25, 2021",8,44,tt13932162,Secret Magic Control Agency,"Adventure,Animation,Comedy",6.2,5175
2021-04-04,1,1,-,Who Killed Sara?,TV Show,Yes,"Mar 24, 2021",9,86,tt11937816,Who Killed Sara?,"Crime,Drama,Mystery",6.4,17262
2021-04-04,2,3,-,Concrete Cowboy,Movie,Yes,"Apr 2, 2021",2,17,tt8846176,Concrete Cowboy,"Drama,Western",6.3,10296
2021-04-04,3,6,-,Friends with Benefits,Movie,,"Apr 1, 2021",3,18,tt1632708,Friends with Benefits,"Comedy,Romance",6.5,415208
2021-04-04,4,2,1,Bad Trip,Movie,,"Mar 26, 2021",8,74,tt9684220,Bad Trip,Comedy,6.5,28692
2021-04-04,5,7,-,Worn Stories,TV Show,Yes,"Apr 1, 2021",2,10,tt14177168,Worn Stories,Documentary,6.7,366
2021-04-04,6,4,-,The Irregulars,TV Show,Yes,"Mar 26, 2021",7,52,tt10893694,The Irregulars,"Crime,Drama,Fantasy",6.1,18399
2021-04-04,7,-,-,The Serpent,TV Show,Yes,"Apr 2, 2021",1,4,tt7985576,The Serpent,"Crime,Drama,Thriller",7.6,53837
2021-04-04,8,-,-,White Boy,Movie,,"Apr 1, 2021",1,3,tt5635638,White Boy,"Crime,Documentary",7.1,2399
2021-04-04,9,9,-,Cocomelon,TV Show,,"Jun 1, 2020",164,510,tt12427840,Cocomelon,"Adventure,Animation,Family",3.6,1419
2021-04-04,10,5,-,Hasta el cielo,Movie,Yes,"Apr 2, 2021",2,7,,,,,
2021-04-05,1,1,2,Who Killed Sara?,TV Show,Yes,"Mar 24, 2021",10,96,tt11937816,Who Killed Sara?,"Crime,Drama,Mystery",6.4,17262
2021-04-05,2,2,-,Concrete Cowboy,Movie,Yes,"Apr 2, 2021",3,26,tt8846176,Concrete Cowboy,"Drama,Western",6.3,10296
2021-04-05,3,-,-,What Lies Below,Movie,,"Apr 4, 2021",1,8,tt9264728,What Lies Below,"Drama,Horror,Mystery",4.4,9040
2021-04-05,4,3,-,Friends with Benefits,Movie,,"Apr 1, 2021",4,25,tt1632708,Friends with Benefits,"Comedy,Romance",6.5,415208
2021-04-05,5,-,-,Hop,Movie,,"Jan 16, 2020",2,10,tt1411704,Hop,"Adventure,Animation,Comedy",5.4,39873
2021-04-05,6,7,-,The Serpent,TV Show,Yes,"Apr 2, 2021",2,9,tt7985576,The Serpent,"Crime,Drama,Thriller",7.6,53837
2021-04-05,7,4,1,Bad Trip,Movie,,"Mar 26, 2021",9,78,tt9684220,Bad Trip,Comedy,6.5,28692
2021-04-05,8,6,3,The Irregulars,TV Show,Yes,"Mar 26, 2021",8,55,tt10893694,The Irregulars,"Crime,Drama,Fantasy",6.1,18399
2021-04-05,9,8,-,White Boy,Movie,,"Apr 1, 2021",2,5,tt5635638,White Boy,"Crime,Documentary",7.1,2399
2021-04-05,10,-,-,Sniper: Ghost Shooter,Movie,,"Apr 1, 2021",1,1,tt5090828,Sniper: Ghost Shooter,"Action,Drama,Thriller",5.4,6121
2021-04-06,1,3,-,What Lies Below,Movie,,"Apr 4, 2021",2,18,tt9264728,What Lies Below,"Drama,Horror,Mystery",4.4,9040
2021-04-06,2,1,2,Who Killed Sara?,TV Show,Yes,"Mar 24, 2021",11,105,tt11937816,Who Killed Sara?,"Crime,Drama,Mystery",6.4,17262
2021-04-06,3,2,-,Concrete Cowboy,Movie,Yes,"Apr 2, 2021",4,34,tt8846176,Concrete Cowboy,"Drama,Western",6.3,10296
2021-04-06,4,4,-,Friends with Benefits,Movie,,"Apr 1, 2021",5,32,tt1632708,Friends with Benefits,"Comedy,Romance",6.5,415208
2021-04-06,5,6,-,The Serpent,TV Show,Yes,"Apr 2, 2021",3,15,tt7985576,The Serpent,"Crime,Drama,Thriller",7.6,53837
2021-04-06,6,-,-,Family Reunion,TV Show,Yes,"Jul 10, 2019",1,5,tt9153270,Family Reunion,"Comedy,Drama,Family",6.6,3937
2021-04-06,7,10,-,Sniper: Ghost Shooter,Movie,,"Apr 1, 2021",2,5,tt5090828,Sniper: Ghost Shooter,"Action,Drama,Thriller",5.4,6121
2021-04-06,8,-,7,Cocomelon,TV Show,,"Jun 1, 2020",165,513,tt12427840,Cocomelon,"Adventure,Animation,Family",3.6,1419
2021-04-06,9,-,-,Saving Private Ryan,Movie,,"Apr 1, 2021",1,2,tt0120815,Saving Private Ryan,"Drama,War",8.6,1608656
2021-04-06,10,-,4,Ginny & Georgia,TV Show,Yes,"Feb 24, 2021",38,326,tt10813940,Ginny & Georgia,"Comedy,Drama",7.5,103481
2021-04-07,1,1,-,What Lies Below,Movie,,"Apr 4, 2021",3,28,tt9264728,What Lies Below,"Drama,Horror,Mystery",4.4,9040
2021-04-07,2,2,2,Who Killed Sara?,TV Show,Yes,"Mar 24, 2021",12,114,tt11937816,Who Killed Sara?,"Crime,Drama,Mystery",6.4,17262
2021-04-07,3,5,-,The Serpent,TV Show,Yes,"Apr 2, 2021",4,23,tt7985576,The Serpent,"Crime,Drama,Thriller",7.6,53837
2021-04-07,4,3,-,Concrete Cowboy,Movie,Yes,"Apr 2, 2021",5,41,tt8846176,Concrete Cowboy,"Drama,Western",6.3,10296
2021-04-07,5,6,-,Family Reunion,TV Show,Yes,"Jul 10, 2019",2,11,tt9153270,Family Reunion,"Comedy,Drama,Family",6.6,3937
2021-04-07,6,4,-,Friends with Benefits,Movie,,"Apr 1, 2021",6,37,tt1632708,Friends with Benefits,"Comedy,Romance",6.5,415208
2021-04-07,7,7,-,Sniper: Ghost Shooter,Movie,,"Apr 1, 2021",3,9,tt5090828,Sniper: Ghost Shooter,"Action,Drama,Thriller",5.4,6121
2021-04-07,8,9,-,Saving Private Ryan,Movie,,"Apr 1, 2021",2,5,tt0120815,Saving Private Ryan,"Drama,War",8.6,1608656
2021-04-07,9,-,-,Legally Blonde,Movie,Yes,"Apr 1, 2021",1,2,tt0250494,Legally Blonde,"Comedy,Romance",6.5,276447
2021-04-07,10,8,7,Cocomelon,TV Show,,"Jun 1, 2020",166,514,tt12427840,Cocomelon,"Adventure,Animation,Family",3.6,1419
2021-04-08,1,1,-,What Lies Below,Movie,,"Apr 4, 2021",4,38,tt9264728,What Lies Below,"Drama,Horror,Mystery",4.4,9040
2021-04-08,2,2,1,Who Killed Sara?,TV Show,Yes,"Mar 24, 2021",13,123,tt11937816,Who Killed Sara?,"Crime,Drama,Mystery",6.4,17262
2021-04-08,3,3,-,The Serpent,TV Show,Yes,"Apr 2, 2021",5,31,tt7985576,The Serpent,"Crime,Drama,Thriller",7.6,53837
2021-04-08,4,4,-,Concrete Cowboy,Movie,Yes,"Apr 2, 2021",6,48,tt8846176,Concrete Cowboy,"Drama,Western",6.3,10296
2021-04-08,5,5,-,Family Reunion,TV Show,Yes,"Jul 10, 2019",3,17,tt9153270,Family Reunion,"Comedy,Drama,Family",6.6,3937
2021-04-08,6,8,-,Saving Private Ryan,Movie,,"Apr 1, 2021",3,10,tt0120815,Saving Private Ryan,"Drama,War",8.6,1608656
2021-04-08,7,10,7,Cocomelon,TV Show,,"Jun 1, 2020",167,518,tt12427840,Cocomelon,"Adventure,Animation,Family",3.6,1419
2021-04-08,8,7,-,Sniper: Ghost Shooter,Movie,,"Apr 1, 2021",4,12,tt5090828,Sniper: Ghost Shooter,"Action,Drama,Thriller",5.4,6121
2021-04-08,9,9,-,Legally Blonde,Movie,Yes,"Apr 1, 2021",2,4,tt0250494,Legally Blonde,"Comedy,Romance",6.5,276447
2021-04-08,10,6,-,Friends with Benefits,Movie,,"Apr 1, 2021",7,38,tt1632708,Friends with Benefits,"Comedy,Romance",6.5,415208
2021-04-09,1,2,1,Who Killed Sara?,TV Show,Yes,"Mar 24, 2021",14,133,tt11937816,Who Killed Sara?,"Crime,Drama,Mystery",6.4,17262
2021-04-09,2,1,-,What Lies Below,Movie,,"Apr 4, 2021",5,47,tt9264728,What Lies Below,"Drama,Horror,Mystery",4.4,9040
2021-04-09,3,-,-,This is a Robbery: The Worl…,TV Show,Yes,"Apr 7, 2021",1,8,,,,,
2021-04-09,4,3,-,The Serpent,TV Show,Yes,"Apr 2, 2021",6,38,tt7985576,The Serpent,"Crime,Drama,Thriller",7.6,53837
2021-04-09,5,7,5,Cocomelon,TV Show,,"Jun 1, 2020",168,524,tt12427840,Cocomelon,"Adventure,Animation,Family",3.6,1419
2021-04-09,6,4,-,Concrete Cowboy,Movie,Yes,"Apr 2, 2021",7,53,tt8846176,Concrete Cowboy,"Drama,Western",6.3,10296
2021-04-09,7,5,-,Family Reunion,TV Show,Yes,"Jul 10, 2019",4,21,tt9153270,Family Reunion,"Comedy,Drama,Family",6.6,3937
2021-04-09,8,6,-,Saving Private Ryan,Movie,,"Apr 1, 2021",4,13,tt0120815,Saving Private Ryan,"Drama,War",8.6,1608656
2021-04-09,9,9,-,Legally Blonde,Movie,Yes,"Apr 1, 2021",3,6,tt0250494,Legally Blonde,"Comedy,Romance",6.5,276447
2021-04-09,10,8,-,Sniper: Ghost Shooter,Movie,,"Apr 1, 2021",5,13,tt5090828,Sniper: Ghost Shooter,"Action,Drama,Thriller",5.4,6121
2021-04-10,1,-,-,Thunder Force,Movie,Yes,"Apr 9, 2021",1,10,tt10121392,Thunder Force,"Action,Adventure,Comedy",4.6,47866
2021-04-10,2,1,1,Who Killed Sara?,TV Show,Yes,"Mar 24, 2021",15,142,tt11937816,Who Killed Sara?,"Crime,Drama,Mystery",6.4,17262
2021-04-10,3,3,-,This is a Robbery: The Worl…,TV Show,Yes,"Apr 7, 2021",2,16,,,,,
2021-04-10,4,2,-,What Lies Below,Movie,,"Apr 4, 2021",6,54,tt9264728,What Lies Below,"Drama,Horror,Mystery",4.4,9040
2021-04-10,5,4,-,The Serpent,TV Show,Yes,"Apr 2, 2021",7,44,tt7985576,The Serpent,"Crime,Drama,Thriller",7.6,53837
2021-04-10,6,5,9,Cocomelon,TV Show,,"Jun 1, 2020",169,529,tt12427840,Cocomelon,"Adventure,Animation,Family",3.6,1419
2021-04-10,7,-,-,The Little Rascals,Movie,,"Apr 2, 2021",1,4,tt0110366,The Little Rascals,"Comedy,Family,Romance",6.3,60357
2021-04-10,8,6,3,Concrete Cowboy,Movie,Yes,"Apr 2, 2021",8,56,tt8846176,Concrete Cowboy,"Drama,Western",6.3,10296
2021-04-10,9,9,-,Legally Blonde,Movie,Yes,"Apr 1, 2021",4,8,tt0250494,Legally Blonde,"Comedy,Romance",6.5,276447
2021-04-10,10,7,-,Family Reunion,TV Show,Yes,"Jul 10, 2019",5,22,tt9153270,Family Reunion,"Comedy,Drama,Family",6.6,3937
2021-04-11,1,1,-,Thunder Force,Movie,Yes,"Apr 9, 2021",2,20,tt10121392,Thunder Force,"Action,Adventure,Comedy",4.6,47866
2021-04-11,2,3,-,This is a Robbery: The Worl…,TV Show,Yes,"Apr 7, 2021",3,25,,,,,
2021-04-11,3,2,1,Who Killed Sara?,TV Show,Yes,"Mar 24, 2021",16,150,tt11937816,Who Killed Sara?,"Crime,Drama,Mystery",6.4,17262
2021-04-11,4,7,-,The Little Rascals,Movie,,"Apr 2, 2021",2,11,tt0110366,The Little Rascals,"Comedy,Family,Romance",6.3,60357
2021-04-11,5,5,7,The Serpent,TV Show,Yes,"Apr 2, 2021",8,50,tt7985576,The Serpent,"Crime,Drama,Thriller",7.6,53837
2021-04-11,6,4,-,What Lies Below,Movie,,"Apr 4, 2021",7,59,tt9264728,What Lies Below,"Drama,Horror,Mystery",4.4,9040
2021-04-11,7,6,9,Cocomelon,TV Show,,"Jun 1, 2020",170,533,tt12427840,Cocomelon,"Adventure,Animation,Family",3.6,1419
2021-04-11,8,8,2,Concrete Cowboy,Movie,Yes,"Apr 2, 2021",9,59,tt8846176,Concrete Cowboy,"Drama,Western",6.3,10296
2021-04-11,9,9,-,Legally Blonde,Movie,Yes,"Apr 1, 2021",5,10,tt0250494,Legally Blonde,"Comedy,Romance",6.5,276447
2021-04-11,10,-,-,Sniper: Ghost Shooter,Movie,,"Apr 1, 2021",6,14,tt5090828,Sniper: Ghost Shooter,"Action,Drama,Thriller",5.4,6121
2021-04-12,1,1,-,Thunder Force,Movie,Yes,"Apr 9, 2021",3,30,tt10121392,Thunder Force,"Action,Adventure,Comedy",4.6,47866
2021-04-12,2,2,-,This is a Robbery: The Worl…,TV Show,Yes,"Apr 7, 2021",4,34,,,,,
2021-04-12,3,3,1,Who Killed Sara?,TV Show,Yes,"Mar 24, 2021",17,158,tt11937816,Who Killed Sara?,"Crime,Drama,Mystery",6.4,17262
2021-04-12,4,4,-,The Little Rascals,Movie,,"Apr 2, 2021",3,18,tt0110366,The Little Rascals,"Comedy,Family,Romance",6.3,60357
2021-04-12,5,5,6,The Serpent,TV Show,Yes,"Apr 2, 2021",9,56,tt7985576,The Serpent,"Crime,Drama,Thriller",7.6,53837
2021-04-12,6,10,10,Sniper: Ghost Shooter,Movie,,"Apr 1, 2021",7,19,tt5090828,Sniper: Ghost Shooter,"Action,Drama,Thriller",5.4,6121
2021-04-12,7,7,-,Cocomelon,TV Show,,"Jun 1, 2020",171,537,tt12427840,Cocomelon,"Adventure,Animation,Family",3.6,1419
2021-04-12,8,9,-,Legally Blonde,Movie,Yes,"Apr 1, 2021",6,13,tt0250494,Legally Blonde,"Comedy,Romance",6.5,276447
2021-04-12,9,6,3,What Lies Below,Movie,,"Apr 4, 2021",8,61,tt9264728,What Lies Below,"Drama,Horror,Mystery",4.4,9040
2021-04-12,10,8,2,Concrete Cowboy,Movie,Yes,"Apr 2, 2021",10,60,tt8846176,Concrete Cowboy,"Drama,Western",6.3,10296
2021-04-13,1,1,-,Thunder Force,Movie,Yes,"Apr 9, 2021",4,40,tt10121392,Thunder Force,"Action,Adventure,Comedy",4.6,47866
2021-04-13,2,2,-,This is a Robbery: The Worl…,TV Show,Yes,"Apr 7, 2021",5,43,,,,,
2021-04-13,3,3,2,Who Killed Sara?,TV Show,Yes,"Mar 24, 2021",18,166,tt11937816,Who Killed Sara?,"Crime,Drama,Mystery",6.4,17262
2021-04-13,4,5,5,The Serpent,TV Show,Yes,"Apr 2, 2021",10,63,tt7985576,The Serpent,"Crime,Drama,Thriller",7.6,53837
2021-04-13,5,4,-,The Little Rascals,Movie,,"Apr 2, 2021",4,24,tt0110366,The Little Rascals,"Comedy,Family,Romance",6.3,60357
2021-04-13,6,-,-,The Stand-In,Movie,,"Apr 10, 2021",1,5,tt0697786,The Stand-In,Comedy,7.6,3941
2021-04-13,7,7,8,Cocomelon,TV Show,,"Jun 1, 2020",172,541,tt12427840,Cocomelon,"Adventure,Animation,Family",3.6,1419
2021-04-13,8,-,-,"Nicky, Ricky, Dicky & Dawn",TV Show,,"Apr 12, 2021",1,3,tt3596176,"Nicky, Ricky, Dicky & Dawn","Comedy,Family",5.5,4171
2021-04-13,9,-,10,Ginny & Georgia,TV Show,Yes,"Feb 24, 2021",39,328,tt10813940,Ginny & Georgia,"Comedy,Drama",7.5,103481
2021-04-13,10,6,7,Sniper: Ghost Shooter,Movie,,"Apr 1, 2021",8,20,tt5090828,Sniper: Ghost Shooter,"Action,Drama,Thriller",5.4,6121
2021-04-14,1,1,-,Thunder Force,Movie,Yes,"Apr 9, 2021",5,50,tt10121392,Thunder Force,"Action,Adventure,Comedy",4.6,47866
2021-04-14,2,2,-,This is a Robbery: The Worl…,TV Show,Yes,"Apr 7, 2021",6,52,,,,,
2021-04-14,3,3,2,Who Killed Sara?,TV Show,Yes,"Mar 24, 2021",19,174,tt11937816,Who Killed Sara?,"Crime,Drama,Mystery",6.4,17262
2021-04-14,4,4,3,The Serpent,TV Show,Yes,"Apr 2, 2021",11,70,tt7985576,The Serpent,"Crime,Drama,Thriller",7.6,53837
2021-04-14,5,8,-,"Nicky, Ricky, Dicky & Dawn",TV Show,,"Apr 12, 2021",2,9,tt3596176,"Nicky, Ricky, Dicky & Dawn","Comedy,Family",5.5,4171
2021-04-14,6,7,10,Cocomelon,TV Show,,"Jun 1, 2020",173,546,tt12427840,Cocomelon,"Adventure,Animation,Family",3.6,1419
2021-04-14,7,6,-,The Stand-In,Movie,,"Apr 10, 2021",2,9,tt0697786,The Stand-In,Comedy,7.6,3941
2021-04-14,8,5,-,The Little Rascals,Movie,,"Apr 2, 2021",5,27,tt0110366,The Little Rascals,"Comedy,Family,Romance",6.3,60357
2021-04-14,9,9,-,Ginny & Georgia,TV Show,Yes,"Feb 24, 2021",40,330,tt10813940,Ginny & Georgia,"Comedy,Drama",7.5,103481
2021-04-14,10,10,7,Sniper: Ghost Shooter,Movie,,"Apr 1, 2021",9,21,tt5090828,Sniper: Ghost Shooter,"Action,Drama,Thriller",5.4,6121
2021-04-15,1,1,-,Thunder Force,Movie,Yes,"Apr 9, 2021",6,60,tt10121392,Thunder Force,"Action,Adventure,Comedy",4.6,47866
2021-04-15,2,-,-,Dad Stop Embarrassing Me!,TV Show,Yes,"Apr 14, 2021",1,9,tt13018090,Dad Stop Embarrassing Me!,"Comedy,Family",4.3,2470
2021-04-15,3,-,-,Why Did You Kill Me?,Movie,Yes,"Apr 14, 2021",1,8,tt14318430,Why Did You Kill Me?,"Crime,Documentary",5.6,5087
2021-04-15,4,-,-,The Circle US,TV Show,Yes,"Jan 1, 2020",1,7,,,,,
2021-04-15,5,3,2,Who Killed Sara?,TV Show,Yes,"Mar 24, 2021",20,180,tt11937816,Who Killed Sara?,"Crime,Drama,Mystery",6.4,17262
2021-04-15,6,2,-,This is a Robbery: The Worl…,TV Show,Yes,"Apr 7, 2021",7,57,,,,,
2021-04-15,7,6,7,Cocomelon,TV Show,,"Jun 1, 2020",174,550,tt12427840,Cocomelon,"Adventure,Animation,Family",3.6,1419
2021-04-15,8,4,3,The Serpent,TV Show,Yes,"Apr 2, 2021",12,73,tt7985576,The Serpent,"Crime,Drama,Thriller",7.6,53837
2021-04-15,9,5,-,"Nicky, Ricky, Dicky & Dawn",TV Show,,"Apr 12, 2021",3,11,tt3596176,"Nicky, Ricky, Dicky & Dawn","Comedy,Family",5.5,4171
2021-04-15,10,8,-,The Little Rascals,Movie,,"Apr 2, 2021",6,28,tt0110366,The Little Rascals,"Comedy,Family,Romance",6.3,60357
2021-04-16,1,2,-,Dad Stop Embarrassing Me!,TV Show,Yes,"Apr 14, 2021",2,19,tt13018090,Dad Stop Embarrassing Me!,"Comedy,Family",4.3,2470
2021-04-16,2,3,-,Why Did You Kill Me?,Movie,Yes,"Apr 14, 2021",2,17,tt14318430,Why Did You Kill Me?,"Crime,Documentary",5.6,5087
2021-04-16,3,1,-,Thunder Force,Movie,Yes,"Apr 9, 2021",7,68,tt10121392,Thunder Force,"Action,Adventure,Comedy",4.6,47866
2021-04-16,4,4,-,The Circle US,TV Show,Yes,"Jan 1, 2020",2,14,,,,,
2021-04-16,5,-,-,The Baker and the Beauty,TV Show,,"Apr 13, 2021",1,6,tt9164986,The Baker and the Beauty,"Comedy,Drama,Romance",7.3,5082
2021-04-16,6,7,5,Cocomelon,TV Show,,"Jun 1, 2020",175,555,tt12427840,Cocomelon,"Adventure,Animation,Family",3.6,1419
2021-04-16,7,5,1,Who Killed Sara?,TV Show,Yes,"Mar 24, 2021",21,184,tt11937816,Who Killed Sara?,"Crime,Drama,Mystery",6.4,17262
2021-04-16,8,9,-,"Nicky, Ricky, Dicky & Dawn",TV Show,,"Apr 12, 2021",4,14,tt3596176,"Nicky, Ricky, Dicky & Dawn","Comedy,Family",5.5,4171
2021-04-16,9,8,4,The Serpent,TV Show,Yes,"Apr 2, 2021",13,75,tt7985576,The Serpent,"Crime,Drama,Thriller",7.6,53837
2021-04-16,10,6,3,This is a Robbery: The Worl…,TV Show,Yes,"Apr 7, 2021",8,58,,,,,
2021-04-17,1,1,-,Dad Stop Embarrassing Me!,TV Show,Yes,"Apr 14, 2021",3,29,tt13018090,Dad Stop Embarrassing Me!,"Comedy,Family",4.3,2470
2021-04-17,2,2,-,Why Did You Kill Me?,Movie,Yes,"Apr 14, 2021",3,26,tt14318430,Why Did You Kill Me?,"Crime,Documentary",5.6,5087
2021-04-17,3,3,1,Thunder Force,Movie,Yes,"Apr 9, 2021",8,76,tt10121392,Thunder Force,"Action,Adventure,Comedy",4.6,47866
2021-04-17,4,4,-,The Circle US,TV Show,Yes,"Jan 1, 2020",3,21,,,,,
2021-04-17,5,5,-,The Baker and the Beauty,TV Show,,"Apr 13, 2021",2,12,tt9164986,The Baker and the Beauty,"Comedy,Drama,Romance",7.3,5082
2021-04-17,6,6,6,Cocomelon,TV Show,,"Jun 1, 2020",176,560,tt12427840,Cocomelon,"Adventure,Animation,Family",3.6,1419
2021-04-17,7,7,2,Who Killed Sara?,TV Show,Yes,"Mar 24, 2021",22,188,tt11937816,Who Killed Sara?,"Crime,Drama,Mystery",6.4,17262
2021-04-17,8,8,-,"Nicky, Ricky, Dicky & Dawn",TV Show,,"Apr 12, 2021",5,17,tt3596176,"Nicky, Ricky, Dicky & Dawn","Comedy,Family",5.5,4171
2021-04-17,9,9,5,The Serpent,TV Show,Yes,"Apr 2, 2021",14,77,tt7985576,The Serpent,"Crime,Drama,Thriller",7.6,53837
2021-04-17,10,10,3,This is a Robbery: The Worl…,TV Show,Yes,"Apr 7, 2021",9,59,,,,,
2021-04-18,1,-,-,Synchronic,Movie,,"Apr 16, 2021",1,10,tt9016974,Synchronic,"Drama,Horror,Mystery",6.2,45199
2021-04-18,2,1,-,Dad Stop Embarrassing Me!,TV Show,Yes,"Apr 14, 2021",4,38,tt13018090,Dad Stop Embarrassing Me!,"Comedy,Family",4.3,2470
2021-04-18,3,3,1,Thunder Force,Movie,Yes,"Apr 9, 2021",9,84,tt10121392,Thunder Force,"Action,Adventure,Comedy",4.6,47866
2021-04-18,4,2,-,Why Did You Kill Me?,Movie,Yes,"Apr 14, 2021",4,33,tt14318430,Why Did You Kill Me?,"Crime,Documentary",5.6,5087
2021-04-18,5,5,-,The Baker and the Beauty,TV Show,,"Apr 13, 2021",3,18,tt9164986,The Baker and the Beauty,"Comedy,Drama,Romance",7.3,5082
2021-04-18,6,4,-,The Circle US,TV Show,Yes,"Jan 1, 2020",4,26,,,,,
2021-04-18,7,6,7,Cocomelon,TV Show,,"Jun 1, 2020",177,564,tt12427840,Cocomelon,"Adventure,Animation,Family",3.6,1419
2021-04-18,8,-,4,The Little Rascals,Movie,,"Apr 2, 2021",7,31,tt0110366,The Little Rascals,"Comedy,Family,Romance",6.3,60357
2021-04-18,9,7,3,Who Killed Sara?,TV Show,Yes,"Mar 24, 2021",23,190,tt11937816,Who Killed Sara?,"Crime,Drama,Mystery",6.4,17262
2021-04-18,10,8,-,"Nicky, Ricky, Dicky & Dawn",TV Show,,"Apr 12, 2021",6,18,tt3596176,"Nicky, Ricky, Dicky & Dawn","Comedy,Family",5.5,4171
2021-04-19,1,1,-,Synchronic,Movie,,"Apr 16, 2021",2,20,tt9016974,Synchronic,"Drama,Horror,Mystery",6.2,45199
2021-04-19,2,5,-,The Baker and the Beauty,TV Show,,"Apr 13, 2021",4,27,tt9164986,The Baker and the Beauty,"Comedy,Drama,Romance",7.3,5082
2021-04-19,3,2,-,Dad Stop Embarrassing Me!,TV Show,Yes,"Apr 14, 2021",5,46,tt13018090,Dad Stop Embarrassing Me!,"Comedy,Family",4.3,2470
2021-04-19,4,3,1,Thunder Force,Movie,Yes,"Apr 9, 2021",10,91,tt10121392,Thunder Force,"Action,Adventure,Comedy",4.6,47866
2021-04-19,5,4,-,Why Did You Kill Me?,Movie,Yes,"Apr 14, 2021",5,39,tt14318430,Why Did You Kill Me?,"Crime,Documentary",5.6,5087
2021-04-19,6,6,-,The Circle US,TV Show,Yes,"Jan 1, 2020",5,31,,,,,
2021-04-19,7,7,7,Cocomelon,TV Show,,"Jun 1, 2020",178,568,tt12427840,Cocomelon,"Adventure,Animation,Family",3.6,1419
2021-04-19,8,9,3,Who Killed Sara?,TV Show,Yes,"Mar 24, 2021",24,193,tt11937816,Who Killed Sara?,"Crime,Drama,Mystery",6.4,17262
2021-04-19,9,10,-,"Nicky, Ricky, Dicky & Dawn",TV Show,,"Apr 12, 2021",7,20,tt3596176,"Nicky, Ricky, Dicky & Dawn","Comedy,Family",5.5,4171
2021-04-19,10,-,5,The Serpent,TV Show,Yes,"Apr 2, 2021",15,78,tt7985576,The Serpent,"Crime,Drama,Thriller",7.6,53837
2021-04-20,1,1,-,Synchronic,Movie,,"Apr 16, 2021",3,30,tt9016974,Synchronic,"Drama,Horror,Mystery",6.2,45199
2021-04-20,2,2,-,The Baker and the Beauty,TV Show,,"Apr 13, 2021",5,36,tt9164986,The Baker and the Beauty,"Comedy,Drama,Romance",7.3,5082
2021-04-20,3,3,-,Dad Stop Embarrassing Me!,TV Show,Yes,"Apr 14, 2021",6,54,tt13018090,Dad Stop Embarrassing Me!,"Comedy,Family",4.3,2470
2021-04-20,4,6,-,The Circle US,TV Show,Yes,"Jan 1, 2020",6,38,,,,,
2021-04-20,5,5,-,Why Did You Kill Me?,Movie,Yes,"Apr 14, 2021",6,45,tt14318430,Why Did You Kill Me?,"Crime,Documentary",5.6,5087
2021-04-20,6,7,7,Cocomelon,TV Show,,"Jun 1, 2020",179,573,tt12427840,Cocomelon,"Adventure,Animation,Family",3.6,1419
2021-04-20,7,4,1,Thunder Force,Movie,Yes,"Apr 9, 2021",11,95,tt10121392,Thunder Force,"Action,Adventure,Comedy",4.6,47866
2021-04-20,8,8,3,Who Killed Sara?,TV Show,Yes,"Mar 24, 2021",25,196,tt11937816,Who Killed Sara?,"Crime,Drama,Mystery",6.4,17262
2021-04-20,9,9,8,"Nicky, Ricky, Dicky & Dawn",TV Show,,"Apr 12, 2021",8,22,tt3596176,"Nicky, Ricky, Dicky & Dawn","Comedy,Family",5.5,4171
2021-04-20,10,10,4,The Serpent,TV Show,Yes,"Apr 2, 2021",16,79,tt7985576,The Serpent,"Crime,Drama,Thriller",7.6,53837
2021-04-21,1,2,-,The Baker and the Beauty,TV Show,,"Apr 13, 2021",6,46,tt9164986,The Baker and the Beauty,"Comedy,Drama,Romance",7.3,5082
2021-04-21,2,1,-,Synchronic,Movie,,"Apr 16, 2021",4,39,tt9016974,Synchronic,"Drama,Horror,Mystery",6.2,45199
2021-04-21,3,6,6,Cocomelon,TV Show,,"Jun 1, 2020",180,581,tt12427840,Cocomelon,"Adventure,Animation,Family",3.6,1419
2021-04-21,4,3,-,Dad Stop Embarrassing Me!,TV Show,Yes,"Apr 14, 2021",7,61,tt13018090,Dad Stop Embarrassing Me!,"Comedy,Family",4.3,2470
2021-04-21,5,4,-,The Circle US,TV Show,Yes,"Jan 1, 2020",7,44,,,,,
2021-04-21,6,7,1,Thunder Force,Movie,Yes,"Apr 9, 2021",12,100,tt10121392,Thunder Force,"Action,Adventure,Comedy",4.6,47866
2021-04-21,7,5,-,Why Did You Kill Me?,Movie,Yes,"Apr 14, 2021",7,49,tt14318430,Why Did You Kill Me?,"Crime,Documentary",5.6,5087
2021-04-21,8,9,5,"Nicky, Ricky, Dicky & Dawn",TV Show,,"Apr 12, 2021",9,25,tt3596176,"Nicky, Ricky, Dicky & Dawn","Comedy,Family",5.5,4171
2021-04-21,9,8,3,Who Killed Sara?,TV Show,Yes,"Mar 24, 2021",26,198,tt11937816,Who Killed Sara?,"Crime,Drama,Mystery",6.4,17262
2021-04-21,10,10,4,The Serpent,TV Show,Yes,"Apr 2, 2021",17,80,tt7985576,The Serpent,"Crime,Drama,Thriller",7.6,53837
2021-04-22,1,5,4,The Circle US,TV Show,Yes,"Jan 1, 2020",8,54,,,,,
2021-04-22,2,1,-,The Baker and the Beauty,TV Show,,"Apr 13, 2021",7,55,tt9164986,The Baker and the Beauty,"Comedy,Drama,Romance",7.3,5082
2021-04-22,3,2,-,Synchronic,Movie,,"Apr 16, 2021",5,47,tt9016974,Synchronic,"Drama,Horror,Mystery",6.2,45199
2021-04-22,4,3,7,Cocomelon,TV Show,,"Jun 1, 2020",181,588,tt12427840,Cocomelon,"Adventure,Animation,Family",3.6,1419
2021-04-22,5,4,2,Dad Stop Embarrassing Me!,TV Show,Yes,"Apr 14, 2021",8,67,tt13018090,Dad Stop Embarrassing Me!,"Comedy,Family",4.3,2470
2021-04-22,6,6,1,Thunder Force,Movie,Yes,"Apr 9, 2021",13,105,tt10121392,Thunder Force,"Action,Adventure,Comedy",4.6,47866
2021-04-22,7,8,9,"Nicky, Ricky, Dicky & Dawn",TV Show,,"Apr 12, 2021",10,29,tt3596176,"Nicky, Ricky, Dicky & Dawn","Comedy,Family",5.5,4171
2021-04-22,8,10,8,The Serpent,TV Show,Yes,"Apr 2, 2021",18,83,tt7985576,The Serpent,"Crime,Drama,Thriller",7.6,53837
2021-04-22,9,9,5,Who Killed Sara?,TV Show,Yes,"Mar 24, 2021",27,200,tt11937816,Who Killed Sara?,"Crime,Drama,Mystery",6.4,17262
2021-04-22,10,7,3,Why Did You Kill Me?,Movie,Yes,"Apr 14, 2021",8,50,tt14318430,Why Did You Kill Me?,"Crime,Documentary",5.6,5087
2021-04-23,1,1,4,The Circle US,TV Show,Yes,"Jan 1, 2020",9,64,,,,,
2021-04-23,2,2,5,The Baker and the Beauty,TV Show,,"Apr 13, 2021",8,64,tt9164986,The Baker and the Beauty,"Comedy,Drama,Romance",7.3,5082
2021-04-23,3,-,-,Stowaway,Movie,Yes,"Apr 22, 2021",1,8,tt9203694,Stowaway,"Adventure,Sci-Fi,Thriller",5.7,55683
2021-04-23,4,4,6,Cocomelon,TV Show,,"Jun 1, 2020",182,595,tt12427840,Cocomelon,"Adventure,Animation,Family",3.6,1419
2021-04-23,5,-,-,Life in Color with David At…,TV Show,Yes,"Apr 22, 2021",1,6,,,,,
2021-04-23,6,3,-,Synchronic,Movie,,"Apr 16, 2021",6,52,tt9016974,Synchronic,"Drama,Horror,Mystery",6.2,45199
2021-04-23,7,7,8,"Nicky, Ricky, Dicky & Dawn",TV Show,,"Apr 12, 2021",11,33,tt3596176,"Nicky, Ricky, Dicky & Dawn","Comedy,Family",5.5,4171
2021-04-23,8,5,1,Dad Stop Embarrassing Me!,TV Show,Yes,"Apr 14, 2021",9,70,tt13018090,Dad Stop Embarrassing Me!,"Comedy,Family",4.3,2470
2021-04-23,9,8,9,The Serpent,TV Show,Yes,"Apr 2, 2021",19,85,tt7985576,The Serpent,"Crime,Drama,Thriller",7.6,53837
2021-04-23,10,9,7,Who Killed Sara?,TV Show,Yes,"Mar 24, 2021",28,201,tt11937816,Who Killed Sara?,"Crime,Drama,Mystery",6.4,17262
2021-04-24,1,-,-,Shadow and Bone,TV Show,Yes,"Apr 23, 2021",1,10,tt2403776,Shadow and Bone,"Action,Adventure,Drama",7.5,122921
2021-04-24,2,3,-,Stowaway,Movie,Yes,"Apr 22, 2021",2,17,tt9203694,Stowaway,"Adventure,Sci-Fi,Thriller",5.7,55683
2021-04-24,3,1,4,The Circle US,TV Show,Yes,"Jan 1, 2020",10,72,,,,,
2021-04-24,4,2,5,The Baker and the Beauty,TV Show,,"Apr 13, 2021",9,71,tt9164986,The Baker and the Beauty,"Comedy,Drama,Romance",7.3,5082
2021-04-24,5,4,6,Cocomelon,TV Show,,"Jun 1, 2020",183,601,tt12427840,Cocomelon,"Adventure,Animation,Family",3.6,1419
2021-04-24,6,5,-,Life in Color with David At…,TV Show,Yes,"Apr 22, 2021",2,11,,,,,
2021-04-24,7,6,-,Synchronic,Movie,,"Apr 16, 2021",7,56,tt9016974,Synchronic,"Drama,Horror,Mystery",6.2,45199
2021-04-24,8,7,8,"Nicky, Ricky, Dicky & Dawn",TV Show,,"Apr 12, 2021",12,36,tt3596176,"Nicky, Ricky, Dicky & Dawn","Comedy,Family",5.5,4171
2021-04-24,9,9,9,The Serpent,TV Show,Yes,"Apr 2, 2021",20,87,tt7985576,The Serpent,"Crime,Drama,Thriller",7.6,53837
2021-04-24,10,-,3,Thunder Force,Movie,Yes,"Apr 9, 2021",14,106,tt10121392,Thunder Force,"Action,Adventure,Comedy",4.6,47866
2021-04-25,1,1,-,Shadow and Bone,TV Show,Yes,"Apr 23, 2021",2,20,tt2403776,Shadow and Bone,"Action,Adventure,Drama",7.5,122921
2021-04-25,2,2,-,Stowaway,Movie,Yes,"Apr 22, 2021",3,26,tt9203694,Stowaway,"Adventure,Sci-Fi,Thriller",5.7,55683
2021-04-25,3,6,-,Life in Color with David At…,TV Show,Yes,"Apr 22, 2021",3,19,,,,,
2021-04-25,4,4,5,The Baker and the Beauty,TV Show,,"Apr 13, 2021",10,78,tt9164986,The Baker and the Beauty,"Comedy,Drama,Romance",7.3,5082
2021-04-25,5,3,6,The Circle US,TV Show,Yes,"Jan 1, 2020",11,78,,,,,
2021-04-25,6,5,7,Cocomelon,TV Show,,"Jun 1, 2020",184,606,tt12427840,Cocomelon,"Adventure,Animation,Family",3.6,1419
2021-04-25,7,7,1,Synchronic,Movie,,"Apr 16, 2021",8,60,tt9016974,Synchronic,"Drama,Horror,Mystery",6.2,45199
2021-04-25,8,10,3,Thunder Force,Movie,Yes,"Apr 9, 2021",15,109,tt10121392,Thunder Force,"Action,Adventure,Comedy",4.6,47866
2021-04-25,9,8,10,"Nicky, Ricky, Dicky & Dawn",TV Show,,"Apr 12, 2021",13,38,tt3596176,"Nicky, Ricky, Dicky & Dawn","Comedy,Family",5.5,4171
2021-04-25,10,9,-,The Serpent,TV Show,Yes,"Apr 2, 2021",21,88,tt7985576,The Serpent,"Crime,Drama,Thriller",7.6,53837
2021-04-26,1,1,-,Shadow and Bone,TV Show,Yes,"Apr 23, 2021",3,30,tt2403776,Shadow and Bone,"Action,Adventure,Drama",7.5,122921
2021-04-26,2,2,-,Stowaway,Movie,Yes,"Apr 22, 2021",4,35,tt9203694,Stowaway,"Adventure,Sci-Fi,Thriller",5.7,55683
2021-04-26,3,3,-,Life in Color with David At…,TV Show,Yes,"Apr 22, 2021",4,27,,,,,
2021-04-26,4,4,2,The Baker and the Beauty,TV Show,,"Apr 13, 2021",11,85,tt9164986,The Baker and the Beauty,"Comedy,Drama,Romance",7.3,5082
2021-04-26,5,5,6,The Circle US,TV Show,Yes,"Jan 1, 2020",12,84,,,,,
2021-04-26,6,6,7,Cocomelon,TV Show,,"Jun 1, 2020",185,611,tt12427840,Cocomelon,"Adventure,Animation,Family",3.6,1419
2021-04-26,7,7,1,Synchronic,Movie,,"Apr 16, 2021",9,64,tt9016974,Synchronic,"Drama,Horror,Mystery",6.2,45199
2021-04-26,8,8,4,Thunder Force,Movie,Yes,"Apr 9, 2021",16,112,tt10121392,Thunder Force,"Action,Adventure,Comedy",4.6,47866
2021-04-26,9,10,10,The Serpent,TV Show,Yes,"Apr 2, 2021",22,90,tt7985576,The Serpent,"Crime,Drama,Thriller",7.6,53837
2021-04-26,10,9,9,"Nicky, Ricky, Dicky & Dawn",TV Show,,"Apr 12, 2021",14,39,tt3596176,"Nicky, Ricky, Dicky & Dawn","Comedy,Family",5.5,4171
2021-04-27,1,1,-,Shadow and Bone,TV Show,Yes,"Apr 23, 2021",4,40,tt2403776,Shadow and Bone,"Action,Adventure,Drama",7.5,122921
2021-04-27,2,2,-,Stowaway,Movie,Yes,"Apr 22, 2021",5,44,tt9203694,Stowaway,"Adventure,Sci-Fi,Thriller",5.7,55683
2021-04-27,3,3,-,Life in Color with David At…,TV Show,Yes,"Apr 22, 2021",5,35,,,,,
2021-04-27,4,4,2,The Baker and the Beauty,TV Show,,"Apr 13, 2021",12,92,tt9164986,The Baker and the Beauty,"Comedy,Drama,Romance",7.3,5082
2021-04-27,5,5,4,The Circle US,TV Show,Yes,"Jan 1, 2020",13,90,,,,,
2021-04-27,6,6,6,Cocomelon,TV Show,,"Jun 1, 2020",186,616,tt12427840,Cocomelon,"Adventure,Animation,Family",3.6,1419
2021-04-27,7,9,10,The Serpent,TV Show,Yes,"Apr 2, 2021",23,94,tt7985576,The Serpent,"Crime,Drama,Thriller",7.6,53837
2021-04-27,8,10,9,"Nicky, Ricky, Dicky & Dawn",TV Show,,"Apr 12, 2021",15,42,tt3596176,"Nicky, Ricky, Dicky & Dawn","Comedy,Family",5.5,4171
2021-04-27,9,-,-,American Me,Movie,,"Apr 17, 2021",1,2,tt0103671,American Me,"Biography,Crime,Drama",7.1,11287
2021-04-27,10,-,-,Ginny & Georgia,TV Show,Yes,"Feb 24, 2021",41,331,tt10813940,Ginny & Georgia,"Comedy,Drama",7.5,103481
2021-04-28,1,1,-,Shadow and Bone,TV Show,Yes,"Apr 23, 2021",5,50,tt2403776,Shadow and Bone,"Action,Adventure,Drama",7.5,122921
2021-04-28,2,2,-,Stowaway,Movie,Yes,"Apr 22, 2021",6,53,tt9203694,Stowaway,"Adventure,Sci-Fi,Thriller",5.7,55683
2021-04-28,3,3,-,Life in Color with David At…,TV Show,Yes,"Apr 22, 2021",6,43,,,,,
2021-04-28,4,4,1,The Baker and the Beauty,TV Show,,"Apr 13, 2021",13,99,tt9164986,The Baker and the Beauty,"Comedy,Drama,Romance",7.3,5082
2021-04-28,5,5,5,The Circle US,TV Show,Yes,"Jan 1, 2020",14,96,,,,,
2021-04-28,6,6,3,Cocomelon,TV Show,,"Jun 1, 2020",187,621,tt12427840,Cocomelon,"Adventure,Animation,Family",3.6,1419
2021-04-28,7,7,10,The Serpent,TV Show,Yes,"Apr 2, 2021",24,98,tt7985576,The Serpent,"Crime,Drama,Thriller",7.6,53837
2021-04-28,8,8,8,"Nicky, Ricky, Dicky & Dawn",TV Show,,"Apr 12, 2021",16,45,tt3596176,"Nicky, Ricky, Dicky & Dawn","Comedy,Family",5.5,4171
2021-04-28,9,9,-,American Me,Movie,,"Apr 17, 2021",2,4,tt0103671,American Me,"Biography,Crime,Drama",7.1,11287
2021-04-28,10,10,-,Ginny & Georgia,TV Show,Yes,"Feb 24, 2021",42,332,tt10813940,Ginny & Georgia,"Comedy,Drama",7.5,103481
2021-04-29,1,1,-,Shadow and Bone,TV Show,Yes,"Apr 23, 2021",6,60,tt2403776,Shadow and Bone,"Action,Adventure,Drama",7.5,122921
2021-04-29,2,5,1,The Circle US,TV Show,Yes,"Jan 1, 2020",15,105,,,,,
2021-04-29,3,2,-,Stowaway,Movie,Yes,"Apr 22, 2021",7,61,tt9203694,Stowaway,"Adventure,Sci-Fi,Thriller",5.7,55683
2021-04-29,4,4,2,The Baker and the Beauty,TV Show,,"Apr 13, 2021",14,106,tt9164986,The Baker and the Beauty,"Comedy,Drama,Romance",7.3,5082
2021-04-29,5,3,-,Life in Color with David At…,TV Show,Yes,"Apr 22, 2021",7,49,,,,,
2021-04-29,6,6,4,Cocomelon,TV Show,,"Jun 1, 2020",188,626,tt12427840,Cocomelon,"Adventure,Animation,Family",3.6,1419
2021-04-29,7,8,7,"Nicky, Ricky, Dicky & Dawn",TV Show,,"Apr 12, 2021",17,49,tt3596176,"Nicky, Ricky, Dicky & Dawn","Comedy,Family",5.5,4171
2021-04-29,8,9,-,American Me,Movie,,"Apr 17, 2021",3,7,tt0103671,American Me,"Biography,Crime,Drama",7.1,11287
2021-04-29,9,10,-,Ginny & Georgia,TV Show,Yes,"Feb 24, 2021",43,334,tt10813940,Ginny & Georgia,"Comedy,Drama",7.5,103481
2021-04-29,10,7,8,The Serpent,TV Show,Yes,"Apr 2, 2021",25,99,tt7985576,The Serpent,"Crime,Drama,Thriller",7.6,53837
2021-04-30,1,1,-,Shadow and Bone,TV Show,Yes,"Apr 23, 2021",7,70,tt2403776,Shadow and Bone,"Action,Adventure,Drama",7.5,122921
2021-04-30,2,2,1,The Circle US,TV Show,Yes,"Jan 1, 2020",16,114,,,,,
2021-04-30,3,-,-,Things Heard & Seen,Movie,Yes,"Apr 29, 2021",1,8,tt10962368,Things Heard & Seen,"Drama,Horror,Mystery",5.3,39534
2021-04-30,4,6,4,Cocomelon,TV Show,,"Jun 1, 2020",189,633,tt12427840,Cocomelon,"Adventure,Animation,Family",3.6,1419
2021-04-30,5,4,2,The Baker and the Beauty,TV Show,,"Apr 13, 2021",15,112,tt9164986,The Baker and the Beauty,"Comedy,Drama,Romance",7.3,5082
2021-04-30,6,3,3,Stowaway,Movie,Yes,"Apr 22, 2021",8,66,tt9203694,Stowaway,"Adventure,Sci-Fi,Thriller",5.7,55683
2021-04-30,7,-,-,Yasuke,TV Show,Yes,"Apr 29, 2021",1,4,tt9310330,Yasuke,"Action,Adventure,Animation",6.2,6817
2021-04-30,8,5,5,Life in Color with David At…,TV Show,Yes,"Apr 22, 2021",8,52,,,,,
2021-04-30,9,7,7,"Nicky, Ricky, Dicky & Dawn",TV Show,,"Apr 12, 2021",18,51,tt3596176,"Nicky, Ricky, Dicky & Dawn","Comedy,Family",5.5,4171
2021-04-30,10,9,-,Ginny & Georgia,TV Show,Yes,"Feb 24, 2021",44,335,tt10813940,Ginny & Georgia,"Comedy,Drama",7.5,103481
2021-05-01,1,-,-,The Mitchells vs. The Machines,Movie,Yes,"Apr 30, 2021",1,10,tt7979580,The Mitchells vs. the Machines,"Adventure,Animation,Comedy",7.6,139153
2021-05-01,2,1,1,Shadow and Bone,TV Show,Yes,"Apr 23, 2021",8,79,tt2403776,Shadow and Bone,"Action,Adventure,Drama",7.5,122921
2021-05-01,3,3,-,Things Heard & Seen,Movie,Yes,"Apr 29, 2021",2,16,tt10962368,Things Heard & Seen,"Drama,Horror,Mystery",5.3,39534
2021-05-01,4,2,3,The Circle US,TV Show,Yes,"Jan 1, 2020",17,121,,,,,
2021-05-01,5,4,5,Cocomelon,TV Show,,"Jun 1, 2020",190,639,tt12427840,Cocomelon,"Adventure,Animation,Family",3.6,1419
2021-05-01,6,7,-,Yasuke,TV Show,Yes,"Apr 29, 2021",2,9,tt9310330,Yasuke,"Action,Adventure,Animation",6.2,6817
2021-05-01,7,6,2,Stowaway,Movie,Yes,"Apr 22, 2021",9,70,tt9203694,Stowaway,"Adventure,Sci-Fi,Thriller",5.7,55683
2021-05-01,8,5,4,The Baker and the Beauty,TV Show,,"Apr 13, 2021",16,115,tt9164986,The Baker and the Beauty,"Comedy,Drama,Romance",7.3,5082
2021-05-01,9,8,6,Life in Color with David At…,TV Show,Yes,"Apr 22, 2021",9,54,,,,,
2021-05-01,10,-,-,The Innocent,TV Show,Yes,"Apr 30, 2021",1,1,tt10147644,The Innocent,"Crime,Drama,Mystery",7.8,42196
2021-05-02,1,1,-,The Mitchells vs. The Machines,Movie,Yes,"Apr 30, 2021",2,20,tt7979580,The Mitchells vs. the Machines,"Adventure,Animation,Comedy",7.6,139153
2021-05-02,2,2,1,Shadow and Bone,TV Show,Yes,"Apr 23, 2021",9,88,tt2403776,Shadow and Bone,"Action,Adventure,Drama",7.5,122921
2021-05-02,3,3,-,Things Heard & Seen,Movie,Yes,"Apr 29, 2021",3,24,tt10962368,Things Heard & Seen,"Drama,Horror,Mystery",5.3,39534
2021-05-02,4,-,-,Madagascar 3: Europe's Most…,Movie,,"May 1, 2021",1,7,,,,,
2021-05-02,5,4,5,The Circle US,TV Show,Yes,"Jan 1, 2020",18,127,,,,,
2021-05-02,6,-,-,Love Happens,Movie,,"May 1, 2021",1,5,tt0899106,Love Happens,"Drama,Romance",5.7,35444
2021-05-02,7,-,-,Green Zone,Movie,,"May 1, 2021",1,4,tt0947810,Green Zone,"Action,Drama,Thriller",6.8,146743
2021-05-02,8,5,6,Cocomelon,TV Show,,"Jun 1, 2020",191,642,tt12427840,Cocomelon,"Adventure,Animation,Family",3.6,1419
2021-05-02,9,6,-,Yasuke,TV Show,Yes,"Apr 29, 2021",3,11,tt9310330,Yasuke,"Action,Adventure,Animation",6.2,6817
2021-05-02,10,10,-,The Innocent,TV Show,Yes,"Apr 30, 2021",2,2,tt10147644,The Innocent,"Crime,Drama,Mystery",7.8,42196
2021-05-03,1,1,-,The Mitchells vs. The Machines,Movie,Yes,"Apr 30, 2021",3,30,tt7979580,The Mitchells vs. the Machines,"Adventure,Animation,Comedy",7.6,139153
2021-05-03,2,2,1,Shadow and Bone,TV Show,Yes,"Apr 23, 2021",10,97,tt2403776,Shadow and Bone,"Action,Adventure,Drama",7.5,122921
2021-05-03,3,3,-,Things Heard & Seen,Movie,Yes,"Apr 29, 2021",4,32,tt10962368,Things Heard & Seen,"Drama,Horror,Mystery",5.3,39534
2021-05-03,4,4,-,Madagascar 3: Europe's Most…,Movie,,"May 1, 2021",2,14,,,,,
2021-05-03,5,5,5,The Circle US,TV Show,Yes,"Jan 1, 2020",19,133,,,,,
2021-05-03,6,6,-,Love Happens,Movie,,"May 1, 2021",2,10,tt0899106,Love Happens,"Drama,Romance",5.7,35444
2021-05-03,7,7,-,Green Zone,Movie,,"May 1, 2021",2,8,tt0947810,Green Zone,"Action,Drama,Thriller",6.8,146743
2021-05-03,8,8,6,Cocomelon,TV Show,,"Jun 1, 2020",192,645,tt12427840,Cocomelon,"Adventure,Animation,Family",3.6,1419
2021-05-03,9,9,-,Yasuke,TV Show,Yes,"Apr 29, 2021",4,13,tt9310330,Yasuke,"Action,Adventure,Animation",6.2,6817
2021-05-03,10,10,-,The Innocent,TV Show,Yes,"Apr 30, 2021",3,3,tt10147644,The Innocent,"Crime,Drama,Mystery",7.8,42196
2021-05-04,1,1,-,The Mitchells vs. The Machines,Movie,Yes,"Apr 30, 2021",4,40,tt7979580,The Mitchells vs. the Machines,"Adventure,Animation,Comedy",7.6,139153
2021-05-04,2,2,1,Shadow and Bone,TV Show,Yes,"Apr 23, 2021",11,106,tt2403776,Shadow and Bone,"Action,Adventure,Drama",7.5,122921
2021-05-04,3,4,-,Madagascar 3: Europe's Most…,Movie,,"May 1, 2021",3,22,,,,,
2021-05-04,4,7,-,Green Zone,Movie,,"May 1, 2021",3,15,tt0947810,Green Zone,"Action,Drama,Thriller",6.8,146743
2021-05-04,5,6,-,Love Happens,Movie,,"May 1, 2021",3,16,tt0899106,Love Happens,"Drama,Romance",5.7,35444
2021-05-04,6,3,-,Things Heard & Seen,Movie,Yes,"Apr 29, 2021",5,37,tt10962368,Things Heard & Seen,"Drama,Horror,Mystery",5.3,39534
2021-05-04,7,5,5,The Circle US,TV Show,Yes,"Jan 1, 2020",20,137,,,,,
2021-05-04,8,10,-,The Innocent,TV Show,Yes,"Apr 30, 2021",4,6,tt10147644,The Innocent,"Crime,Drama,Mystery",7.8,42196
2021-05-04,9,-,-,Your Highness,Movie,,"May 1, 2021",1,2,tt1240982,Your Highness,"Action,Adventure,Comedy",5.5,107085
2021-05-04,10,8,6,Cocomelon,TV Show,,"Jun 1, 2020",193,646,tt12427840,Cocomelon,"Adventure,Animation,Family",3.6,1419
2021-05-05,1,1,-,The Mitchells vs. The Machines,Movie,Yes,"Apr 30, 2021",5,50,tt7979580,The Mitchells vs. the Machines,"Adventure,Animation,Comedy",7.6,139153
2021-05-05,2,2,1,Shadow and Bone,TV Show,Yes,"Apr 23, 2021",12,115,tt2403776,Shadow and Bone,"Action,Adventure,Drama",7.5,122921
2021-05-05,3,-,-,Selena: The Series,TV Show,Yes,"Dec 4, 2020",12,94,tt9421868,Selena: The Series,"Biography,Drama,Music",7.0,5274
2021-05-05,4,3,-,Madagascar 3: Europe's Most…,Movie,,"May 1, 2021",4,29,,,,,
2021-05-05,5,5,-,Love Happens,Movie,,"May 1, 2021",4,22,tt0899106,Love Happens,"Drama,Romance",5.7,35444
2021-05-05,6,4,-,Green Zone,Movie,,"May 1, 2021",4,20,tt0947810,Green Zone,"Action,Drama,Thriller",6.8,146743
2021-05-05,7,8,-,The Innocent,TV Show,Yes,"Apr 30, 2021",5,10,tt10147644,The Innocent,"Crime,Drama,Mystery",7.8,42196
2021-05-05,8,6,-,Things Heard & Seen,Movie,Yes,"Apr 29, 2021",6,40,tt10962368,Things Heard & Seen,"Drama,Horror,Mystery",5.3,39534
2021-05-05,9,7,5,The Circle US,TV Show,Yes,"Jan 1, 2020",21,139,,,,,
2021-05-05,10,10,6,Cocomelon,TV Show,,"Jun 1, 2020",194,647,tt12427840,Cocomelon,"Adventure,Animation,Family",3.6,1419
2021-05-06,1,1,-,The Mitchells vs. The Machines,Movie,Yes,"Apr 30, 2021",6,60,tt7979580,The Mitchells vs. the Machines,"Adventure,Animation,Comedy",7.6,139153
2021-05-06,2,2,1,Shadow and Bone,TV Show,Yes,"Apr 23, 2021",13,124,tt2403776,Shadow and Bone,"Action,Adventure,Drama",7.5,122921
2021-05-06,3,3,-,Selena: The Series,TV Show,Yes,"Dec 4, 2020",13,102,tt9421868,Selena: The Series,"Biography,Drama,Music",7.0,5274
2021-05-06,4,4,-,Madagascar 3: Europe's Most…,Movie,,"May 1, 2021",5,36,,,,,
2021-05-06,5,5,-,Love Happens,Movie,,"May 1, 2021",5,28,tt0899106,Love Happens,"Drama,Romance",5.7,35444
2021-05-06,6,6,-,Green Zone,Movie,,"May 1, 2021",5,25,tt0947810,Green Zone,"Action,Drama,Thriller",6.8,146743
2021-05-06,7,7,-,The Innocent,TV Show,Yes,"Apr 30, 2021",6,14,tt10147644,The Innocent,"Crime,Drama,Mystery",7.8,42196
2021-05-06,8,8,-,Things Heard & Seen,Movie,Yes,"Apr 29, 2021",7,43,tt10962368,Things Heard & Seen,"Drama,Horror,Mystery",5.3,39534
2021-05-06,9,9,2,The Circle US,TV Show,Yes,"Jan 1, 2020",22,141,,,,,
2021-05-06,10,10,6,Cocomelon,TV Show,,"Jun 1, 2020",195,648,tt12427840,Cocomelon,"Adventure,Animation,Family",3.6,1419
2021-05-07,1,-,-,The Sons of Sam: A Descent …,TV Show,Yes,"May 5, 2021",1,10,,,,,
2021-05-07,2,1,-,The Mitchells vs. The Machines,Movie,Yes,"Apr 30, 2021",7,69,tt7979580,The Mitchells vs. the Machines,"Adventure,Animation,Comedy",7.6,139153
2021-05-07,3,3,-,Selena: The Series,TV Show,Yes,"Dec 4, 2020",14,110,tt9421868,Selena: The Series,"Biography,Drama,Music",7.0,5274
2021-05-07,4,9,2,The Circle US,TV Show,Yes,"Jan 1, 2020",23,148,,,,,
2021-05-07,5,2,1,Shadow and Bone,TV Show,Yes,"Apr 23, 2021",14,130,tt2403776,Shadow and Bone,"Action,Adventure,Drama",7.5,122921
2021-05-07,6,4,-,Madagascar 3: Europe's Most…,Movie,,"May 1, 2021",6,41,,,,,
2021-05-07,7,10,4,Cocomelon,TV Show,,"Jun 1, 2020",196,652,tt12427840,Cocomelon,"Adventure,Animation,Family",3.6,1419
2021-05-07,8,7,-,The Innocent,TV Show,Yes,"Apr 30, 2021",7,17,tt10147644,The Innocent,"Crime,Drama,Mystery",7.8,42196
2021-05-07,9,6,-,Green Zone,Movie,,"May 1, 2021",6,27,tt0947810,Green Zone,"Action,Drama,Thriller",6.8,146743
2021-05-07,10,5,-,Love Happens,Movie,,"May 1, 2021",6,29,tt0899106,Love Happens,"Drama,Romance",5.7,35444
2021-05-08,1,-,-,Jupiterâs Legacy,TV Show,Yes,"May 7, 2021",1,10,,,,,
2021-05-08,2,1,-,The Sons of Sam: A Descent …,TV Show,Yes,"May 5, 2021",2,19,,,,,
2021-05-08,3,2,1,The Mitchells vs. The Machines,Movie,Yes,"Apr 30, 2021",8,77,tt7979580,The Mitchells vs. the Machines,"Adventure,Animation,Comedy",7.6,139153
2021-05-08,4,3,-,Selena: The Series,TV Show,Yes,"Dec 4, 2020",15,117,tt9421868,Selena: The Series,"Biography,Drama,Music",7.0,5274
2021-05-08,5,5,2,Shadow and Bone,TV Show,Yes,"Apr 23, 2021",15,136,tt2403776,Shadow and Bone,"Action,Adventure,Drama",7.5,122921
2021-05-08,6,6,-,Madagascar 3: Europe's Most…,Movie,,"May 1, 2021",7,46,,,,,
2021-05-08,7,4,4,The Circle US,TV Show,Yes,"Jan 1, 2020",24,152,,,,,
2021-05-08,8,7,5,Cocomelon,TV Show,,"Jun 1, 2020",197,655,tt12427840,Cocomelon,"Adventure,Animation,Family",3.6,1419
2021-05-08,9,-,-,Monster,Movie,Yes,"May 7, 2021",1,2,tt13207736,Monster,"Biography,Crime,Drama",7.8,216762
2021-05-08,10,8,10,The Innocent,TV Show,Yes,"Apr 30, 2021",8,18,tt10147644,The Innocent,"Crime,Drama,Mystery",7.8,42196
2021-05-09,1,1,-,Jupiterâs Legacy,TV Show,Yes,"May 7, 2021",2,20,,,,,
2021-05-09,2,3,1,The Mitchells vs. The Machines,Movie,Yes,"Apr 30, 2021",9,86,tt7979580,The Mitchells vs. the Machines,"Adventure,Animation,Comedy",7.6,139153
2021-05-09,3,2,-,The Sons of Sam: A Descent …,TV Show,Yes,"May 5, 2021",3,27,,,,,
2021-05-09,4,4,-,Selena: The Series,TV Show,Yes,"Dec 4, 2020",16,124,tt9421868,Selena: The Series,"Biography,Drama,Music",7.0,5274
2021-05-09,5,5,2,Shadow and Bone,TV Show,Yes,"Apr 23, 2021",16,142,tt2403776,Shadow and Bone,"Action,Adventure,Drama",7.5,122921
2021-05-09,6,9,-,Monster,Movie,Yes,"May 7, 2021",2,7,tt13207736,Monster,"Biography,Crime,Drama",7.8,216762
2021-05-09,7,6,4,Madagascar 3: Europe's Most…,Movie,,"May 1, 2021",8,50,,,,,
2021-05-09,8,8,8,Cocomelon,TV Show,,"Jun 1, 2020",198,658,tt12427840,Cocomelon,"Adventure,Animation,Family",3.6,1419
2021-05-09,9,7,5,The Circle US,TV Show,Yes,"Jan 1, 2020",25,154,,,,,
2021-05-09,10,-,-,Dead Man Down,Movie,,"Nov 6, 2013",1,1,tt2101341,Dead Man Down,"Action,Adventure,Crime",6.4,71573
2021-05-10,1,1,-,Jupiterâs Legacy,TV Show,Yes,"May 7, 2021",3,30,,,,,
2021-05-10,2,2,1,The Mitchells vs. The Machines,Movie,Yes,"Apr 30, 2021",10,95,tt7979580,The Mitchells vs. the Machines,"Adventure,Animation,Comedy",7.6,139153
2021-05-10,3,3,-,The Sons of Sam: A Descent …,TV Show,Yes,"May 5, 2021",4,35,,,,,
2021-05-10,4,10,-,Dead Man Down,Movie,,"Nov 6, 2013",2,8,tt2101341,Dead Man Down,"Action,Adventure,Crime",6.4,71573
2021-05-10,5,4,-,Selena: The Series,TV Show,Yes,"Dec 4, 2020",17,130,tt9421868,Selena: The Series,"Biography,Drama,Music",7.0,5274
2021-05-10,6,5,2,Shadow and Bone,TV Show,Yes,"Apr 23, 2021",17,147,tt2403776,Shadow and Bone,"Action,Adventure,Drama",7.5,122921
2021-05-10,7,6,-,Monster,Movie,Yes,"May 7, 2021",3,11,tt13207736,Monster,"Biography,Crime,Drama",7.8,216762
2021-05-10,8,7,4,Madagascar 3: Europe's Most…,Movie,,"May 1, 2021",9,53,,,,,
2021-05-10,9,-,-,StartUp,TV Show,,"May 4, 2021",1,2,tt5028002,StartUp,"Crime,Thriller",7.8,31396
2021-05-10,10,8,8,Cocomelon,TV Show,,"Jun 1, 2020",199,659,tt12427840,Cocomelon,"Adventure,Animation,Family",3.6,1419
2021-05-11,1,1,-,Jupiterâs Legacy,TV Show,Yes,"May 7, 2021",4,40,,,,,
2021-05-11,2,2,1,The Mitchells vs. The Machines,Movie,Yes,"Apr 30, 2021",11,104,tt7979580,The Mitchells vs. the Machines,"Adventure,Animation,Comedy",7.6,139153
2021-05-11,3,3,-,The Sons of Sam: A Descent …,TV Show,Yes,"May 5, 2021",5,43,,,,,
2021-05-11,4,4,-,Dead Man Down,Movie,,"Nov 6, 2013",3,15,tt2101341,Dead Man Down,"Action,Adventure,Crime",6.4,71573
2021-05-11,5,5,-,Selena: The Series,TV Show,Yes,"Dec 4, 2020",18,136,tt9421868,Selena: The Series,"Biography,Drama,Music",7.0,5274
2021-05-11,6,9,-,StartUp,TV Show,,"May 4, 2021",2,7,tt5028002,StartUp,"Crime,Thriller",7.8,31396
2021-05-11,7,6,2,Shadow and Bone,TV Show,Yes,"Apr 23, 2021",18,151,tt2403776,Shadow and Bone,"Action,Adventure,Drama",7.5,122921
2021-05-11,8,7,-,Monster,Movie,Yes,"May 7, 2021",4,14,tt13207736,Monster,"Biography,Crime,Drama",7.8,216762
2021-05-11,9,10,10,Cocomelon,TV Show,,"Jun 1, 2020",200,661,tt12427840,Cocomelon,"Adventure,Animation,Family",3.6,1419
2021-05-11,10,8,3,Madagascar 3: Europe's Most…,Movie,,"May 1, 2021",10,54,,,,,
2021-05-12,1,1,-,Jupiterâs Legacy,TV Show,Yes,"May 7, 2021",5,50,,,,,
2021-05-12,2,2,1,The Mitchells vs. The Machines,Movie,Yes,"Apr 30, 2021",12,113,tt7979580,The Mitchells vs. the Machines,"Adventure,Animation,Comedy",7.6,139153
2021-05-12,3,6,-,StartUp,TV Show,,"May 4, 2021",3,15,tt5028002,StartUp,"Crime,Thriller",7.8,31396
2021-05-12,4,3,-,The Sons of Sam: A Descent …,TV Show,Yes,"May 5, 2021",6,50,,,,,
2021-05-12,5,5,3,Selena: The Series,TV Show,Yes,"Dec 4, 2020",19,142,tt9421868,Selena: The Series,"Biography,Drama,Music",7.0,5274
2021-05-12,6,7,2,Shadow and Bone,TV Show,Yes,"Apr 23, 2021",19,156,tt2403776,Shadow and Bone,"Action,Adventure,Drama",7.5,122921
2021-05-12,7,4,-,Dead Man Down,Movie,,"Nov 6, 2013",4,19,tt2101341,Dead Man Down,"Action,Adventure,Crime",6.4,71573
2021-05-12,8,9,10,Cocomelon,TV Show,,"Jun 1, 2020",201,664,tt12427840,Cocomelon,"Adventure,Animation,Family",3.6,1419
2021-05-12,9,8,-,Monster,Movie,Yes,"May 7, 2021",5,16,tt13207736,Monster,"Biography,Crime,Drama",7.8,216762
2021-05-12,10,10,4,Madagascar 3: Europe's Most…,Movie,,"May 1, 2021",11,55,,,,,
2021-05-13,1,1,-,Jupiterâs Legacy,TV Show,Yes,"May 7, 2021",6,60,,,,,
2021-05-13,2,-,-,The Upshaws,TV Show,Yes,"May 12, 2021",1,9,tt10945036,The Upshaws,Comedy,7.1,4744
2021-05-13,3,2,1,The Mitchells vs. The Machines,Movie,Yes,"Apr 30, 2021",13,121,tt7979580,The Mitchells vs. the Machines,"Adventure,Animation,Comedy",7.6,139153
2021-05-13,4,3,-,StartUp,TV Show,,"May 4, 2021",4,22,tt5028002,StartUp,"Crime,Thriller",7.8,31396
2021-05-13,5,4,-,The Sons of Sam: A Descent …,TV Show,Yes,"May 5, 2021",7,56,,,,,
2021-05-13,6,8,10,Cocomelon,TV Show,,"Jun 1, 2020",202,669,tt12427840,Cocomelon,"Adventure,Animation,Family",3.6,1419
2021-05-13,7,5,3,Selena: The Series,TV Show,Yes,"Dec 4, 2020",20,146,tt9421868,Selena: The Series,"Biography,Drama,Music",7.0,5274
2021-05-13,8,6,2,Shadow and Bone,TV Show,Yes,"Apr 23, 2021",20,159,tt2403776,Shadow and Bone,"Action,Adventure,Drama",7.5,122921
2021-05-13,9,7,-,Dead Man Down,Movie,,"Nov 6, 2013",5,21,tt2101341,Dead Man Down,"Action,Adventure,Crime",6.4,71573
2021-05-13,10,10,4,Madagascar 3: Europe's Most…,Movie,,"May 1, 2021",12,56,,,,,
2021-05-14,1,2,-,The Upshaws,TV Show,Yes,"May 12, 2021",2,19,tt10945036,The Upshaws,Comedy,7.1,4744
2021-05-14,2,1,-,Jupiterâs Legacy,TV Show,Yes,"May 7, 2021",7,69,,,,,
2021-05-14,3,4,-,StartUp,TV Show,,"May 4, 2021",5,30,tt5028002,StartUp,"Crime,Thriller",7.8,31396
2021-05-14,4,3,2,The Mitchells vs. The Machines,Movie,Yes,"Apr 30, 2021",14,128,tt7979580,The Mitchells vs. the Machines,"Adventure,Animation,Comedy",7.6,139153
2021-05-14,5,-,-,CastleVania,TV Show,Yes,"Jul 7, 2017",1,6,tt6517102,Castlevania,"Action,Adventure,Animation",8.3,92253
2021-05-14,6,6,7,Cocomelon,TV Show,,"Jun 1, 2020",203,674,tt12427840,Cocomelon,"Adventure,Animation,Family",3.6,1419
2021-05-14,7,5,1,The Sons of Sam: A Descent …,TV Show,Yes,"May 5, 2021",8,60,,,,,
2021-05-14,8,7,3,Selena: The Series,TV Show,Yes,"Dec 4, 2020",21,149,tt9421868,Selena: The Series,"Biography,Drama,Music",7.0,5274
2021-05-14,9,8,5,Shadow and Bone,TV Show,Yes,"Apr 23, 2021",21,161,tt2403776,Shadow and Bone,"Action,Adventure,Drama",7.5,122921
2021-05-14,10,9,-,Dead Man Down,Movie,,"Nov 6, 2013",6,22,tt2101341,Dead Man Down,"Action,Adventure,Crime",6.4,71573
2021-05-15,1,-,-,The Woman in the Window,Movie,Yes,"May 14, 2021",1,10,tt6111574,The Woman in the Window,"Crime,Drama,Mystery",5.7,88593
2021-05-15,2,1,-,The Upshaws,TV Show,Yes,"May 12, 2021",3,28,tt10945036,The Upshaws,Comedy,7.1,4744
2021-05-15,3,2,1,Jupiterâs Legacy,TV Show,Yes,"May 7, 2021",8,77,,,,,
2021-05-15,4,4,3,The Mitchells vs. The Machines,Movie,Yes,"Apr 30, 2021",15,135,tt7979580,The Mitchells vs. the Machines,"Adventure,Animation,Comedy",7.6,139153
2021-05-15,5,3,-,StartUp,TV Show,,"May 4, 2021",6,36,tt5028002,StartUp,"Crime,Thriller",7.8,31396
2021-05-15,6,-,-,Jungle Beat: The Movie,Movie,,"May 14, 2021",1,5,tt12139700,Jungle Beat: The Movie,"Adventure,Animation,Comedy",5.5,1451
2021-05-15,7,5,-,CastleVania,TV Show,Yes,"Jul 7, 2017",2,10,tt6517102,Castlevania,"Action,Adventure,Animation",8.3,92253
2021-05-15,8,6,8,Cocomelon,TV Show,,"Jun 1, 2020",204,677,tt12427840,Cocomelon,"Adventure,Animation,Family",3.6,1419
2021-05-15,9,-,-,Halston,TV Show,Yes,"May 14, 2021",1,2,tt9569546,Halston,"Biography,Drama",7.5,18012
2021-05-15,10,-,-,I Am All Girls,Movie,Yes,"May 14, 2021",1,1,tt9013182,I Am All Girls,"Crime,Drama,Mystery",6.0,7803
2021-05-16,1,1,-,The Woman in the Window,Movie,Yes,"May 14, 2021",2,20,tt6111574,The Woman in the Window,"Crime,Drama,Mystery",5.7,88593
2021-05-16,2,2,-,The Upshaws,TV Show,Yes,"May 12, 2021",4,37,tt10945036,The Upshaws,Comedy,7.1,4744
2021-05-16,3,3,1,Jupiterâs Legacy,TV Show,Yes,"May 7, 2021",9,85,,,,,
2021-05-16,4,4,2,The Mitchells vs. The Machines,Movie,Yes,"Apr 30, 2021",16,142,tt7979580,The Mitchells vs. the Machines,"Adventure,Animation,Comedy",7.6,139153
2021-05-16,5,-,-,"Love, Death & Robots",TV Show,Yes,"Mar 15, 2019",1,6,tt9561862,"Love, Death & Robots","Action,Adventure,Animation",8.4,224847
2021-05-16,6,9,-,Halston,TV Show,Yes,"May 14, 2021",2,7,tt9569546,Halston,"Biography,Drama",7.5,18012
2021-05-16,7,5,-,StartUp,TV Show,,"May 4, 2021",7,40,tt5028002,StartUp,"Crime,Thriller",7.8,31396
2021-05-16,8,10,-,I Am All Girls,Movie,Yes,"May 14, 2021",2,4,tt9013182,I Am All Girls,"Crime,Drama,Mystery",6.0,7803
2021-05-16,9,8,8,Cocomelon,TV Show,,"Jun 1, 2020",205,679,tt12427840,Cocomelon,"Adventure,Animation,Family",3.6,1419
2021-05-16,10,7,-,CastleVania,TV Show,Yes,"Jul 7, 2017",3,11,tt6517102,Castlevania,"Action,Adventure,Animation",8.3,92253
2021-05-17,1,1,-,The Woman in the Window,Movie,Yes,"May 14, 2021",3,30,tt6111574,The Woman in the Window,"Crime,Drama,Mystery",5.7,88593
2021-05-17,2,2,-,The Upshaws,TV Show,Yes,"May 12, 2021",5,46,tt10945036,The Upshaws,Comedy,7.1,4744
2021-05-17,3,3,1,Jupiterâs Legacy,TV Show,Yes,"May 7, 2021",10,93,,,,,
2021-05-17,4,5,-,"Love, Death & Robots",TV Show,Yes,"Mar 15, 2019",2,13,tt9561862,"Love, Death & Robots","Action,Adventure,Animation",8.4,224847
2021-05-17,5,4,2,The Mitchells vs. The Machines,Movie,Yes,"Apr 30, 2021",17,148,tt7979580,The Mitchells vs. the Machines,"Adventure,Animation,Comedy",7.6,139153
2021-05-17,6,6,-,Halston,TV Show,Yes,"May 14, 2021",3,12,tt9569546,Halston,"Biography,Drama",7.5,18012
2021-05-17,7,8,-,I Am All Girls,Movie,Yes,"May 14, 2021",3,8,tt9013182,I Am All Girls,"Crime,Drama,Mystery",6.0,7803
2021-05-17,8,7,9,StartUp,TV Show,,"May 4, 2021",8,43,tt5028002,StartUp,"Crime,Thriller",7.8,31396
2021-05-17,9,-,-,Jungle Beat: The Movie,Movie,,"May 14, 2021",2,7,tt12139700,Jungle Beat: The Movie,"Adventure,Animation,Comedy",5.5,1451
2021-05-17,10,9,10,Cocomelon,TV Show,,"Jun 1, 2020",206,680,tt12427840,Cocomelon,"Adventure,Animation,Family",3.6,1419
2021-05-18,1,1,-,The Woman in the Window,Movie,Yes,"May 14, 2021",4,40,tt6111574,The Woman in the Window,"Crime,Drama,Mystery",5.7,88593
2021-05-18,2,2,-,The Upshaws,TV Show,Yes,"May 12, 2021",6,55,tt10945036,The Upshaws,Comedy,7.1,4744
2021-05-18,3,3,1,Jupiterâs Legacy,TV Show,Yes,"May 7, 2021",11,101,,,,,
2021-05-18,4,4,-,"Love, Death & Robots",TV Show,Yes,"Mar 15, 2019",3,20,tt9561862,"Love, Death & Robots","Action,Adventure,Animation",8.4,224847
2021-05-18,5,5,2,The Mitchells vs. The Machines,Movie,Yes,"Apr 30, 2021",18,154,tt7979580,The Mitchells vs. the Machines,"Adventure,Animation,Comedy",7.6,139153
2021-05-18,6,6,-,Halston,TV Show,Yes,"May 14, 2021",4,17,tt9569546,Halston,"Biography,Drama",7.5,18012
2021-05-18,7,7,-,I Am All Girls,Movie,Yes,"May 14, 2021",4,12,tt9013182,I Am All Girls,"Crime,Drama,Mystery",6.0,7803
2021-05-18,8,8,6,StartUp,TV Show,,"May 4, 2021",9,46,tt5028002,StartUp,"Crime,Thriller",7.8,31396
2021-05-18,9,9,-,Jungle Beat: The Movie,Movie,,"May 14, 2021",3,9,tt12139700,Jungle Beat: The Movie,"Adventure,Animation,Comedy",5.5,1451
2021-05-18,10,10,9,Cocomelon,TV Show,,"Jun 1, 2020",207,681,tt12427840,Cocomelon,"Adventure,Animation,Family",3.6,1419
2021-05-19,1,1,-,The Woman in the Window,Movie,Yes,"May 14, 2021",5,50,tt6111574,The Woman in the Window,"Crime,Drama,Mystery",5.7,88593
2021-05-19,2,2,-,The Upshaws,TV Show,Yes,"May 12, 2021",7,64,tt10945036,The Upshaws,Comedy,7.1,4744
2021-05-19,3,3,1,Jupiterâs Legacy,TV Show,Yes,"May 7, 2021",12,109,,,,,
2021-05-19,4,8,3,StartUp,TV Show,,"May 4, 2021",10,53,tt5028002,StartUp,"Crime,Thriller",7.8,31396
2021-05-19,5,5,2,The Mitchells vs. The Machines,Movie,Yes,"Apr 30, 2021",19,160,tt7979580,The Mitchells vs. the Machines,"Adventure,Animation,Comedy",7.6,139153
2021-05-19,6,7,-,I Am All Girls,Movie,Yes,"May 14, 2021",5,17,tt9013182,I Am All Girls,"Crime,Drama,Mystery",6.0,7803
2021-05-19,7,10,8,Cocomelon,TV Show,,"Jun 1, 2020",208,685,tt12427840,Cocomelon,"Adventure,Animation,Family",3.6,1419
2021-05-19,8,9,-,Jungle Beat: The Movie,Movie,,"May 14, 2021",4,12,tt12139700,Jungle Beat: The Movie,"Adventure,Animation,Comedy",5.5,1451
2021-05-19,9,4,-,"Love, Death & Robots",TV Show,Yes,"Mar 15, 2019",4,22,tt9561862,"Love, Death & Robots","Action,Adventure,Animation",8.4,224847
2021-05-19,10,6,-,Halston,TV Show,Yes,"May 14, 2021",5,18,tt9569546,Halston,"Biography,Drama",7.5,18012
2021-05-20,1,-,-,Who Killed Sara?,TV Show,Yes,"Mar 24, 2021",29,211,tt11937816,Who Killed Sara?,"Crime,Drama,Mystery",6.4,17262
2021-05-20,2,1,-,The Woman in the Window,Movie,Yes,"May 14, 2021",6,59,tt6111574,The Woman in the Window,"Crime,Drama,Mystery",5.7,88593
2021-05-20,3,2,2,The Upshaws,TV Show,Yes,"May 12, 2021",8,72,tt10945036,The Upshaws,Comedy,7.1,4744
2021-05-20,4,3,1,Jupiterâs Legacy,TV Show,Yes,"May 7, 2021",13,116,,,,,
2021-05-20,5,4,4,StartUp,TV Show,,"May 4, 2021",11,59,tt5028002,StartUp,"Crime,Thriller",7.8,31396
2021-05-20,6,5,3,The Mitchells vs. The Machines,Movie,Yes,"Apr 30, 2021",20,165,tt7979580,The Mitchells vs. the Machines,"Adventure,Animation,Comedy",7.6,139153
2021-05-20,7,7,6,Cocomelon,TV Show,,"Jun 1, 2020",209,689,tt12427840,Cocomelon,"Adventure,Animation,Family",3.6,1419
2021-05-20,8,8,-,Jungle Beat: The Movie,Movie,,"May 14, 2021",5,15,tt12139700,Jungle Beat: The Movie,"Adventure,Animation,Comedy",5.5,1451
2021-05-20,9,6,-,I Am All Girls,Movie,Yes,"May 14, 2021",6,19,tt9013182,I Am All Girls,"Crime,Drama,Mystery",6.0,7803
2021-05-20,10,9,-,"Love, Death & Robots",TV Show,Yes,"Mar 15, 2019",5,23,tt9561862,"Love, Death & Robots","Action,Adventure,Animation",8.4,224847
2021-05-21,1,1,-,Who Killed Sara?,TV Show,Yes,"Mar 24, 2021",30,221,tt11937816,Who Killed Sara?,"Crime,Drama,Mystery",6.4,17262
2021-05-21,2,2,-,The Woman in the Window,Movie,Yes,"May 14, 2021",7,68,tt6111574,The Woman in the Window,"Crime,Drama,Mystery",5.7,88593
2021-05-21,3,3,1,The Upshaws,TV Show,Yes,"May 12, 2021",9,80,tt10945036,The Upshaws,Comedy,7.1,4744
2021-05-21,4,4,2,Jupiterâs Legacy,TV Show,Yes,"May 7, 2021",14,123,,,,,
2021-05-21,5,5,3,StartUp,TV Show,,"May 4, 2021",12,65,tt5028002,StartUp,"Crime,Thriller",7.8,31396
2021-05-21,6,-,-,Sabotage,Movie,,"May 19, 2021",1,5,tt1742334,Sabotage,"Action,Crime,Drama",5.7,68436
2021-05-21,7,7,6,Cocomelon,TV Show,,"Jun 1, 2020",210,693,tt12427840,Cocomelon,"Adventure,Animation,Family",3.6,1419
2021-05-21,8,6,4,The Mitchells vs. The Machines,Movie,Yes,"Apr 30, 2021",21,168,tt7979580,The Mitchells vs. the Machines,"Adventure,Animation,Comedy",7.6,139153
2021-05-21,9,8,-,Jungle Beat: The Movie,Movie,,"May 14, 2021",6,17,tt12139700,Jungle Beat: The Movie,"Adventure,Animation,Comedy",5.5,1451
2021-05-21,10,10,-,"Love, Death & Robots",TV Show,Yes,"Mar 15, 2019",6,24,tt9561862,"Love, Death & Robots","Action,Adventure,Animation",8.4,224847
2021-05-22,1,-,-,Army of the Dead,Movie,Yes,"May 21, 2021",1,10,tt0993840,Army of the Dead,"Action,Adventure,Crime",5.8,198526
2021-05-22,2,1,-,Who Killed Sara?,TV Show,Yes,"Mar 24, 2021",31,230,tt11937816,Who Killed Sara?,"Crime,Drama,Mystery",6.4,17262
2021-05-22,3,2,1,The Woman in the Window,Movie,Yes,"May 14, 2021",8,76,tt6111574,The Woman in the Window,"Crime,Drama,Mystery",5.7,88593
2021-05-22,4,-,-,Jurassic World: Camp Cretac…,TV Show,Yes,"Sep 18, 2020",18,113,,,,,
2021-05-22,5,3,2,The Upshaws,TV Show,Yes,"May 12, 2021",10,86,tt10945036,The Upshaws,Comedy,7.1,4744
2021-05-22,6,8,4,The Mitchells vs. The Machines,Movie,Yes,"Apr 30, 2021",22,173,tt7979580,The Mitchells vs. the Machines,"Adventure,Animation,Comedy",7.6,139153
2021-05-22,7,7,8,Cocomelon,TV Show,,"Jun 1, 2020",211,697,tt12427840,Cocomelon,"Adventure,Animation,Family",3.6,1419
2021-05-22,8,4,3,Jupiterâs Legacy,TV Show,Yes,"May 7, 2021",15,126,,,,,
2021-05-22,9,5,5,StartUp,TV Show,,"May 4, 2021",13,67,tt5028002,StartUp,"Crime,Thriller",7.8,31396
2021-05-22,10,6,-,Sabotage,Movie,,"May 19, 2021",2,6,tt1742334,Sabotage,"Action,Crime,Drama",5.7,68436
2021-05-23,1,1,-,Army of the Dead,Movie,Yes,"May 21, 2021",2,20,tt0993840,Army of the Dead,"Action,Adventure,Crime",5.8,198526
2021-05-23,2,2,-,Who Killed Sara?,TV Show,Yes,"Mar 24, 2021",32,239,tt11937816,Who Killed Sara?,"Crime,Drama,Mystery",6.4,17262
2021-05-23,3,3,1,The Woman in the Window,Movie,Yes,"May 14, 2021",9,84,tt6111574,The Woman in the Window,"Crime,Drama,Mystery",5.7,88593
2021-05-23,4,4,-,Jurassic World: Camp Cretac…,TV Show,Yes,"Sep 18, 2020",19,120,,,,,
2021-05-23,5,6,4,The Mitchells vs. The Machines,Movie,Yes,"Apr 30, 2021",23,179,tt7979580,The Mitchells vs. the Machines,"Adventure,Animation,Comedy",7.6,139153
2021-05-23,6,5,2,The Upshaws,TV Show,Yes,"May 12, 2021",11,91,tt10945036,The Upshaws,Comedy,7.1,4744
2021-05-23,7,10,-,Sabotage,Movie,,"May 19, 2021",3,10,tt1742334,Sabotage,"Action,Crime,Drama",5.7,68436
2021-05-23,8,7,9,Cocomelon,TV Show,,"Jun 1, 2020",212,700,tt12427840,Cocomelon,"Adventure,Animation,Family",3.6,1419
2021-05-23,9,8,3,Jupiterâs Legacy,TV Show,Yes,"May 7, 2021",16,128,,,,,
2021-05-23,10,9,7,StartUp,TV Show,,"May 4, 2021",14,68,tt5028002,StartUp,"Crime,Thriller",7.8,31396
2021-05-24,1,1,-,Army of the Dead,Movie,Yes,"May 21, 2021",3,30,tt0993840,Army of the Dead,"Action,Adventure,Crime",5.8,198526
2021-05-24,2,2,-,Who Killed Sara?,TV Show,Yes,"Mar 24, 2021",33,248,tt11937816,Who Killed Sara?,"Crime,Drama,Mystery",6.4,17262
2021-05-24,3,3,1,The Woman in the Window,Movie,Yes,"May 14, 2021",10,92,tt6111574,The Woman in the Window,"Crime,Drama,Mystery",5.7,88593
2021-05-24,4,7,-,Sabotage,Movie,,"May 19, 2021",4,17,tt1742334,Sabotage,"Action,Crime,Drama",5.7,68436
2021-05-24,5,4,-,Jurassic World: Camp Cretac…,TV Show,Yes,"Sep 18, 2020",20,126,,,,,
2021-05-24,6,5,5,The Mitchells vs. The Machines,Movie,Yes,"Apr 30, 2021",24,184,tt7979580,The Mitchells vs. the Machines,"Adventure,Animation,Comedy",7.6,139153
2021-05-24,7,6,2,The Upshaws,TV Show,Yes,"May 12, 2021",12,95,tt10945036,The Upshaws,Comedy,7.1,4744
2021-05-24,8,9,3,Jupiterâs Legacy,TV Show,Yes,"May 7, 2021",17,131,,,,,
2021-05-24,9,10,8,StartUp,TV Show,,"May 4, 2021",15,70,tt5028002,StartUp,"Crime,Thriller",7.8,31396
2021-05-24,10,8,10,Cocomelon,TV Show,,"Jun 1, 2020",213,701,tt12427840,Cocomelon,"Adventure,Animation,Family",3.6,1419
2021-05-25,1,1,-,Army of the Dead,Movie,Yes,"May 21, 2021",4,40,tt0993840,Army of the Dead,"Action,Adventure,Crime",5.8,198526
2021-05-25,2,2,-,Who Killed Sara?,TV Show,Yes,"Mar 24, 2021",34,257,tt11937816,Who Killed Sara?,"Crime,Drama,Mystery",6.4,17262
2021-05-25,3,3,1,The Woman in the Window,Movie,Yes,"May 14, 2021",11,100,tt6111574,The Woman in the Window,"Crime,Drama,Mystery",5.7,88593
2021-05-25,4,4,-,Sabotage,Movie,,"May 19, 2021",5,24,tt1742334,Sabotage,"Action,Crime,Drama",5.7,68436
2021-05-25,5,5,-,Jurassic World: Camp Cretac…,TV Show,Yes,"Sep 18, 2020",21,132,,,,,
2021-05-25,6,6,5,The Mitchells vs. The Machines,Movie,Yes,"Apr 30, 2021",25,189,tt7979580,The Mitchells vs. the Machines,"Adventure,Animation,Comedy",7.6,139153
2021-05-25,7,7,2,The Upshaws,TV Show,Yes,"May 12, 2021",13,99,tt10945036,The Upshaws,Comedy,7.1,4744
2021-05-25,8,8,3,Jupiterâs Legacy,TV Show,Yes,"May 7, 2021",18,134,,,,,
2021-05-25,9,9,8,StartUp,TV Show,,"May 4, 2021",16,72,tt5028002,StartUp,"Crime,Thriller",7.8,31396
2021-05-25,10,10,10,Cocomelon,TV Show,,"Jun 1, 2020",214,702,tt12427840,Cocomelon,"Adventure,Animation,Family",3.6,1419
2021-05-26,1,1,-,Army of the Dead,Movie,Yes,"May 21, 2021",5,50,tt0993840,Army of the Dead,"Action,Adventure,Crime",5.8,198526
2021-05-26,2,-,-,Home,Movie,,"May 25, 2021",1,9,tt2224026,Home,"Adventure,Animation,Comedy",6.5,119316
2021-05-26,3,2,-,Who Killed Sara?,TV Show,Yes,"Mar 24, 2021",35,265,tt11937816,Who Killed Sara?,"Crime,Drama,Mystery",6.4,17262
2021-05-26,4,10,7,Cocomelon,TV Show,,"Jun 1, 2020",215,709,tt12427840,Cocomelon,"Adventure,Animation,Family",3.6,1419
2021-05-26,5,5,-,Jurassic World: Camp Cretac…,TV Show,Yes,"Sep 18, 2020",22,138,,,,,
2021-05-26,6,9,4,StartUp,TV Show,,"May 4, 2021",17,77,tt5028002,StartUp,"Crime,Thriller",7.8,31396
2021-05-26,7,7,2,The Upshaws,TV Show,Yes,"May 12, 2021",14,103,tt10945036,The Upshaws,Comedy,7.1,4744
2021-05-26,8,8,3,Jupiterâs Legacy,TV Show,Yes,"May 7, 2021",19,137,,,,,
2021-05-26,9,6,5,The Mitchells vs. The Machines,Movie,Yes,"Apr 30, 2021",26,191,tt7979580,The Mitchells vs. the Machines,"Adventure,Animation,Comedy",7.6,139153
2021-05-26,10,4,-,Sabotage,Movie,,"May 19, 2021",6,25,tt1742334,Sabotage,"Action,Crime,Drama",5.7,68436
2021-05-27,1,1,-,Army of the Dead,Movie,Yes,"May 21, 2021",6,60,tt0993840,Army of the Dead,"Action,Adventure,Crime",5.8,198526
2021-05-27,2,2,-,Home,Movie,,"May 25, 2021",2,18,tt2224026,Home,"Adventure,Animation,Comedy",6.5,119316
2021-05-27,3,3,1,Who Killed Sara?,TV Show,Yes,"Mar 24, 2021",36,273,tt11937816,Who Killed Sara?,"Crime,Drama,Mystery",6.4,17262
2021-05-27,4,4,7,Cocomelon,TV Show,,"Jun 1, 2020",216,716,tt12427840,Cocomelon,"Adventure,Animation,Family",3.6,1419
2021-05-27,5,5,-,Jurassic World: Camp Cretac…,TV Show,Yes,"Sep 18, 2020",23,144,,,,,
2021-05-27,6,6,5,StartUp,TV Show,,"May 4, 2021",18,82,tt5028002,StartUp,"Crime,Thriller",7.8,31396
2021-05-27,7,9,6,The Mitchells vs. The Machines,Movie,Yes,"Apr 30, 2021",27,195,tt7979580,The Mitchells vs. the Machines,"Adventure,Animation,Comedy",7.6,139153
2021-05-27,8,7,3,The Upshaws,TV Show,Yes,"May 12, 2021",15,106,tt10945036,The Upshaws,Comedy,7.1,4744
2021-05-27,9,8,4,Jupiterâs Legacy,TV Show,Yes,"May 7, 2021",20,139,,,,,
2021-05-27,10,10,-,Sabotage,Movie,,"May 19, 2021",7,26,tt1742334,Sabotage,"Action,Crime,Drama",5.7,68436
2021-05-28,1,2,-,Home,Movie,,"May 25, 2021",3,28,tt2224026,Home,"Adventure,Animation,Comedy",6.5,119316
2021-05-28,2,1,-,Army of the Dead,Movie,Yes,"May 21, 2021",7,69,tt0993840,Army of the Dead,"Action,Adventure,Crime",5.8,198526
2021-05-28,3,-,-,Blue Miracle,Movie,Yes,"May 27, 2021",1,8,tt7084386,Blue Miracle,"Adventure,Biography,Drama",6.6,8597
2021-05-28,4,-,-,Ragnarok,TV Show,Yes,"Jan 31, 2020",1,7,tt9251798,Ragnarok,"Action,Drama,Fantasy",7.3,53156
2021-05-28,5,3,1,Who Killed Sara?,TV Show,Yes,"Mar 24, 2021",37,279,tt11937816,Who Killed Sara?,"Crime,Drama,Mystery",6.4,17262
2021-05-28,6,4,7,Cocomelon,TV Show,,"Jun 1, 2020",217,721,tt12427840,Cocomelon,"Adventure,Animation,Family",3.6,1419
2021-05-28,7,7,8,The Mitchells vs. The Machines,Movie,Yes,"Apr 30, 2021",28,199,tt7979580,The Mitchells vs. the Machines,"Adventure,Animation,Comedy",7.6,139153
2021-05-28,8,5,-,Jurassic World: Camp Cretac…,TV Show,Yes,"Sep 18, 2020",24,147,,,,,
2021-05-28,9,6,5,StartUp,TV Show,,"May 4, 2021",19,84,tt5028002,StartUp,"Crime,Thriller",7.8,31396
2021-05-28,10,8,3,The Upshaws,TV Show,Yes,"May 12, 2021",16,107,tt10945036,The Upshaws,Comedy,7.1,4744
2021-05-29,1,-,-,Lucifer,TV Show,,"Dec 15, 2018",21,146,tt4052886,Lucifer,"Crime,Drama,Fantasy",8.0,384482
2021-05-29,2,1,-,Home,Movie,,"May 25, 2021",4,37,tt2224026,Home,"Adventure,Animation,Comedy",6.5,119316
2021-05-29,3,-,-,Dog Gone Trouble,Movie,Yes,"May 28, 2021",1,8,,,,,
2021-05-29,4,2,1,Army of the Dead,Movie,Yes,"May 21, 2021",8,76,tt0993840,Army of the Dead,"Action,Adventure,Crime",5.8,198526
2021-05-29,5,3,-,Blue Miracle,Movie,Yes,"May 27, 2021",2,14,tt7084386,Blue Miracle,"Adventure,Biography,Drama",6.6,8597
2021-05-29,6,4,-,Ragnarok,TV Show,Yes,"Jan 31, 2020",2,12,tt9251798,Ragnarok,"Action,Drama,Fantasy",7.3,53156
2021-05-29,7,-,-,The Kominsky Method,TV Show,Yes,"Nov 16, 2018",1,4,tt7255502,The Kominsky Method,"Comedy,Drama",8.2,46569
2021-05-29,8,6,7,Cocomelon,TV Show,,"Jun 1, 2020",218,724,tt12427840,Cocomelon,"Adventure,Animation,Family",3.6,1419
2021-05-29,9,5,2,Who Killed Sara?,TV Show,Yes,"Mar 24, 2021",38,281,tt11937816,Who Killed Sara?,"Crime,Drama,Mystery",6.4,17262
2021-05-29,10,7,6,The Mitchells vs. The Machines,Movie,Yes,"Apr 30, 2021",29,200,tt7979580,The Mitchells vs. the Machines,"Adventure,Animation,Comedy",7.6,139153
2021-05-30,1,1,-,Lucifer,TV Show,,"Dec 15, 2018",23,166,tt4052886,Lucifer,"Crime,Drama,Fantasy",8.0,384482
2021-05-30,2,3,-,Dog Gone Trouble,Movie,Yes,"May 28, 2021",2,17,,,,,
2021-05-30,3,2,-,Home,Movie,,"May 25, 2021",5,45,tt2224026,Home,"Adventure,Animation,Comedy",6.5,119316
2021-05-30,4,4,1,Army of the Dead,Movie,Yes,"May 21, 2021",9,83,tt0993840,Army of the Dead,"Action,Adventure,Crime",5.8,198526
2021-05-30,5,5,-,Blue Miracle,Movie,Yes,"May 27, 2021",3,20,tt7084386,Blue Miracle,"Adventure,Biography,Drama",6.6,8597
2021-05-30,6,6,-,Ragnarok,TV Show,Yes,"Jan 31, 2020",3,17,tt9251798,Ragnarok,"Action,Drama,Fantasy",7.3,53156
2021-05-30,7,7,-,The Kominsky Method,TV Show,Yes,"Nov 16, 2018",2,8,tt7255502,The Kominsky Method,"Comedy,Drama",8.2,46569
2021-05-30,8,8,8,Cocomelon,TV Show,,"Jun 1, 2020",219,727,tt12427840,Cocomelon,"Adventure,Animation,Family",3.6,1419
2021-05-30,9,10,5,The Mitchells vs. The Machines,Movie,Yes,"Apr 30, 2021",30,202,tt7979580,The Mitchells vs. the Machines,"Adventure,Animation,Comedy",7.6,139153
2021-05-30,10,9,2,Who Killed Sara?,TV Show,Yes,"Mar 24, 2021",39,282,tt11937816,Who Killed Sara?,"Crime,Drama,Mystery",6.4,17262
2021-05-31,1,1,-,Lucifer,TV Show,,"Dec 15, 2018",24,176,tt4052886,Lucifer,"Crime,Drama,Fantasy",8.0,384482
2021-05-31,2,2,-,Dog Gone Trouble,Movie,Yes,"May 28, 2021",3,26,,,,,
2021-05-31,3,3,-,Home,Movie,,"May 25, 2021",6,53,tt2224026,Home,"Adventure,Animation,Comedy",6.5,119316
2021-05-31,4,5,-,Blue Miracle,Movie,Yes,"May 27, 2021",4,27,tt7084386,Blue Miracle,"Adventure,Biography,Drama",6.6,8597
2021-05-31,5,4,1,Army of the Dead,Movie,Yes,"May 21, 2021",10,89,tt0993840,Army of the Dead,"Action,Adventure,Crime",5.8,198526
2021-05-31,6,6,-,Ragnarok,TV Show,Yes,"Jan 31, 2020",4,22,tt9251798,Ragnarok,"Action,Drama,Fantasy",7.3,53156
2021-05-31,7,7,-,The Kominsky Method,TV Show,Yes,"Nov 16, 2018",3,12,tt7255502,The Kominsky Method,"Comedy,Drama",8.2,46569
2021-05-31,8,8,10,Cocomelon,TV Show,,"Jun 1, 2020",220,730,tt12427840,Cocomelon,"Adventure,Animation,Family",3.6,1419
2021-05-31,9,9,6,The Mitchells vs. The Machines,Movie,Yes,"Apr 30, 2021",31,204,tt7979580,The Mitchells vs. the Machines,"Adventure,Animation,Comedy",7.6,139153
2021-05-31,10,10,2,Who Killed Sara?,TV Show,Yes,"Mar 24, 2021",40,283,tt11937816,Who Killed Sara?,"Crime,Drama,Mystery",6.4,17262
2021-06-01,1,1,-,Lucifer,TV Show,,"Dec 15, 2018",25,186,tt4052886,Lucifer,"Crime,Drama,Fantasy",8.0,384482
2021-06-01,2,2,-,Dog Gone Trouble,Movie,Yes,"May 28, 2021",4,35,,,,,
2021-06-01,3,3,-,Home,Movie,,"May 25, 2021",7,61,tt2224026,Home,"Adventure,Animation,Comedy",6.5,119316
2021-06-01,4,4,-,Blue Miracle,Movie,Yes,"May 27, 2021",5,34,tt7084386,Blue Miracle,"Adventure,Biography,Drama",6.6,8597
2021-06-01,5,5,1,Army of the Dead,Movie,Yes,"May 21, 2021",11,95,tt0993840,Army of the Dead,"Action,Adventure,Crime",5.8,198526
2021-06-01,6,-,-,Dirty John,TV Show,,"Nov 25, 2019",1,5,tt7945720,Dirty John,"Crime,Drama",7.3,25990
2021-06-01,7,6,-,Ragnarok,TV Show,Yes,"Jan 31, 2020",5,26,tt9251798,Ragnarok,"Action,Drama,Fantasy",7.3,53156
2021-06-01,8,7,-,The Kominsky Method,TV Show,Yes,"Nov 16, 2018",4,15,tt7255502,The Kominsky Method,"Comedy,Drama",8.2,46569
2021-06-01,9,8,10,Cocomelon,TV Show,,"Jun 1, 2020",221,732,tt12427840,Cocomelon,"Adventure,Animation,Family",3.6,1419
2021-06-01,10,10,2,Who Killed Sara?,TV Show,Yes,"Mar 24, 2021",41,284,tt11937816,Who Killed Sara?,"Crime,Drama,Mystery",6.4,17262
2021-06-02,1,1,-,Lucifer,TV Show,,"Dec 15, 2018",26,196,tt4052886,Lucifer,"Crime,Drama,Fantasy",8.0,384482
2021-06-02,2,2,-,Dog Gone Trouble,Movie,Yes,"May 28, 2021",5,44,,,,,
2021-06-02,3,6,-,Dirty John,TV Show,,"Nov 25, 2019",2,13,tt7945720,Dirty John,"Crime,Drama",7.3,25990
2021-06-02,4,3,2,Home,Movie,,"May 25, 2021",8,68,tt2224026,Home,"Adventure,Animation,Comedy",6.5,119316
2021-06-02,5,9,4,Cocomelon,TV Show,,"Jun 1, 2020",222,738,tt12427840,Cocomelon,"Adventure,Animation,Family",3.6,1419
2021-06-02,6,4,-,Blue Miracle,Movie,Yes,"May 27, 2021",6,39,tt7084386,Blue Miracle,"Adventure,Biography,Drama",6.6,8597
2021-06-02,7,5,1,Army of the Dead,Movie,Yes,"May 21, 2021",12,99,tt0993840,Army of the Dead,"Action,Adventure,Crime",5.8,198526
2021-06-02,8,7,-,Ragnarok,TV Show,Yes,"Jan 31, 2020",6,29,tt9251798,Ragnarok,"Action,Drama,Fantasy",7.3,53156
2021-06-02,9,8,-,The Kominsky Method,TV Show,Yes,"Nov 16, 2018",5,17,tt7255502,The Kominsky Method,"Comedy,Drama",8.2,46569
2021-06-02,10,10,3,Who Killed Sara?,TV Show,Yes,"Mar 24, 2021",42,285,tt11937816,Who Killed Sara?,"Crime,Drama,Mystery",6.4,17262
2021-06-03,1,1,-,Lucifer,TV Show,,"Dec 15, 2018",27,206,tt4052886,Lucifer,"Crime,Drama,Fantasy",8.0,384482
2021-06-03,2,2,-,Dog Gone Trouble,Movie,Yes,"May 28, 2021",6,53,,,,,
2021-06-03,3,3,-,Dirty John,TV Show,,"Nov 25, 2019",3,21,tt7945720,Dirty John,"Crime,Drama",7.3,25990
2021-06-03,4,4,2,Home,Movie,,"May 25, 2021",9,75,tt2224026,Home,"Adventure,Animation,Comedy",6.5,119316
2021-06-03,5,5,4,Cocomelon,TV Show,,"Jun 1, 2020",223,744,tt12427840,Cocomelon,"Adventure,Animation,Family",3.6,1419
2021-06-03,6,-,-,2 Hearts,Movie,,"Jun 2, 2021",1,5,tt5616176,2 Hearts,"Drama,Romance",6.3,11373
2021-06-03,7,8,-,Ragnarok,TV Show,Yes,"Jan 31, 2020",7,33,tt9251798,Ragnarok,"Action,Drama,Fantasy",7.3,53156
2021-06-03,8,7,1,Army of the Dead,Movie,Yes,"May 21, 2021",13,102,tt0993840,Army of the Dead,"Action,Adventure,Crime",5.8,198526
2021-06-03,9,6,-,Blue Miracle,Movie,Yes,"May 27, 2021",7,41,tt7084386,Blue Miracle,"Adventure,Biography,Drama",6.6,8597
2021-06-03,10,9,-,The Kominsky Method,TV Show,Yes,"Nov 16, 2018",6,18,tt7255502,The Kominsky Method,"Comedy,Drama",8.2,46569
2021-06-04,1,1,-,Lucifer,TV Show,,"Dec 15, 2018",28,216,tt4052886,Lucifer,"Crime,Drama,Fantasy",8.0,384482
2021-06-04,2,3,-,Dirty John,TV Show,,"Nov 25, 2019",4,30,tt7945720,Dirty John,"Crime,Drama",7.3,25990
2021-06-04,3,2,-,Dog Gone Trouble,Movie,Yes,"May 28, 2021",7,61,,,,,
2021-06-04,4,4,1,Home,Movie,,"May 25, 2021",10,82,tt2224026,Home,"Adventure,Animation,Comedy",6.5,119316
2021-06-04,5,6,-,2 Hearts,Movie,,"Jun 2, 2021",2,11,tt5616176,2 Hearts,"Drama,Romance",6.3,11373
2021-06-04,6,5,6,Cocomelon,TV Show,,"Jun 1, 2020",224,749,tt12427840,Cocomelon,"Adventure,Animation,Family",3.6,1419
2021-06-04,7,7,4,Ragnarok,TV Show,Yes,"Jan 31, 2020",8,37,tt9251798,Ragnarok,"Action,Drama,Fantasy",7.3,53156
2021-06-04,8,8,2,Army of the Dead,Movie,Yes,"May 21, 2021",14,105,tt0993840,Army of the Dead,"Action,Adventure,Crime",5.8,198526
2021-06-04,9,9,3,Blue Miracle,Movie,Yes,"May 27, 2021",8,43,tt7084386,Blue Miracle,"Adventure,Biography,Drama",6.6,8597
2021-06-04,10,-,-,Kim's Convenience,TV Show,Yes,"Jul 13, 2018",1,1,tt5912064,Kim's Convenience,Comedy,8.2,27611
2021-06-05,1,1,1,Lucifer,TV Show,,"Dec 15, 2018",29,226,tt4052886,Lucifer,"Crime,Drama,Fantasy",8.0,384482
2021-06-05,2,-,-,Sweet Tooth,TV Show,Yes,"Jun 4, 2021",1,9,tt12809988,Sweet Tooth,"Action,Adventure,Drama",7.7,77603
2021-06-05,3,2,-,Dirty John,TV Show,,"Nov 25, 2019",5,38,tt7945720,Dirty John,"Crime,Drama",7.3,25990
2021-06-05,4,3,3,Dog Gone Trouble,Movie,Yes,"May 28, 2021",8,68,,,,,
2021-06-05,5,4,2,Home,Movie,,"May 25, 2021",11,88,tt2224026,Home,"Adventure,Animation,Comedy",6.5,119316
2021-06-05,6,6,8,Cocomelon,TV Show,,"Jun 1, 2020",225,754,tt12427840,Cocomelon,"Adventure,Animation,Family",3.6,1419
2021-06-05,7,5,-,2 Hearts,Movie,,"Jun 2, 2021",3,15,tt5616176,2 Hearts,"Drama,Romance",6.3,11373
2021-06-05,8,8,4,Army of the Dead,Movie,Yes,"May 21, 2021",15,108,tt0993840,Army of the Dead,"Action,Adventure,Crime",5.8,198526
2021-06-05,9,-,-,Monsters vs. Aliens,Movie,,"Jun 1, 2021",1,2,tt0892782,Monsters vs. Aliens,"Action,Adventure,Animation",6.4,186144
2021-06-05,10,10,-,Kim's Convenience,TV Show,Yes,"Jul 13, 2018",2,2,tt5912064,Kim's Convenience,Comedy,8.2,27611
2021-06-06,1,2,-,Sweet Tooth,TV Show,Yes,"Jun 4, 2021",2,19,tt12809988,Sweet Tooth,"Action,Adventure,Drama",7.7,77603
2021-06-06,2,1,1,Lucifer,TV Show,,"Dec 15, 2018",30,235,tt4052886,Lucifer,"Crime,Drama,Fantasy",8.0,384482
2021-06-06,3,3,-,Dirty John,TV Show,,"Nov 25, 2019",6,46,tt7945720,Dirty John,"Crime,Drama",7.3,25990
2021-06-06,4,7,-,2 Hearts,Movie,,"Jun 2, 2021",4,22,tt5616176,2 Hearts,"Drama,Romance",6.3,11373
2021-06-06,5,4,2,Dog Gone Trouble,Movie,Yes,"May 28, 2021",9,74,,,,,
2021-06-06,6,5,3,Home,Movie,,"May 25, 2021",12,93,tt2224026,Home,"Adventure,Animation,Comedy",6.5,119316
2021-06-06,7,6,8,Cocomelon,TV Show,,"Jun 1, 2020",226,758,tt12427840,Cocomelon,"Adventure,Animation,Family",3.6,1419
2021-06-06,8,-,-,Xtreme,Movie,Yes,"Jun 4, 2021",1,3,tt11658120,Xtreme,"Action,Crime,Drama",5.8,5536
2021-06-06,9,8,4,Army of the Dead,Movie,Yes,"May 21, 2021",16,110,tt0993840,Army of the Dead,"Action,Adventure,Crime",5.8,198526
2021-06-06,10,9,-,Monsters vs. Aliens,Movie,,"Jun 1, 2021",2,3,tt0892782,Monsters vs. Aliens,"Action,Adventure,Animation",6.4,186144
2021-06-07,1,1,-,Sweet Tooth,TV Show,Yes,"Jun 4, 2021",3,29,tt12809988,Sweet Tooth,"Action,Adventure,Drama",7.7,77603
2021-06-07,2,2,1,Lucifer,TV Show,,"Dec 15, 2018",31,244,tt4052886,Lucifer,"Crime,Drama,Fantasy",8.0,384482
2021-06-07,3,4,-,2 Hearts,Movie,,"Jun 2, 2021",5,30,tt5616176,2 Hearts,"Drama,Romance",6.3,11373
2021-06-07,4,3,-,Dirty John,TV Show,,"Nov 25, 2019",7,53,tt7945720,Dirty John,"Crime,Drama",7.3,25990
2021-06-07,5,7,8,Cocomelon,TV Show,,"Jun 1, 2020",227,764,tt12427840,Cocomelon,"Adventure,Animation,Family",3.6,1419
2021-06-07,6,6,3,Home,Movie,,"May 25, 2021",13,98,tt2224026,Home,"Adventure,Animation,Comedy",6.5,119316
2021-06-07,7,5,2,Dog Gone Trouble,Movie,Yes,"May 28, 2021",10,78,,,,,
2021-06-07,8,8,-,Xtreme,Movie,Yes,"Jun 4, 2021",2,6,tt11658120,Xtreme,"Action,Crime,Drama",5.8,5536
2021-06-07,9,9,5,Army of the Dead,Movie,Yes,"May 21, 2021",17,112,tt0993840,Army of the Dead,"Action,Adventure,Crime",5.8,198526
2021-06-07,10,10,-,Monsters vs. Aliens,Movie,,"Jun 1, 2021",3,4,tt0892782,Monsters vs. Aliens,"Action,Adventure,Animation",6.4,186144
2021-06-08,1,1,-,Sweet Tooth,TV Show,Yes,"Jun 4, 2021",4,39,tt12809988,Sweet Tooth,"Action,Adventure,Drama",7.7,77603
2021-06-08,2,2,1,Lucifer,TV Show,,"Dec 15, 2018",32,253,tt4052886,Lucifer,"Crime,Drama,Fantasy",8.0,384482
2021-06-08,3,3,-,2 Hearts,Movie,,"Jun 2, 2021",6,38,tt5616176,2 Hearts,"Drama,Romance",6.3,11373
2021-06-08,4,4,6,Dirty John,TV Show,,"Nov 25, 2019",8,60,tt7945720,Dirty John,"Crime,Drama",7.3,25990
2021-06-08,5,5,9,Cocomelon,TV Show,,"Jun 1, 2020",228,770,tt12427840,Cocomelon,"Adventure,Animation,Family",3.6,1419
2021-06-08,6,6,3,Home,Movie,,"May 25, 2021",14,103,tt2224026,Home,"Adventure,Animation,Comedy",6.5,119316
2021-06-08,7,7,2,Dog Gone Trouble,Movie,Yes,"May 28, 2021",11,82,,,,,
2021-06-08,8,8,-,Xtreme,Movie,Yes,"Jun 4, 2021",3,9,tt11658120,Xtreme,"Action,Crime,Drama",5.8,5536
2021-06-08,9,10,-,Monsters vs. Aliens,Movie,,"Jun 1, 2021",4,6,tt0892782,Monsters vs. Aliens,"Action,Adventure,Animation",6.4,186144
2021-06-08,10,-,-,Bo Burnham: Inside,Stand-Up Comedy,Yes,"May 30, 2021",1,1,tt14544192,Bo Burnham: Inside,"Comedy,Documentary,Drama",8.6,58546
2021-06-09,1,1,-,Sweet Tooth,TV Show,Yes,"Jun 4, 2021",5,49,tt12809988,Sweet Tooth,"Action,Adventure,Drama",7.7,77603
2021-06-09,2,2,1,Lucifer,TV Show,,"Dec 15, 2018",33,262,tt4052886,Lucifer,"Crime,Drama,Fantasy",8.0,384482
2021-06-09,3,3,-,2 Hearts,Movie,,"Jun 2, 2021",7,46,tt5616176,2 Hearts,"Drama,Romance",6.3,11373
2021-06-09,4,4,3,Dirty John,TV Show,,"Nov 25, 2019",9,67,tt7945720,Dirty John,"Crime,Drama",7.3,25990
2021-06-09,5,5,5,Cocomelon,TV Show,,"Jun 1, 2020",229,776,tt12427840,Cocomelon,"Adventure,Animation,Family",3.6,1419
2021-06-09,6,6,4,Home,Movie,,"May 25, 2021",15,108,tt2224026,Home,"Adventure,Animation,Comedy",6.5,119316
2021-06-09,7,7,2,Dog Gone Trouble,Movie,Yes,"May 28, 2021",12,86,,,,,
2021-06-09,8,8,-,Xtreme,Movie,Yes,"Jun 4, 2021",4,12,tt11658120,Xtreme,"Action,Crime,Drama",5.8,5536
2021-06-09,9,9,-,Monsters vs. Aliens,Movie,,"Jun 1, 2021",5,8,tt0892782,Monsters vs. Aliens,"Action,Adventure,Animation",6.4,186144
2021-06-09,10,-,7,Army of the Dead,Movie,Yes,"May 21, 2021",18,113,tt0993840,Army of the Dead,"Action,Adventure,Crime",5.8,198526
2021-06-10,1,1,-,Sweet Tooth,TV Show,Yes,"Jun 4, 2021",6,59,tt12809988,Sweet Tooth,"Action,Adventure,Drama",7.7,77603
2021-06-10,2,-,-,Awake,Movie,Yes,"Jun 9, 2021",1,9,tt0211933,Awake,"Crime,Drama,Mystery",6.5,84854
2021-06-10,3,2,1,Lucifer,TV Show,,"Dec 15, 2018",34,270,tt4052886,Lucifer,"Crime,Drama,Fantasy",8.0,384482
2021-06-10,4,5,5,Cocomelon,TV Show,,"Jun 1, 2020",230,783,tt12427840,Cocomelon,"Adventure,Animation,Family",3.6,1419
2021-06-10,5,4,3,Dirty John,TV Show,,"Nov 25, 2019",10,73,tt7945720,Dirty John,"Crime,Drama",7.3,25990
2021-06-10,6,3,6,2 Hearts,Movie,,"Jun 2, 2021",8,51,tt5616176,2 Hearts,"Drama,Romance",6.3,11373
2021-06-10,7,6,4,Home,Movie,,"May 25, 2021",16,112,tt2224026,Home,"Adventure,Animation,Comedy",6.5,119316
2021-06-10,8,7,2,Dog Gone Trouble,Movie,Yes,"May 28, 2021",13,89,,,,,
2021-06-10,9,9,-,Monsters vs. Aliens,Movie,,"Jun 1, 2021",6,10,tt0892782,Monsters vs. Aliens,"Action,Adventure,Animation",6.4,186144
2021-06-10,10,-,-,Bo Burnham: Inside,Stand-Up Comedy,Yes,"May 30, 2021",2,2,tt14544192,Bo Burnham: Inside,"Comedy,Documentary,Drama",8.6,58546
2021-06-11,1,1,-,Sweet Tooth,TV Show,Yes,"Jun 4, 2021",7,69,tt12809988,Sweet Tooth,"Action,Adventure,Drama",7.7,77603
2021-06-11,2,2,-,Awake,Movie,Yes,"Jun 9, 2021",2,18,tt0211933,Awake,"Crime,Drama,Mystery",6.5,84854
2021-06-11,3,-,-,Manifest,TV Show,,"Jun 10, 2021",1,8,tt8421350,Manifest,"Drama,Mystery,Sci-Fi",7.0,101578
2021-06-11,4,3,1,Lucifer,TV Show,,"Dec 15, 2018",35,277,tt4052886,Lucifer,"Crime,Drama,Fantasy",8.0,384482
2021-06-11,5,4,6,Cocomelon,TV Show,,"Jun 1, 2020",231,789,tt12427840,Cocomelon,"Adventure,Animation,Family",3.6,1419
2021-06-11,6,5,2,Dirty John,TV Show,,"Nov 25, 2019",11,78,tt7945720,Dirty John,"Crime,Drama",7.3,25990
2021-06-11,7,6,5,2 Hearts,Movie,,"Jun 2, 2021",9,55,tt5616176,2 Hearts,"Drama,Romance",6.3,11373
2021-06-11,8,7,4,Home,Movie,,"May 25, 2021",17,115,tt2224026,Home,"Adventure,Animation,Comedy",6.5,119316
2021-06-11,9,8,3,Dog Gone Trouble,Movie,Yes,"May 28, 2021",14,91,,,,,
2021-06-11,10,-,-,L.A.'s Finest,TV Show,,"Jan 5, 2021",14,68,tt7555294,L.A.'s Finest,"Action,Comedy,Crime",6.2,8819
2021-06-12,1,1,2,Sweet Tooth,TV Show,Yes,"Jun 4, 2021",8,79,tt12809988,Sweet Tooth,"Action,Adventure,Drama",7.7,77603
2021-06-12,2,3,-,Manifest,TV Show,,"Jun 10, 2021",2,17,tt8421350,Manifest,"Drama,Mystery,Sci-Fi",7.0,101578
2021-06-12,3,2,-,Awake,Movie,Yes,"Jun 9, 2021",3,26,tt0211933,Awake,"Crime,Drama,Mystery",6.5,84854
2021-06-12,4,-,-,Wish Dragon,Movie,Yes,"Jun 11, 2021",1,7,tt5562070,Wish Dragon,"Adventure,Animation,Comedy",7.2,37886
2021-06-12,5,-,-,Lupin,TV Show,Yes,"Jan 8, 2021",15,93,tt2531336,Lupin,"Action,Crime,Drama",7.5,154038
2021-06-12,6,5,6,Cocomelon,TV Show,,"Jun 1, 2020",232,794,tt12427840,Cocomelon,"Adventure,Animation,Family",3.6,1419
2021-06-12,7,4,1,Lucifer,TV Show,,"Dec 15, 2018",36,281,tt4052886,Lucifer,"Crime,Drama,Fantasy",8.0,384482
2021-06-12,8,8,5,Home,Movie,,"May 25, 2021",18,118,tt2224026,Home,"Adventure,Animation,Comedy",6.5,119316
2021-06-12,9,10,-,L.A.'s Finest,TV Show,,"Jan 5, 2021",15,70,tt7555294,L.A.'s Finest,"Action,Comedy,Crime",6.2,8819
2021-06-12,10,7,7,2 Hearts,Movie,,"Jun 2, 2021",10,56,tt5616176,2 Hearts,"Drama,Romance",6.3,11373
2021-06-13,1,2,-,Manifest,TV Show,,"Jun 10, 2021",3,27,tt8421350,Manifest,"Drama,Mystery,Sci-Fi",7.0,101578
2021-06-13,2,1,1,Sweet Tooth,TV Show,Yes,"Jun 4, 2021",9,88,tt12809988,Sweet Tooth,"Action,Adventure,Drama",7.7,77603
2021-06-13,3,4,-,Wish Dragon,Movie,Yes,"Jun 11, 2021",2,15,tt5562070,Wish Dragon,"Adventure,Animation,Comedy",7.2,37886
2021-06-13,4,3,-,Awake,Movie,Yes,"Jun 9, 2021",4,33,tt0211933,Awake,"Crime,Drama,Mystery",6.5,84854
2021-06-13,5,5,-,Lupin,TV Show,Yes,"Jan 8, 2021",16,99,tt2531336,Lupin,"Action,Crime,Drama",7.5,154038
2021-06-13,6,6,7,Cocomelon,TV Show,,"Jun 1, 2020",233,799,tt12427840,Cocomelon,"Adventure,Animation,Family",3.6,1419
2021-06-13,7,7,2,Lucifer,TV Show,,"Dec 15, 2018",37,285,tt4052886,Lucifer,"Crime,Drama,Fantasy",8.0,384482
2021-06-13,8,9,-,L.A.'s Finest,TV Show,,"Jan 5, 2021",16,73,tt7555294,L.A.'s Finest,"Action,Comedy,Crime",6.2,8819
2021-06-13,9,8,6,Home,Movie,,"May 25, 2021",19,120,tt2224026,Home,"Adventure,Animation,Comedy",6.5,119316
2021-06-13,10,10,4,2 Hearts,Movie,,"Jun 2, 2021",11,57,tt5616176,2 Hearts,"Drama,Romance",6.3,11373
2021-06-14,1,1,-,Manifest,TV Show,,"Jun 10, 2021",4,37,tt8421350,Manifest,"Drama,Mystery,Sci-Fi",7.0,101578
2021-06-14,2,2,1,Sweet Tooth,TV Show,Yes,"Jun 4, 2021",10,97,tt12809988,Sweet Tooth,"Action,Adventure,Drama",7.7,77603
2021-06-14,3,3,-,Wish Dragon,Movie,Yes,"Jun 11, 2021",3,23,tt5562070,Wish Dragon,"Adventure,Animation,Comedy",7.2,37886
2021-06-14,4,4,-,Awake,Movie,Yes,"Jun 9, 2021",5,40,tt0211933,Awake,"Crime,Drama,Mystery",6.5,84854
2021-06-14,5,5,-,Lupin,TV Show,Yes,"Jan 8, 2021",17,105,tt2531336,Lupin,"Action,Crime,Drama",7.5,154038
2021-06-14,6,6,5,Cocomelon,TV Show,,"Jun 1, 2020",234,804,tt12427840,Cocomelon,"Adventure,Animation,Family",3.6,1419
2021-06-14,7,7,2,Lucifer,TV Show,,"Dec 15, 2018",38,289,tt4052886,Lucifer,"Crime,Drama,Fantasy",8.0,384482
2021-06-14,8,8,-,L.A.'s Finest,TV Show,,"Jan 5, 2021",17,76,tt7555294,L.A.'s Finest,"Action,Comedy,Crime",6.2,8819
2021-06-14,9,-,-,A Haunted House 2,Movie,,"Jun 10, 2021",1,2,tt2828996,A Haunted House 2,"Comedy,Fantasy,Horror",4.7,25418
2021-06-14,10,9,6,Home,Movie,,"May 25, 2021",20,121,tt2224026,Home,"Adventure,Animation,Comedy",6.5,119316
2021-06-15,1,1,-,Manifest,TV Show,,"Jun 10, 2021",5,47,tt8421350,Manifest,"Drama,Mystery,Sci-Fi",7.0,101578
2021-06-15,2,3,-,Wish Dragon,Movie,Yes,"Jun 11, 2021",4,32,tt5562070,Wish Dragon,"Adventure,Animation,Comedy",7.2,37886
2021-06-15,3,2,1,Sweet Tooth,TV Show,Yes,"Jun 4, 2021",11,105,tt12809988,Sweet Tooth,"Action,Adventure,Drama",7.7,77603
2021-06-15,4,5,-,Lupin,TV Show,Yes,"Jan 8, 2021",18,112,tt2531336,Lupin,"Action,Crime,Drama",7.5,154038
2021-06-15,5,4,-,Awake,Movie,Yes,"Jun 9, 2021",6,46,tt0211933,Awake,"Crime,Drama,Mystery",6.5,84854
2021-06-15,6,6,5,Cocomelon,TV Show,,"Jun 1, 2020",235,809,tt12427840,Cocomelon,"Adventure,Animation,Family",3.6,1419
2021-06-15,7,7,2,Lucifer,TV Show,,"Dec 15, 2018",39,293,tt4052886,Lucifer,"Crime,Drama,Fantasy",8.0,384482
2021-06-15,8,8,-,L.A.'s Finest,TV Show,,"Jan 5, 2021",18,79,tt7555294,L.A.'s Finest,"Action,Comedy,Crime",6.2,8819
2021-06-15,9,9,-,A Haunted House 2,Movie,,"Jun 10, 2021",2,4,tt2828996,A Haunted House 2,"Comedy,Fantasy,Horror",4.7,25418
2021-06-15,10,-,-,The Devil Below,Movie,,"Jun 13, 2021",1,1,tt7646322,The Devil Below,"Horror,Mystery,Thriller",4.3,6376
2021-06-16,1,1,-,Manifest,TV Show,,"Jun 10, 2021",6,57,tt8421350,Manifest,"Drama,Mystery,Sci-Fi",7.0,101578
2021-06-16,2,2,-,Wish Dragon,Movie,Yes,"Jun 11, 2021",5,41,tt5562070,Wish Dragon,"Adventure,Animation,Comedy",7.2,37886
2021-06-16,3,3,1,Sweet Tooth,TV Show,Yes,"Jun 4, 2021",12,113,tt12809988,Sweet Tooth,"Action,Adventure,Drama",7.7,77603
2021-06-16,4,4,-,Lupin,TV Show,Yes,"Jan 8, 2021",19,119,tt2531336,Lupin,"Action,Crime,Drama",7.5,154038
2021-06-16,5,-,-,Workinâ Moms,TV Show,Yes,"Feb 22, 2019",7,34,,,,,
2021-06-16,6,6,5,Cocomelon,TV Show,,"Jun 1, 2020",236,814,tt12427840,Cocomelon,"Adventure,Animation,Family",3.6,1419
2021-06-16,7,7,2,Lucifer,TV Show,,"Dec 15, 2018",40,297,tt4052886,Lucifer,"Crime,Drama,Fantasy",8.0,384482
2021-06-16,8,5,-,Awake,Movie,Yes,"Jun 9, 2021",7,49,tt0211933,Awake,"Crime,Drama,Mystery",6.5,84854
2021-06-16,9,8,-,L.A.'s Finest,TV Show,,"Jan 5, 2021",19,81,tt7555294,L.A.'s Finest,"Action,Comedy,Crime",6.2,8819
2021-06-16,10,10,-,The Devil Below,Movie,,"Jun 13, 2021",2,2,tt7646322,The Devil Below,"Horror,Mystery,Thriller",4.3,6376
2021-06-17,1,1,-,Manifest,TV Show,,"Jun 10, 2021",7,67,tt8421350,Manifest,"Drama,Mystery,Sci-Fi",7.0,101578
2021-06-17,2,2,-,Wish Dragon,Movie,Yes,"Jun 11, 2021",6,50,tt5562070,Wish Dragon,"Adventure,Animation,Comedy",7.2,37886
2021-06-17,3,3,1,Sweet Tooth,TV Show,Yes,"Jun 4, 2021",13,121,tt12809988,Sweet Tooth,"Action,Adventure,Drama",7.7,77603
2021-06-17,4,5,-,Workinâ Moms,TV Show,Yes,"Feb 22, 2019",8,41,,,,,
2021-06-17,5,4,-,Lupin,TV Show,Yes,"Jan 8, 2021",20,125,tt2531336,Lupin,"Action,Crime,Drama",7.5,154038
2021-06-17,6,6,4,Cocomelon,TV Show,,"Jun 1, 2020",237,819,tt12427840,Cocomelon,"Adventure,Animation,Family",3.6,1419
2021-06-17,7,7,3,Lucifer,TV Show,,"Dec 15, 2018",41,301,tt4052886,Lucifer,"Crime,Drama,Fantasy",8.0,384482
2021-06-17,8,10,-,The Devil Below,Movie,,"Jun 13, 2021",3,5,tt7646322,The Devil Below,"Horror,Mystery,Thriller",4.3,6376
2021-06-17,9,9,-,L.A.'s Finest,TV Show,,"Jan 5, 2021",20,83,tt7555294,L.A.'s Finest,"Action,Comedy,Crime",6.2,8819
2021-06-17,10,8,2,Awake,Movie,Yes,"Jun 9, 2021",8,50,tt0211933,Awake,"Crime,Drama,Mystery",6.5,84854
2021-06-18,1,1,3,Manifest,TV Show,,"Jun 10, 2021",8,77,tt8421350,Manifest,"Drama,Mystery,Sci-Fi",7.0,101578
2021-06-18,2,2,-,Wish Dragon,Movie,Yes,"Jun 11, 2021",7,59,tt5562070,Wish Dragon,"Adventure,Animation,Comedy",7.2,37886
2021-06-18,3,3,1,Sweet Tooth,TV Show,Yes,"Jun 4, 2021",14,129,tt12809988,Sweet Tooth,"Action,Adventure,Drama",7.7,77603
2021-06-18,4,4,-,Workinâ Moms,TV Show,Yes,"Feb 22, 2019",9,48,,,,,
2021-06-18,5,6,5,Cocomelon,TV Show,,"Jun 1, 2020",238,825,tt12427840,Cocomelon,"Adventure,Animation,Family",3.6,1419
2021-06-18,6,5,-,Lupin,TV Show,Yes,"Jan 8, 2021",21,130,tt2531336,Lupin,"Action,Crime,Drama",7.5,154038
2021-06-18,7,-,-,Black Summer,TV Show,Yes,"Apr 11, 2019",1,4,tt8923854,Black Summer,"Action,Drama,Horror",6.6,37477
2021-06-18,8,7,4,Lucifer,TV Show,,"Dec 15, 2018",42,304,tt4052886,Lucifer,"Crime,Drama,Fantasy",8.0,384482
2021-06-18,9,-,-,Ragnarok,TV Show,Yes,"Jan 31, 2020",9,39,tt9251798,Ragnarok,"Action,Drama,Fantasy",7.3,53156
2021-06-18,10,9,10,L.A.'s Finest,TV Show,,"Jan 5, 2021",21,84,tt7555294,L.A.'s Finest,"Action,Comedy,Crime",6.2,8819
2021-06-19,1,-,-,Fatherhood,Movie,Yes,"Jun 18, 2021",1,10,tt4733624,Fatherhood,"Comedy,Drama",6.6,45852
2021-06-19,2,1,2,Manifest,TV Show,,"Jun 10, 2021",9,86,tt8421350,Manifest,"Drama,Mystery,Sci-Fi",7.0,101578
2021-06-19,3,2,4,Wish Dragon,Movie,Yes,"Jun 11, 2021",8,67,tt5562070,Wish Dragon,"Adventure,Animation,Comedy",7.2,37886
2021-06-19,4,3,1,Sweet Tooth,TV Show,Yes,"Jun 4, 2021",15,136,tt12809988,Sweet Tooth,"Action,Adventure,Drama",7.7,77603
2021-06-19,5,5,6,Cocomelon,TV Show,,"Jun 1, 2020",239,831,tt12427840,Cocomelon,"Adventure,Animation,Family",3.6,1419
2021-06-19,6,4,-,Workinâ Moms,TV Show,Yes,"Feb 22, 2019",10,53,,,,,
2021-06-19,7,7,-,Black Summer,TV Show,Yes,"Apr 11, 2019",2,8,tt8923854,Black Summer,"Action,Drama,Horror",6.6,37477
2021-06-19,8,-,-,Ãlite,TV Show,Yes,"Oct 5, 2018",1,3,,,,,
2021-06-19,9,9,-,Ragnarok,TV Show,Yes,"Jan 31, 2020",10,41,tt9251798,Ragnarok,"Action,Drama,Fantasy",7.3,53156
2021-06-19,10,6,5,Lupin,TV Show,Yes,"Jan 8, 2021",22,131,tt2531336,Lupin,"Action,Crime,Drama",7.5,154038
2021-06-20,1,1,-,Fatherhood,Movie,Yes,"Jun 18, 2021",2,20,tt4733624,Fatherhood,"Comedy,Drama",6.6,45852
2021-06-20,2,2,1,Manifest,TV Show,,"Jun 10, 2021",10,95,tt8421350,Manifest,"Drama,Mystery,Sci-Fi",7.0,101578
2021-06-20,3,3,3,Wish Dragon,Movie,Yes,"Jun 11, 2021",9,75,tt5562070,Wish Dragon,"Adventure,Animation,Comedy",7.2,37886
2021-06-20,4,4,2,Sweet Tooth,TV Show,Yes,"Jun 4, 2021",16,143,tt12809988,Sweet Tooth,"Action,Adventure,Drama",7.7,77603
2021-06-20,5,7,-,Black Summer,TV Show,Yes,"Apr 11, 2019",3,14,tt8923854,Black Summer,"Action,Drama,Horror",6.6,37477
2021-06-20,6,8,-,Ãlite,TV Show,Yes,"Oct 5, 2018",2,8,,,,,
2021-06-20,7,5,6,Cocomelon,TV Show,,"Jun 1, 2020",240,835,tt12427840,Cocomelon,"Adventure,Animation,Family",3.6,1419
2021-06-20,8,6,-,Workinâ Moms,TV Show,Yes,"Feb 22, 2019",11,56,,,,,
2021-06-20,9,9,-,Ragnarok,TV Show,Yes,"Jan 31, 2020",11,43,tt9251798,Ragnarok,"Action,Drama,Fantasy",7.3,53156
2021-06-20,10,10,5,Lupin,TV Show,Yes,"Jan 8, 2021",23,132,tt2531336,Lupin,"Action,Crime,Drama",7.5,154038
2021-06-21,1,1,-,Fatherhood,Movie,Yes,"Jun 18, 2021",3,30,tt4733624,Fatherhood,"Comedy,Drama",6.6,45852
2021-06-21,2,2,1,Manifest,TV Show,,"Jun 10, 2021",11,104,tt8421350,Manifest,"Drama,Mystery,Sci-Fi",7.0,101578
2021-06-21,3,3,3,Wish Dragon,Movie,Yes,"Jun 11, 2021",10,83,tt5562070,Wish Dragon,"Adventure,Animation,Comedy",7.2,37886
2021-06-21,4,4,2,Sweet Tooth,TV Show,Yes,"Jun 4, 2021",17,150,tt12809988,Sweet Tooth,"Action,Adventure,Drama",7.7,77603
2021-06-21,5,5,-,Black Summer,TV Show,Yes,"Apr 11, 2019",4,20,tt8923854,Black Summer,"Action,Drama,Horror",6.6,37477
2021-06-21,6,6,-,Ãlite,TV Show,Yes,"Oct 5, 2018",3,13,,,,,
2021-06-21,7,7,6,Cocomelon,TV Show,,"Jun 1, 2020",241,839,tt12427840,Cocomelon,"Adventure,Animation,Family",3.6,1419
2021-06-21,8,-,-,The Worldâs Most Amazing Va…,TV Show,Yes,"Jun 18, 2021",1,3,,,,,
2021-06-21,9,8,-,Workinâ Moms,TV Show,Yes,"Feb 22, 2019",12,58,,,,,
2021-06-21,10,9,-,Ragnarok,TV Show,Yes,"Jan 31, 2020",12,44,tt9251798,Ragnarok,"Action,Drama,Fantasy",7.3,53156
2021-06-22,1,1,-,Fatherhood,Movie,Yes,"Jun 18, 2021",4,40,tt4733624,Fatherhood,"Comedy,Drama",6.6,45852
2021-06-22,2,2,1,Manifest,TV Show,,"Jun 10, 2021",12,113,tt8421350,Manifest,"Drama,Mystery,Sci-Fi",7.0,101578
2021-06-22,3,3,2,Wish Dragon,Movie,Yes,"Jun 11, 2021",11,91,tt5562070,Wish Dragon,"Adventure,Animation,Comedy",7.2,37886
2021-06-22,4,4,3,Sweet Tooth,TV Show,Yes,"Jun 4, 2021",18,157,tt12809988,Sweet Tooth,"Action,Adventure,Drama",7.7,77603
2021-06-22,5,6,-,Ãlite,TV Show,Yes,"Oct 5, 2018",4,19,,,,,
2021-06-22,6,7,6,Cocomelon,TV Show,,"Jun 1, 2020",242,844,tt12427840,Cocomelon,"Adventure,Animation,Family",3.6,1419
2021-06-22,7,5,-,Black Summer,TV Show,Yes,"Apr 11, 2019",5,24,tt8923854,Black Summer,"Action,Drama,Horror",6.6,37477
2021-06-22,8,9,-,Workinâ Moms,TV Show,Yes,"Feb 22, 2019",13,61,,,,,
2021-06-22,9,8,-,The Worldâs Most Amazing Va…,TV Show,Yes,"Jun 18, 2021",2,5,,,,,
2021-06-22,10,10,-,Ragnarok,TV Show,Yes,"Jan 31, 2020",13,45,tt9251798,Ragnarok,"Action,Drama,Fantasy",7.3,53156
2021-06-23,1,1,-,Fatherhood,Movie,Yes,"Jun 18, 2021",5,50,tt4733624,Fatherhood,"Comedy,Drama",6.6,45852
2021-06-23,2,2,1,Manifest,TV Show,,"Jun 10, 2021",13,122,tt8421350,Manifest,"Drama,Mystery,Sci-Fi",7.0,101578
2021-06-23,3,3,2,Wish Dragon,Movie,Yes,"Jun 11, 2021",12,99,tt5562070,Wish Dragon,"Adventure,Animation,Comedy",7.2,37886
2021-06-23,4,6,6,Cocomelon,TV Show,,"Jun 1, 2020",243,851,tt12427840,Cocomelon,"Adventure,Animation,Family",3.6,1419
2021-06-23,5,4,3,Sweet Tooth,TV Show,Yes,"Jun 4, 2021",19,163,tt12809988,Sweet Tooth,"Action,Adventure,Drama",7.7,77603
2021-06-23,6,5,-,Ãlite,TV Show,Yes,"Oct 5, 2018",5,24,,,,,
2021-06-23,7,9,-,The Worldâs Most Amazing Va…,TV Show,Yes,"Jun 18, 2021",3,9,,,,,
2021-06-23,8,7,-,Black Summer,TV Show,Yes,"Apr 11, 2019",6,27,tt8923854,Black Summer,"Action,Drama,Horror",6.6,37477
2021-06-23,9,8,5,Workinâ Moms,TV Show,Yes,"Feb 22, 2019",14,63,,,,,
2021-06-23,10,-,7,Lucifer,TV Show,,"Dec 15, 2018",43,305,tt4052886,Lucifer,"Crime,Drama,Fantasy",8.0,384482
2021-06-24,1,2,1,Manifest,TV Show,,"Jun 10, 2021",14,132,tt8421350,Manifest,"Drama,Mystery,Sci-Fi",7.0,101578
2021-06-24,2,1,-,Fatherhood,Movie,Yes,"Jun 18, 2021",6,59,tt4733624,Fatherhood,"Comedy,Drama",6.6,45852
2021-06-24,3,-,-,Too Hot to Handle,TV Show,Yes,"Apr 17, 2020",16,96,tt12004280,Too Hot to Handle,"Documentary,Game-Show,Reality-TV",4.8,16015
2021-06-24,4,4,6,Cocomelon,TV Show,,"Jun 1, 2020",244,858,tt12427840,Cocomelon,"Adventure,Animation,Family",3.6,1419
2021-06-24,5,3,2,Wish Dragon,Movie,Yes,"Jun 11, 2021",13,105,tt5562070,Wish Dragon,"Adventure,Animation,Comedy",7.2,37886
2021-06-24,6,-,-,Good on Paper,Movie,Yes,"Jun 23, 2021",1,5,tt8231668,Good on Paper,"Comedy,Romance",5.6,14959
2021-06-24,7,5,3,Sweet Tooth,TV Show,Yes,"Jun 4, 2021",20,167,tt12809988,Sweet Tooth,"Action,Adventure,Drama",7.7,77603
2021-06-24,8,6,-,Ãlite,TV Show,Yes,"Oct 5, 2018",6,27,,,,,
2021-06-24,9,7,-,The Worldâs Most Amazing Va…,TV Show,Yes,"Jun 18, 2021",4,11,,,,,
2021-06-24,10,8,-,Black Summer,TV Show,Yes,"Apr 11, 2019",7,28,tt8923854,Black Summer,"Action,Drama,Horror",6.6,37477
2021-06-25,1,1,1,Manifest,TV Show,,"Jun 10, 2021",15,142,tt8421350,Manifest,"Drama,Mystery,Sci-Fi",7.0,101578
2021-06-25,2,2,-,Fatherhood,Movie,Yes,"Jun 18, 2021",7,68,tt4733624,Fatherhood,"Comedy,Drama",6.6,45852
2021-06-25,3,3,-,Too Hot to Handle,TV Show,Yes,"Apr 17, 2020",17,104,tt12004280,Too Hot to Handle,"Documentary,Game-Show,Reality-TV",4.8,16015
2021-06-25,4,6,-,Good on Paper,Movie,Yes,"Jun 23, 2021",2,12,tt8231668,Good on Paper,"Comedy,Romance",5.6,14959
2021-06-25,5,4,5,Cocomelon,TV Show,,"Jun 1, 2020",245,864,tt12427840,Cocomelon,"Adventure,Animation,Family",3.6,1419
2021-06-25,6,5,2,Wish Dragon,Movie,Yes,"Jun 11, 2021",14,110,tt5562070,Wish Dragon,"Adventure,Animation,Comedy",7.2,37886
2021-06-25,7,7,3,Sweet Tooth,TV Show,Yes,"Jun 4, 2021",21,171,tt12809988,Sweet Tooth,"Action,Adventure,Drama",7.7,77603
2021-06-25,8,9,-,The Worldâs Most Amazing Va…,TV Show,Yes,"Jun 18, 2021",5,14,,,,,
2021-06-25,9,10,7,Black Summer,TV Show,Yes,"Apr 11, 2019",8,30,tt8923854,Black Summer,"Action,Drama,Horror",6.6,37477
2021-06-25,10,8,-,Ãlite,TV Show,Yes,"Oct 5, 2018",7,28,,,,,
2021-06-26,1,-,-,The Ice Road,Movie,Yes,"Jun 25, 2021",1,10,tt3758814,The Ice Road,"Action,Adventure,Thriller",5.7,55568
2021-06-26,2,1,2,Manifest,TV Show,,"Jun 10, 2021",16,151,tt8421350,Manifest,"Drama,Mystery,Sci-Fi",7.0,101578
2021-06-26,3,2,1,Fatherhood,Movie,Yes,"Jun 18, 2021",8,76,tt4733624,Fatherhood,"Comedy,Drama",6.6,45852
2021-06-26,4,3,-,Too Hot to Handle,TV Show,Yes,"Apr 17, 2020",18,111,tt12004280,Too Hot to Handle,"Documentary,Game-Show,Reality-TV",4.8,16015
2021-06-26,5,4,-,Good on Paper,Movie,Yes,"Jun 23, 2021",3,18,tt8231668,Good on Paper,"Comedy,Romance",5.6,14959
2021-06-26,6,-,-,Sex/Life,TV Show,Yes,"Jun 25, 2021",1,5,tt10839422,Sex/Life,"Comedy,Drama,Romance",5.6,33762
2021-06-26,7,5,5,Cocomelon,TV Show,,"Jun 1, 2020",246,868,tt12427840,Cocomelon,"Adventure,Animation,Family",3.6,1419
2021-06-26,8,6,3,Wish Dragon,Movie,Yes,"Jun 11, 2021",15,113,tt5562070,Wish Dragon,"Adventure,Animation,Comedy",7.2,37886
2021-06-26,9,7,4,Sweet Tooth,TV Show,Yes,"Jun 4, 2021",22,173,tt12809988,Sweet Tooth,"Action,Adventure,Drama",7.7,77603
2021-06-26,10,8,-,The Worldâs Most Amazing Va…,TV Show,Yes,"Jun 18, 2021",6,15,,,,,
2021-06-27,1,1,-,The Ice Road,Movie,Yes,"Jun 25, 2021",2,20,tt3758814,The Ice Road,"Action,Adventure,Thriller",5.7,55568
2021-06-27,2,2,2,Manifest,TV Show,,"Jun 10, 2021",17,160,tt8421350,Manifest,"Drama,Mystery,Sci-Fi",7.0,101578
2021-06-27,3,3,1,Fatherhood,Movie,Yes,"Jun 18, 2021",9,84,tt4733624,Fatherhood,"Comedy,Drama",6.6,45852
2021-06-27,4,6,-,Sex/Life,TV Show,Yes,"Jun 25, 2021",2,12,tt10839422,Sex/Life,"Comedy,Drama,Romance",5.6,33762
2021-06-27,5,5,-,Good on Paper,Movie,Yes,"Jun 23, 2021",4,24,tt8231668,Good on Paper,"Comedy,Romance",5.6,14959
2021-06-27,6,4,-,Too Hot to Handle,TV Show,Yes,"Apr 17, 2020",19,116,tt12004280,Too Hot to Handle,"Documentary,Game-Show,Reality-TV",4.8,16015
2021-06-27,7,7,7,Cocomelon,TV Show,,"Jun 1, 2020",247,872,tt12427840,Cocomelon,"Adventure,Animation,Family",3.6,1419
2021-06-27,8,8,3,Wish Dragon,Movie,Yes,"Jun 11, 2021",16,116,tt5562070,Wish Dragon,"Adventure,Animation,Comedy",7.2,37886
2021-06-27,9,10,-,The Worldâs Most Amazing Va…,TV Show,Yes,"Jun 18, 2021",7,17,,,,,
2021-06-27,10,9,4,Sweet Tooth,TV Show,Yes,"Jun 4, 2021",23,174,tt12809988,Sweet Tooth,"Action,Adventure,Drama",7.7,77603
2021-06-28,1,1,-,The Ice Road,Movie,Yes,"Jun 25, 2021",3,30,tt3758814,The Ice Road,"Action,Adventure,Thriller",5.7,55568
2021-06-28,2,2,2,Manifest,TV Show,,"Jun 10, 2021",18,169,tt8421350,Manifest,"Drama,Mystery,Sci-Fi",7.0,101578
2021-06-28,3,3,1,Fatherhood,Movie,Yes,"Jun 18, 2021",10,92,tt4733624,Fatherhood,"Comedy,Drama",6.6,45852
2021-06-28,4,4,-,Sex/Life,TV Show,Yes,"Jun 25, 2021",3,19,tt10839422,Sex/Life,"Comedy,Drama,Romance",5.6,33762
2021-06-28,5,5,-,Good on Paper,Movie,Yes,"Jun 23, 2021",5,30,tt8231668,Good on Paper,"Comedy,Romance",5.6,14959
2021-06-28,6,6,-,Too Hot to Handle,TV Show,Yes,"Apr 17, 2020",20,121,tt12004280,Too Hot to Handle,"Documentary,Game-Show,Reality-TV",4.8,16015
2021-06-28,7,7,7,Cocomelon,TV Show,,"Jun 1, 2020",248,876,tt12427840,Cocomelon,"Adventure,Animation,Family",3.6,1419
2021-06-28,8,9,8,The Worldâs Most Amazing Va…,TV Show,Yes,"Jun 18, 2021",8,20,,,,,
2021-06-28,9,8,3,Wish Dragon,Movie,Yes,"Jun 11, 2021",17,118,tt5562070,Wish Dragon,"Adventure,Animation,Comedy",7.2,37886
2021-06-28,10,10,4,Sweet Tooth,TV Show,Yes,"Jun 4, 2021",24,175,tt12809988,Sweet Tooth,"Action,Adventure,Drama",7.7,77603
2021-06-29,1,2,2,Manifest,TV Show,,"Jun 10, 2021",19,179,tt8421350,Manifest,"Drama,Mystery,Sci-Fi",7.0,101578
2021-06-29,2,1,-,The Ice Road,Movie,Yes,"Jun 25, 2021",4,39,tt3758814,The Ice Road,"Action,Adventure,Thriller",5.7,55568
2021-06-29,3,4,-,Sex/Life,TV Show,Yes,"Jun 25, 2021",4,27,tt10839422,Sex/Life,"Comedy,Drama,Romance",5.6,33762
2021-06-29,4,-,-,The Seven Deadly Sins,TV Show,Yes,"Nov 1, 2015",13,73,tt3909224,The Seven Deadly Sins,"Action,Adventure,Animation",7.7,44269
2021-06-29,5,3,1,Fatherhood,Movie,Yes,"Jun 18, 2021",11,98,tt4733624,Fatherhood,"Comedy,Drama",6.6,45852
2021-06-29,6,7,6,Cocomelon,TV Show,,"Jun 1, 2020",249,881,tt12427840,Cocomelon,"Adventure,Animation,Family",3.6,1419
2021-06-29,7,6,-,Too Hot to Handle,TV Show,Yes,"Apr 17, 2020",21,125,tt12004280,Too Hot to Handle,"Documentary,Game-Show,Reality-TV",4.8,16015
2021-06-29,8,5,-,Good on Paper,Movie,Yes,"Jun 23, 2021",6,33,tt8231668,Good on Paper,"Comedy,Romance",5.6,14959
2021-06-29,9,9,3,Wish Dragon,Movie,Yes,"Jun 11, 2021",18,120,tt5562070,Wish Dragon,"Adventure,Animation,Comedy",7.2,37886
2021-06-29,10,10,4,Sweet Tooth,TV Show,Yes,"Jun 4, 2021",25,176,tt12809988,Sweet Tooth,"Action,Adventure,Drama",7.7,77603
2021-06-30,1,1,2,Manifest,TV Show,,"Jun 10, 2021",20,189,tt8421350,Manifest,"Drama,Mystery,Sci-Fi",7.0,101578
2021-06-30,2,2,-,The Ice Road,Movie,Yes,"Jun 25, 2021",5,48,tt3758814,The Ice Road,"Action,Adventure,Thriller",5.7,55568
2021-06-30,3,3,-,Sex/Life,TV Show,Yes,"Jun 25, 2021",5,35,tt10839422,Sex/Life,"Comedy,Drama,Romance",5.6,33762
2021-06-30,4,4,-,The Seven Deadly Sins,TV Show,Yes,"Nov 1, 2015",14,80,tt3909224,The Seven Deadly Sins,"Action,Adventure,Animation",7.7,44269
2021-06-30,5,5,1,Fatherhood,Movie,Yes,"Jun 18, 2021",12,104,tt4733624,Fatherhood,"Comedy,Drama",6.6,45852
2021-06-30,6,6,4,Cocomelon,TV Show,,"Jun 1, 2020",250,886,tt12427840,Cocomelon,"Adventure,Animation,Family",3.6,1419
2021-06-30,7,7,-,Too Hot to Handle,TV Show,Yes,"Apr 17, 2020",22,129,tt12004280,Too Hot to Handle,"Documentary,Game-Show,Reality-TV",4.8,16015
2021-06-30,8,8,-,Good on Paper,Movie,Yes,"Jun 23, 2021",7,36,tt8231668,Good on Paper,"Comedy,Romance",5.6,14959
2021-06-30,9,9,3,Wish Dragon,Movie,Yes,"Jun 11, 2021",19,122,tt5562070,Wish Dragon,"Adventure,Animation,Comedy",7.2,37886
2021-06-30,10,10,5,Sweet Tooth,TV Show,Yes,"Jun 4, 2021",26,177,tt12809988,Sweet Tooth,"Action,Adventure,Drama",7.7,77603
2021-07-01,1,1,1,Manifest,TV Show,,"Jun 10, 2021",21,199,tt8421350,Manifest,"Drama,Mystery,Sci-Fi",7.0,101578
2021-07-01,2,7,3,Too Hot to Handle,TV Show,Yes,"Apr 17, 2020",23,138,tt12004280,Too Hot to Handle,"Documentary,Game-Show,Reality-TV",4.8,16015
2021-07-01,3,3,-,Sex/Life,TV Show,Yes,"Jun 25, 2021",6,43,tt10839422,Sex/Life,"Comedy,Drama,Romance",5.6,33762
2021-07-01,4,2,-,The Ice Road,Movie,Yes,"Jun 25, 2021",6,55,tt3758814,The Ice Road,"Action,Adventure,Thriller",5.7,55568
2021-07-01,5,5,2,Fatherhood,Movie,Yes,"Jun 18, 2021",13,110,tt4733624,Fatherhood,"Comedy,Drama",6.6,45852
2021-07-01,6,4,-,The Seven Deadly Sins,TV Show,Yes,"Nov 1, 2015",15,85,tt3909224,The Seven Deadly Sins,"Action,Adventure,Animation",7.7,44269
2021-07-01,7,6,4,Cocomelon,TV Show,,"Jun 1, 2020",251,890,tt12427840,Cocomelon,"Adventure,Animation,Family",3.6,1419
2021-07-01,8,-,-,Sophie: A Murder in West Cork,TV Show,Yes,"Jun 30, 2021",1,3,tt14681732,Sophie: A Murder in West Cork,"Crime,Documentary,History",6.8,6555
2021-07-01,9,9,5,Wish Dragon,Movie,Yes,"Jun 11, 2021",20,124,tt5562070,Wish Dragon,"Adventure,Animation,Comedy",7.2,37886
2021-07-01,10,8,6,Good on Paper,Movie,Yes,"Jun 23, 2021",8,37,tt8231668,Good on Paper,"Comedy,Romance",5.6,14959
2021-07-02,1,1,1,Manifest,TV Show,,"Jun 10, 2021",22,209,tt8421350,Manifest,"Drama,Mystery,Sci-Fi",7.0,101578
2021-07-02,2,2,3,Too Hot to Handle,TV Show,Yes,"Apr 17, 2020",24,147,tt12004280,Too Hot to Handle,"Documentary,Game-Show,Reality-TV",4.8,16015
2021-07-02,3,3,-,Sex/Life,TV Show,Yes,"Jun 25, 2021",7,51,tt10839422,Sex/Life,"Comedy,Drama,Romance",5.6,33762
2021-07-02,4,4,-,The Ice Road,Movie,Yes,"Jun 25, 2021",7,62,tt3758814,The Ice Road,"Action,Adventure,Thriller",5.7,55568
2021-07-02,5,8,-,Sophie: A Murder in West Cork,TV Show,Yes,"Jun 30, 2021",2,9,tt14681732,Sophie: A Murder in West Cork,"Crime,Documentary,History",6.8,6555
2021-07-02,6,5,2,Fatherhood,Movie,Yes,"Jun 18, 2021",14,115,tt4733624,Fatherhood,"Comedy,Drama",6.6,45852
2021-07-02,7,7,5,Cocomelon,TV Show,,"Jun 1, 2020",252,894,tt12427840,Cocomelon,"Adventure,Animation,Family",3.6,1419
2021-07-02,8,6,-,The Seven Deadly Sins,TV Show,Yes,"Nov 1, 2015",16,88,tt3909224,The Seven Deadly Sins,"Action,Adventure,Animation",7.7,44269
2021-07-02,9,-,-,The Bureau of Magical Things,TV Show,,"Jul 1, 2021",1,2,tt7153034,The Bureau of Magical Things,"Drama,Family,Fantasy",6.9,3543
2021-07-02,10,9,6,Wish Dragon,Movie,Yes,"Jun 11, 2021",21,125,tt5562070,Wish Dragon,"Adventure,Animation,Comedy",7.2,37886
2021-07-03,1,1,2,Manifest,TV Show,,"Jun 10, 2021",23,219,tt8421350,Manifest,"Drama,Mystery,Sci-Fi",7.0,101578
2021-07-03,2,3,6,Sex/Life,TV Show,Yes,"Jun 25, 2021",8,60,tt10839422,Sex/Life,"Comedy,Drama,Romance",5.6,33762
2021-07-03,3,-,-,Fear Street Part 1: 1994,Movie,Yes,"Jul 2, 2021",1,8,,,,,
2021-07-03,4,2,4,Too Hot to Handle,TV Show,Yes,"Apr 17, 2020",25,154,tt12004280,Too Hot to Handle,"Documentary,Game-Show,Reality-TV",4.8,16015
2021-07-03,5,4,1,The Ice Road,Movie,Yes,"Jun 25, 2021",8,68,tt3758814,The Ice Road,"Action,Adventure,Thriller",5.7,55568
2021-07-03,6,6,3,Fatherhood,Movie,Yes,"Jun 18, 2021",15,120,tt4733624,Fatherhood,"Comedy,Drama",6.6,45852
2021-07-03,7,9,-,The Bureau of Magical Things,TV Show,,"Jul 1, 2021",2,6,tt7153034,The Bureau of Magical Things,"Drama,Family,Fantasy",6.9,3543
2021-07-03,8,7,7,Cocomelon,TV Show,,"Jun 1, 2020",253,897,tt12427840,Cocomelon,"Adventure,Animation,Family",3.6,1419
2021-07-03,9,5,-,Sophie: A Murder in West Cork,TV Show,Yes,"Jun 30, 2021",3,11,tt14681732,Sophie: A Murder in West Cork,"Crime,Documentary,History",6.8,6555
2021-07-03,10,8,-,The Seven Deadly Sins,TV Show,Yes,"Nov 1, 2015",17,89,tt3909224,The Seven Deadly Sins,"Action,Adventure,Animation",7.7,44269
2021-07-04,1,1,2,Manifest,TV Show,,"Jun 10, 2021",24,229,tt8421350,Manifest,"Drama,Mystery,Sci-Fi",7.0,101578
2021-07-04,2,3,-,Fear Street Part 1: 1994,Movie,Yes,"Jul 2, 2021",2,17,,,,,
2021-07-04,3,2,4,Sex/Life,TV Show,Yes,"Jun 25, 2021",9,68,tt10839422,Sex/Life,"Comedy,Drama,Romance",5.6,33762
2021-07-04,4,4,6,Too Hot to Handle,TV Show,Yes,"Apr 17, 2020",26,161,tt12004280,Too Hot to Handle,"Documentary,Game-Show,Reality-TV",4.8,16015
2021-07-04,5,5,1,The Ice Road,Movie,Yes,"Jun 25, 2021",9,74,tt3758814,The Ice Road,"Action,Adventure,Thriller",5.7,55568
2021-07-04,6,6,3,Fatherhood,Movie,Yes,"Jun 18, 2021",16,125,tt4733624,Fatherhood,"Comedy,Drama",6.6,45852
2021-07-04,7,-,-,Mother's Day,Movie,,"Jul 1, 2021",1,4,tt4824302,Mother's Day,"Comedy,Drama,Romance",5.7,41799
2021-07-04,8,8,7,Cocomelon,TV Show,,"Jun 1, 2020",254,900,tt12427840,Cocomelon,"Adventure,Animation,Family",3.6,1419
2021-07-04,9,7,-,The Bureau of Magical Things,TV Show,,"Jul 1, 2021",3,8,tt7153034,The Bureau of Magical Things,"Drama,Family,Fantasy",6.9,3543
2021-07-04,10,9,-,Sophie: A Murder in West Cork,TV Show,Yes,"Jun 30, 2021",4,12,tt14681732,Sophie: A Murder in West Cork,"Crime,Documentary,History",6.8,6555
2021-07-05,1,1,2,Manifest,TV Show,,"Jun 10, 2021",25,239,tt8421350,Manifest,"Drama,Mystery,Sci-Fi",7.0,101578
2021-07-05,2,3,4,Sex/Life,TV Show,Yes,"Jun 25, 2021",10,77,tt10839422,Sex/Life,"Comedy,Drama,Romance",5.6,33762
2021-07-05,3,2,-,Fear Street Part 1: 1994,Movie,Yes,"Jul 2, 2021",3,25,,,,,
2021-07-05,4,7,-,Mother's Day,Movie,,"Jul 1, 2021",2,11,tt4824302,Mother's Day,"Comedy,Drama,Romance",5.7,41799
2021-07-05,5,4,6,Too Hot to Handle,TV Show,Yes,"Apr 17, 2020",27,167,tt12004280,Too Hot to Handle,"Documentary,Game-Show,Reality-TV",4.8,16015
2021-07-05,6,5,1,The Ice Road,Movie,Yes,"Jun 25, 2021",10,79,tt3758814,The Ice Road,"Action,Adventure,Thriller",5.7,55568
2021-07-05,7,9,-,The Bureau of Magical Things,TV Show,,"Jul 1, 2021",4,12,tt7153034,The Bureau of Magical Things,"Drama,Family,Fantasy",6.9,3543
2021-07-05,8,6,3,Fatherhood,Movie,Yes,"Jun 18, 2021",17,128,tt4733624,Fatherhood,"Comedy,Drama",6.6,45852
2021-07-05,9,8,7,Cocomelon,TV Show,,"Jun 1, 2020",255,902,tt12427840,Cocomelon,"Adventure,Animation,Family",3.6,1419
2021-07-05,10,-,-,Talladega Nights: The Balla…,Movie,,"Jul 1, 2021",1,1,,,,,
2021-07-06,1,1,1,Manifest,TV Show,,"Jun 10, 2021",26,249,tt8421350,Manifest,"Drama,Mystery,Sci-Fi",7.0,101578
2021-07-06,2,2,3,Sex/Life,TV Show,Yes,"Jun 25, 2021",11,86,tt10839422,Sex/Life,"Comedy,Drama,Romance",5.6,33762
2021-07-06,3,3,-,Fear Street Part 1: 1994,Movie,Yes,"Jul 2, 2021",4,33,,,,,
2021-07-06,4,4,-,Mother's Day,Movie,,"Jul 1, 2021",3,18,tt4824302,Mother's Day,"Comedy,Drama,Romance",5.7,41799
2021-07-06,5,5,7,Too Hot to Handle,TV Show,Yes,"Apr 17, 2020",28,173,tt12004280,Too Hot to Handle,"Documentary,Game-Show,Reality-TV",4.8,16015
2021-07-06,6,10,-,Talladega Nights: The Balla…,Movie,,"Jul 1, 2021",2,6,,,,,
2021-07-06,7,6,2,The Ice Road,Movie,Yes,"Jun 25, 2021",11,83,tt3758814,The Ice Road,"Action,Adventure,Thriller",5.7,55568
2021-07-06,8,7,-,The Bureau of Magical Things,TV Show,,"Jul 1, 2021",5,15,tt7153034,The Bureau of Magical Things,"Drama,Family,Fantasy",6.9,3543
2021-07-06,9,9,6,Cocomelon,TV Show,,"Jun 1, 2020",256,904,tt12427840,Cocomelon,"Adventure,Animation,Family",3.6,1419
2021-07-06,10,8,5,Fatherhood,Movie,Yes,"Jun 18, 2021",18,129,tt4733624,Fatherhood,"Comedy,Drama",6.6,45852
2021-07-07,1,1,1,Manifest,TV Show,,"Jun 10, 2021",27,259,tt8421350,Manifest,"Drama,Mystery,Sci-Fi",7.0,101578
2021-07-07,2,2,3,Sex/Life,TV Show,Yes,"Jun 25, 2021",12,95,tt10839422,Sex/Life,"Comedy,Drama,Romance",5.6,33762
2021-07-07,3,5,7,Too Hot to Handle,TV Show,Yes,"Apr 17, 2020",29,181,tt12004280,Too Hot to Handle,"Documentary,Game-Show,Reality-TV",4.8,16015
2021-07-07,4,4,-,Mother's Day,Movie,,"Jul 1, 2021",4,25,tt4824302,Mother's Day,"Comedy,Drama,Romance",5.7,41799
2021-07-07,5,3,-,Fear Street Part 1: 1994,Movie,Yes,"Jul 2, 2021",5,39,,,,,
2021-07-07,6,9,6,Cocomelon,TV Show,,"Jun 1, 2020",257,909,tt12427840,Cocomelon,"Adventure,Animation,Family",3.6,1419
2021-07-07,7,8,-,The Bureau of Magical Things,TV Show,,"Jul 1, 2021",6,19,tt7153034,The Bureau of Magical Things,"Drama,Family,Fantasy",6.9,3543
2021-07-07,8,6,-,Talladega Nights: The Balla…,Movie,,"Jul 1, 2021",3,9,,,,,
2021-07-07,9,-,-,Kung Fu Panda,Movie,,"Jul 1, 2021",1,2,tt0441773,Kung Fu Panda,"Action,Adventure,Animation",7.6,566324
2021-07-07,10,7,2,The Ice Road,Movie,Yes,"Jun 25, 2021",12,84,tt3758814,The Ice Road,"Action,Adventure,Thriller",5.7,55568
2021-07-08,1,1,1,Manifest,TV Show,,"Jun 10, 2021",28,269,tt8421350,Manifest,"Drama,Mystery,Sci-Fi",7.0,101578
2021-07-08,2,2,3,Sex/Life,TV Show,Yes,"Jun 25, 2021",13,104,tt10839422,Sex/Life,"Comedy,Drama,Romance",5.6,33762
2021-07-08,3,4,-,Mother's Day,Movie,,"Jul 1, 2021",5,33,tt4824302,Mother's Day,"Comedy,Drama,Romance",5.7,41799
2021-07-08,4,3,2,Too Hot to Handle,TV Show,Yes,"Apr 17, 2020",30,188,tt12004280,Too Hot to Handle,"Documentary,Game-Show,Reality-TV",4.8,16015
2021-07-08,5,6,7,Cocomelon,TV Show,,"Jun 1, 2020",258,915,tt12427840,Cocomelon,"Adventure,Animation,Family",3.6,1419
2021-07-08,6,5,-,Fear Street Part 1: 1994,Movie,Yes,"Jul 2, 2021",6,44,,,,,
2021-07-08,7,7,-,The Bureau of Magical Things,TV Show,,"Jul 1, 2021",7,23,tt7153034,The Bureau of Magical Things,"Drama,Family,Fantasy",6.9,3543
2021-07-08,8,8,-,Talladega Nights: The Balla…,Movie,,"Jul 1, 2021",4,12,,,,,
2021-07-08,9,9,-,Kung Fu Panda,Movie,,"Jul 1, 2021",2,4,tt0441773,Kung Fu Panda,"Action,Adventure,Animation",7.6,566324
2021-07-08,10,10,4,The Ice Road,Movie,Yes,"Jun 25, 2021",13,85,tt3758814,The Ice Road,"Action,Adventure,Thriller",5.7,55568
2021-07-09,1,1,1,Manifest,TV Show,,"Jun 10, 2021",29,279,tt8421350,Manifest,"Drama,Mystery,Sci-Fi",7.0,101578
2021-07-09,2,2,3,Sex/Life,TV Show,Yes,"Jun 25, 2021",14,113,tt10839422,Sex/Life,"Comedy,Drama,Romance",5.6,33762
2021-07-09,3,-,-,Resident Evil: Infinite Dar…,TV Show,Yes,"Jul 8, 2021",1,8,,,,,
2021-07-09,4,3,-,Mother's Day,Movie,,"Jul 1, 2021",6,40,tt4824302,Mother's Day,"Comedy,Drama,Romance",5.7,41799
2021-07-09,5,4,2,Too Hot to Handle,TV Show,Yes,"Apr 17, 2020",31,194,tt12004280,Too Hot to Handle,"Documentary,Game-Show,Reality-TV",4.8,16015
2021-07-09,6,5,7,Cocomelon,TV Show,,"Jun 1, 2020",259,920,tt12427840,Cocomelon,"Adventure,Animation,Family",3.6,1419
2021-07-09,7,-,-,Major Grom: Plague Doctor,Movie,Yes,"Jul 7, 2021",1,4,tt7601480,Major Grom: Plague Doctor,"Action,Comedy,Crime",6.3,14644
2021-07-09,8,6,-,Fear Street Part 1: 1994,Movie,Yes,"Jul 2, 2021",7,47,,,,,
2021-07-09,9,8,-,Talladega Nights: The Balla…,Movie,,"Jul 1, 2021",5,14,,,,,
2021-07-09,10,9,-,Kung Fu Panda,Movie,,"Jul 1, 2021",3,5,tt0441773,Kung Fu Panda,"Action,Adventure,Animation",7.6,566324
2021-07-10,1,-,-,Virgin River,TV Show,Yes,"Dec 6, 2019",28,175,tt9077530,Virgin River,"Drama,Romance",7.4,57755
2021-07-10,2,1,1,Manifest,TV Show,,"Jun 10, 2021",30,288,tt8421350,Manifest,"Drama,Mystery,Sci-Fi",7.0,101578
2021-07-10,3,2,2,Sex/Life,TV Show,Yes,"Jun 25, 2021",15,121,tt10839422,Sex/Life,"Comedy,Drama,Romance",5.6,33762
2021-07-10,4,-,-,Fear Street Part 2: 1978,Movie,Yes,"Jul 9, 2021",1,7,,,,,
2021-07-10,5,-,-,Atypical,TV Show,Yes,"Aug 11, 2017",1,6,tt6315640,Atypical,"Comedy,Drama",8.2,112038
2021-07-10,6,3,-,Resident Evil: Infinite Dar…,TV Show,Yes,"Jul 8, 2021",2,13,,,,,
2021-07-10,7,6,8,Cocomelon,TV Show,,"Jun 1, 2020",260,924,tt12427840,Cocomelon,"Adventure,Animation,Family",3.6,1419
2021-07-10,8,8,3,Fear Street Part 1: 1994,Movie,Yes,"Jul 2, 2021",8,50,,,,,
2021-07-10,9,5,4,Too Hot to Handle,TV Show,Yes,"Apr 17, 2020",32,196,tt12004280,Too Hot to Handle,"Documentary,Game-Show,Reality-TV",4.8,16015
2021-07-10,10,4,-,Mother's Day,Movie,,"Jul 1, 2021",7,41,tt4824302,Mother's Day,"Comedy,Drama,Romance",5.7,41799
2021-07-11,1,1,-,Virgin River,TV Show,Yes,"Dec 6, 2019",29,185,tt9077530,Virgin River,"Drama,Romance",7.4,57755
2021-07-11,2,2,1,Manifest,TV Show,,"Jun 10, 2021",31,297,tt8421350,Manifest,"Drama,Mystery,Sci-Fi",7.0,101578
2021-07-11,3,3,3,Sex/Life,TV Show,Yes,"Jun 25, 2021",16,129,tt10839422,Sex/Life,"Comedy,Drama,Romance",5.6,33762
2021-07-11,4,5,-,Atypical,TV Show,Yes,"Aug 11, 2017",2,13,tt6315640,Atypical,"Comedy,Drama",8.2,112038
2021-07-11,5,4,-,Fear Street Part 2: 1978,Movie,Yes,"Jul 9, 2021",2,13,,,,,
2021-07-11,6,-,-,Major Grom: Plague Doctor,Movie,Yes,"Jul 7, 2021",2,9,tt7601480,Major Grom: Plague Doctor,"Action,Comedy,Crime",6.3,14644
2021-07-11,7,8,2,Fear Street Part 1: 1994,Movie,Yes,"Jul 2, 2021",9,54,,,,,
2021-07-11,8,7,8,Cocomelon,TV Show,,"Jun 1, 2020",261,927,tt12427840,Cocomelon,"Adventure,Animation,Family",3.6,1419
2021-07-11,9,6,-,Resident Evil: Infinite Dar…,TV Show,Yes,"Jul 8, 2021",3,15,,,,,
2021-07-11,10,10,7,Mother's Day,Movie,,"Jul 1, 2021",8,42,tt4824302,Mother's Day,"Comedy,Drama,Romance",5.7,41799
2021-07-12,1,1,-,Virgin River,TV Show,Yes,"Dec 6, 2019",30,195,tt9077530,Virgin River,"Drama,Romance",7.4,57755
2021-07-12,2,2,1,Manifest,TV Show,,"Jun 10, 2021",32,306,tt8421350,Manifest,"Drama,Mystery,Sci-Fi",7.0,101578
2021-07-12,3,4,-,Atypical,TV Show,Yes,"Aug 11, 2017",3,21,tt6315640,Atypical,"Comedy,Drama",8.2,112038
2021-07-12,4,3,2,Sex/Life,TV Show,Yes,"Jun 25, 2021",17,136,tt10839422,Sex/Life,"Comedy,Drama,Romance",5.6,33762
2021-07-12,5,5,-,Fear Street Part 2: 1978,Movie,Yes,"Jul 9, 2021",3,19,,,,,
2021-07-12,6,6,-,Major Grom: Plague Doctor,Movie,Yes,"Jul 7, 2021",3,14,tt7601480,Major Grom: Plague Doctor,"Action,Comedy,Crime",6.3,14644
2021-07-12,7,7,3,Fear Street Part 1: 1994,Movie,Yes,"Jul 2, 2021",10,58,,,,,
2021-07-12,8,8,9,Cocomelon,TV Show,,"Jun 1, 2020",262,930,tt12427840,Cocomelon,"Adventure,Animation,Family",3.6,1419
2021-07-12,9,10,4,Mother's Day,Movie,,"Jul 1, 2021",9,44,tt4824302,Mother's Day,"Comedy,Drama,Romance",5.7,41799
2021-07-12,10,9,-,Resident Evil: Infinite Dar…,TV Show,Yes,"Jul 8, 2021",4,16,,,,,
2021-07-13,1,1,-,Virgin River,TV Show,Yes,"Dec 6, 2019",31,205,tt9077530,Virgin River,"Drama,Romance",7.4,57755
2021-07-13,2,2,1,Manifest,TV Show,,"Jun 10, 2021",33,315,tt8421350,Manifest,"Drama,Mystery,Sci-Fi",7.0,101578
2021-07-13,3,3,-,Atypical,TV Show,Yes,"Aug 11, 2017",4,29,tt6315640,Atypical,"Comedy,Drama",8.2,112038
2021-07-13,4,4,2,Sex/Life,TV Show,Yes,"Jun 25, 2021",18,143,tt10839422,Sex/Life,"Comedy,Drama,Romance",5.6,33762
2021-07-13,5,5,-,Fear Street Part 2: 1978,Movie,Yes,"Jul 9, 2021",4,25,,,,,
2021-07-13,6,6,-,Major Grom: Plague Doctor,Movie,Yes,"Jul 7, 2021",4,19,tt7601480,Major Grom: Plague Doctor,"Action,Comedy,Crime",6.3,14644
2021-07-13,7,8,9,Cocomelon,TV Show,,"Jun 1, 2020",263,934,tt12427840,Cocomelon,"Adventure,Animation,Family",3.6,1419
2021-07-13,8,7,3,Fear Street Part 1: 1994,Movie,Yes,"Jul 2, 2021",11,61,,,,,
2021-07-13,9,-,5,Too Hot to Handle,TV Show,Yes,"Apr 17, 2020",33,198,tt12004280,Too Hot to Handle,"Documentary,Game-Show,Reality-TV",4.8,16015
2021-07-13,10,-,-,The Cook of Castamar,TV Show,Yes,"Jul 9, 2021",1,1,tt12626014,The Cook of Castamar,"Drama,Romance",7.4,6176
2021-07-14,1,1,-,Virgin River,TV Show,Yes,"Dec 6, 2019",32,215,tt9077530,Virgin River,"Drama,Romance",7.4,57755
2021-07-14,2,2,1,Manifest,TV Show,,"Jun 10, 2021",34,324,tt8421350,Manifest,"Drama,Mystery,Sci-Fi",7.0,101578
2021-07-14,3,3,-,Atypical,TV Show,Yes,"Aug 11, 2017",5,37,tt6315640,Atypical,"Comedy,Drama",8.2,112038
2021-07-14,4,4,2,Sex/Life,TV Show,Yes,"Jun 25, 2021",19,150,tt10839422,Sex/Life,"Comedy,Drama,Romance",5.6,33762
2021-07-14,5,7,6,Cocomelon,TV Show,,"Jun 1, 2020",264,940,tt12427840,Cocomelon,"Adventure,Animation,Family",3.6,1419
2021-07-14,6,5,-,Fear Street Part 2: 1978,Movie,Yes,"Jul 9, 2021",5,30,,,,,
2021-07-14,7,6,-,Major Grom: Plague Doctor,Movie,Yes,"Jul 7, 2021",5,23,tt7601480,Major Grom: Plague Doctor,"Action,Comedy,Crime",6.3,14644
2021-07-14,8,10,-,The Cook of Castamar,TV Show,Yes,"Jul 9, 2021",2,4,tt12626014,The Cook of Castamar,"Drama,Romance",7.4,6176
2021-07-14,9,8,5,Fear Street Part 1: 1994,Movie,Yes,"Jul 2, 2021",12,63,,,,,
2021-07-14,10,9,3,Too Hot to Handle,TV Show,Yes,"Apr 17, 2020",34,199,tt12004280,Too Hot to Handle,"Documentary,Game-Show,Reality-TV",4.8,16015
2021-07-15,1,1,-,Virgin River,TV Show,Yes,"Dec 6, 2019",33,225,tt9077530,Virgin River,"Drama,Romance",7.4,57755
2021-07-15,2,2,1,Manifest,TV Show,,"Jun 10, 2021",35,333,tt8421350,Manifest,"Drama,Mystery,Sci-Fi",7.0,101578
2021-07-15,3,-,-,Gunpowder Milkshake,Movie,Yes,"Jul 14, 2021",1,8,tt8368408,Gunpowder Milkshake,"Action,Crime,Thriller",6.1,54966
2021-07-15,4,4,2,Sex/Life,TV Show,Yes,"Jun 25, 2021",20,157,tt10839422,Sex/Life,"Comedy,Drama,Romance",5.6,33762
2021-07-15,5,3,-,Atypical,TV Show,Yes,"Aug 11, 2017",6,43,tt6315640,Atypical,"Comedy,Drama",8.2,112038
2021-07-15,6,5,5,Cocomelon,TV Show,,"Jun 1, 2020",265,945,tt12427840,Cocomelon,"Adventure,Animation,Family",3.6,1419
2021-07-15,7,-,-,Heist,TV Show,Yes,"Jul 14, 2021",1,4,tt0252503,Heist,"Action,Crime,Drama",6.5,41003
2021-07-15,8,6,-,Fear Street Part 2: 1978,Movie,Yes,"Jul 9, 2021",6,33,,,,,
2021-07-15,9,8,-,The Cook of Castamar,TV Show,Yes,"Jul 9, 2021",3,6,tt12626014,The Cook of Castamar,"Drama,Romance",7.4,6176
2021-07-15,10,9,6,Fear Street Part 1: 1994,Movie,Yes,"Jul 2, 2021",13,64,,,,,
2021-07-16,1,1,-,Virgin River,TV Show,Yes,"Dec 6, 2019",34,235,tt9077530,Virgin River,"Drama,Romance",7.4,57755
2021-07-16,2,-,-,Never Have I Ever,TV Show,Yes,"Apr 27, 2020",15,99,tt10062292,Never Have I Ever,"Comedy,Drama",7.8,91613
2021-07-16,3,3,-,Gunpowder Milkshake,Movie,Yes,"Jul 14, 2021",2,16,tt8368408,Gunpowder Milkshake,"Action,Crime,Thriller",6.1,54966
2021-07-16,4,2,1,Manifest,TV Show,,"Jun 10, 2021",36,340,tt8421350,Manifest,"Drama,Mystery,Sci-Fi",7.0,101578
2021-07-16,5,7,-,Heist,TV Show,Yes,"Jul 14, 2021",2,10,tt0252503,Heist,"Action,Crime,Drama",6.5,41003
2021-07-16,6,4,2,Sex/Life,TV Show,Yes,"Jun 25, 2021",21,162,tt10839422,Sex/Life,"Comedy,Drama,Romance",5.6,33762
2021-07-16,7,5,-,Atypical,TV Show,Yes,"Aug 11, 2017",7,47,tt6315640,Atypical,"Comedy,Drama",8.2,112038
2021-07-16,8,6,6,Cocomelon,TV Show,,"Jun 1, 2020",266,948,tt12427840,Cocomelon,"Adventure,Animation,Family",3.6,1419
2021-07-16,9,9,-,The Cook of Castamar,TV Show,Yes,"Jul 9, 2021",4,8,tt12626014,The Cook of Castamar,"Drama,Romance",7.4,6176
2021-07-16,10,8,-,Fear Street Part 2: 1978,Movie,Yes,"Jul 9, 2021",7,34,,,,,
2021-07-17,1,2,-,Never Have I Ever,TV Show,Yes,"Apr 27, 2020",16,109,tt10062292,Never Have I Ever,"Comedy,Drama",7.8,91613
2021-07-17,2,1,1,Virgin River,TV Show,Yes,"Dec 6, 2019",35,244,tt9077530,Virgin River,"Drama,Romance",7.4,57755
2021-07-17,3,-,-,Fear Street Part 3: 1666,Movie,Yes,"Jul 16, 2021",1,8,tt15065912,Fear Street Part 3: 1666,"Comedy,Horror,Talk-Show",,0
2021-07-17,4,3,-,Gunpowder Milkshake,Movie,Yes,"Jul 14, 2021",3,23,tt8368408,Gunpowder Milkshake,"Action,Crime,Thriller",6.1,54966
2021-07-17,5,5,-,Heist,TV Show,Yes,"Jul 14, 2021",3,16,tt0252503,Heist,"Action,Crime,Drama",6.5,41003
2021-07-17,6,4,2,Manifest,TV Show,,"Jun 10, 2021",37,345,tt8421350,Manifest,"Drama,Mystery,Sci-Fi",7.0,101578
2021-07-17,7,-,-,Twilight,Movie,,"Mar 2, 2015",1,4,tt1099212,Twilight,"Drama,Fantasy,Romance",5.4,517734
2021-07-17,8,6,3,Sex/Life,TV Show,Yes,"Jun 25, 2021",22,165,tt10839422,Sex/Life,"Comedy,Drama,Romance",5.6,33762
2021-07-17,9,7,5,Atypical,TV Show,Yes,"Aug 11, 2017",8,49,tt6315640,Atypical,"Comedy,Drama",8.2,112038
2021-07-17,10,8,7,Cocomelon,TV Show,,"Jun 1, 2020",267,949,tt12427840,Cocomelon,"Adventure,Animation,Family",3.6,1419
2021-07-18,1,2,1,Virgin River,TV Show,Yes,"Dec 6, 2019",36,254,tt9077530,Virgin River,"Drama,Romance",7.4,57755
2021-07-18,2,1,-,Never Have I Ever,TV Show,Yes,"Apr 27, 2020",17,118,tt10062292,Never Have I Ever,"Comedy,Drama",7.8,91613
2021-07-18,3,4,-,Gunpowder Milkshake,Movie,Yes,"Jul 14, 2021",4,31,tt8368408,Gunpowder Milkshake,"Action,Crime,Thriller",6.1,54966
2021-07-18,4,3,-,Fear Street Part 3: 1666,Movie,Yes,"Jul 16, 2021",2,15,tt15065912,Fear Street Part 3: 1666,"Comedy,Horror,Talk-Show",,0
2021-07-18,5,5,-,Heist,TV Show,Yes,"Jul 14, 2021",4,22,tt0252503,Heist,"Action,Crime,Drama",6.5,41003
2021-07-18,6,7,-,Twilight,Movie,,"Mar 2, 2015",2,9,tt1099212,Twilight,"Drama,Fantasy,Romance",5.4,517734
2021-07-18,7,6,2,Manifest,TV Show,,"Jun 10, 2021",38,349,tt8421350,Manifest,"Drama,Mystery,Sci-Fi",7.0,101578
2021-07-18,8,-,-,The Twilight Saga: New Moon,Movie,,"Jul 16, 2021",1,3,tt1259571,The Twilight Saga: New Moon,"Adventure,Drama,Fantasy",4.8,317219
2021-07-18,9,8,3,Sex/Life,TV Show,Yes,"Jun 25, 2021",23,167,tt10839422,Sex/Life,"Comedy,Drama,Romance",5.6,33762
2021-07-18,10,10,8,Cocomelon,TV Show,,"Jun 1, 2020",268,950,tt12427840,Cocomelon,"Adventure,Animation,Family",3.6,1419
2021-07-19,1,1,1,Virgin River,TV Show,Yes,"Dec 6, 2019",37,264,tt9077530,Virgin River,"Drama,Romance",7.4,57755
2021-07-19,2,2,-,Never Have I Ever,TV Show,Yes,"Apr 27, 2020",18,127,tt10062292,Never Have I Ever,"Comedy,Drama",7.8,91613
2021-07-19,3,6,-,Twilight,Movie,,"Mar 2, 2015",3,17,tt1099212,Twilight,"Drama,Fantasy,Romance",5.4,517734
2021-07-19,4,5,-,Heist,TV Show,Yes,"Jul 14, 2021",5,29,tt0252503,Heist,"Action,Crime,Drama",6.5,41003
2021-07-19,5,3,-,Gunpowder Milkshake,Movie,Yes,"Jul 14, 2021",5,37,tt8368408,Gunpowder Milkshake,"Action,Crime,Thriller",6.1,54966
2021-07-19,6,7,2,Manifest,TV Show,,"Jun 10, 2021",39,354,tt8421350,Manifest,"Drama,Mystery,Sci-Fi",7.0,101578
2021-07-19,7,4,-,Fear Street Part 3: 1666,Movie,Yes,"Jul 16, 2021",3,19,tt15065912,Fear Street Part 3: 1666,"Comedy,Horror,Talk-Show",,0
2021-07-19,8,8,-,The Twilight Saga: New Moon,Movie,,"Jul 16, 2021",2,6,tt1259571,The Twilight Saga: New Moon,"Adventure,Drama,Fantasy",4.8,317219
2021-07-19,9,9,4,Sex/Life,TV Show,Yes,"Jun 25, 2021",24,169,tt10839422,Sex/Life,"Comedy,Drama,Romance",5.6,33762
2021-07-19,10,-,-,The Twilight Saga: Eclipse,Movie,,"Jul 16, 2021",1,1,tt1325004,The Twilight Saga: Eclipse,"Action,Adventure,Drama",5.1,276897
2021-07-20,1,1,1,Virgin River,TV Show,Yes,"Dec 6, 2019",38,274,tt9077530,Virgin River,"Drama,Romance",7.4,57755
2021-07-20,2,2,-,Never Have I Ever,TV Show,Yes,"Apr 27, 2020",19,136,tt10062292,Never Have I Ever,"Comedy,Drama",7.8,91613
2021-07-20,3,3,-,Twilight,Movie,,"Mar 2, 2015",4,25,tt1099212,Twilight,"Drama,Fantasy,Romance",5.4,517734
2021-07-20,4,6,2,Manifest,TV Show,,"Jun 10, 2021",40,361,tt8421350,Manifest,"Drama,Mystery,Sci-Fi",7.0,101578
2021-07-20,5,4,-,Heist,TV Show,Yes,"Jul 14, 2021",6,35,tt0252503,Heist,"Action,Crime,Drama",6.5,41003
2021-07-20,6,8,-,The Twilight Saga: New Moon,Movie,,"Jul 16, 2021",3,11,tt1259571,The Twilight Saga: New Moon,"Adventure,Drama,Fantasy",4.8,317219
2021-07-20,7,10,-,The Twilight Saga: Eclipse,Movie,,"Jul 16, 2021",2,5,tt1325004,The Twilight Saga: Eclipse,"Action,Adventure,Drama",5.1,276897
2021-07-20,8,-,-,The Twilight Saga: Breaking…,Movie,,"Jul 16, 2021",1,3,,,,,
2021-07-20,9,5,-,Gunpowder Milkshake,Movie,Yes,"Jul 14, 2021",6,39,tt8368408,Gunpowder Milkshake,"Action,Crime,Thriller",6.1,54966
2021-07-20,10,-,-,The Twilight Saga: Breaking…,Movie,,"Jul 16, 2021",1,1,,,,,
2021-07-21,1,1,1,Virgin River,TV Show,Yes,"Dec 6, 2019",39,284,tt9077530,Virgin River,"Drama,Romance",7.4,57755
2021-07-21,2,2,-,Never Have I Ever,TV Show,Yes,"Apr 27, 2020",20,145,tt10062292,Never Have I Ever,"Comedy,Drama",7.8,91613
2021-07-21,3,3,-,Twilight,Movie,,"Mar 2, 2015",5,33,tt1099212,Twilight,"Drama,Fantasy,Romance",5.4,517734
2021-07-21,4,4,2,Manifest,TV Show,,"Jun 10, 2021",41,368,tt8421350,Manifest,"Drama,Mystery,Sci-Fi",7.0,101578
2021-07-21,5,6,-,The Twilight Saga: New Moon,Movie,,"Jul 16, 2021",4,17,tt1259571,The Twilight Saga: New Moon,"Adventure,Drama,Fantasy",4.8,317219
2021-07-21,6,5,-,Heist,TV Show,Yes,"Jul 14, 2021",7,40,tt0252503,Heist,"Action,Crime,Drama",6.5,41003
2021-07-21,7,8,-,The Twilight Saga: Breaking…,Movie,,"Jul 16, 2021",2,7,,,,,
2021-07-21,8,7,-,The Twilight Saga: Eclipse,Movie,,"Jul 16, 2021",3,8,tt1325004,The Twilight Saga: Eclipse,"Action,Adventure,Drama",5.1,276897
2021-07-21,9,10,-,The Twilight Saga: Breaking…,Movie,,"Jul 16, 2021",2,3,,,,,
2021-07-21,10,-,4,Sex/Life,TV Show,Yes,"Jun 25, 2021",25,170,tt10839422,Sex/Life,"Comedy,Drama,Romance",5.6,33762
2021-07-22,1,1,1,Virgin River,TV Show,Yes,"Dec 6, 2019",40,294,tt9077530,Virgin River,"Drama,Romance",7.4,57755
2021-07-22,2,2,-,Never Have I Ever,TV Show,Yes,"Apr 27, 2020",21,154,tt10062292,Never Have I Ever,"Comedy,Drama",7.8,91613
2021-07-22,3,3,-,Twilight,Movie,,"Mar 2, 2015",6,41,tt1099212,Twilight,"Drama,Fantasy,Romance",5.4,517734
2021-07-22,4,4,2,Manifest,TV Show,,"Jun 10, 2021",42,375,tt8421350,Manifest,"Drama,Mystery,Sci-Fi",7.0,101578
2021-07-22,5,5,-,The Twilight Saga: New Moon,Movie,,"Jul 16, 2021",5,23,tt1259571,The Twilight Saga: New Moon,"Adventure,Drama,Fantasy",4.8,317219
2021-07-22,6,6,7,Heist,TV Show,Yes,"Jul 14, 2021",8,45,tt0252503,Heist,"Action,Crime,Drama",6.5,41003
2021-07-22,7,7,-,The Twilight Saga: Breaking…,Movie,,"Jul 16, 2021",3,11,,,,,
2021-07-22,8,8,-,The Twilight Saga: Eclipse,Movie,,"Jul 16, 2021",4,11,tt1325004,The Twilight Saga: Eclipse,"Action,Adventure,Drama",5.1,276897
2021-07-22,9,9,-,The Twilight Saga: Breaking…,Movie,,"Jul 16, 2021",3,5,,,,,
2021-07-22,10,10,4,Sex/Life,TV Show,Yes,"Jun 25, 2021",26,171,tt10839422,Sex/Life,"Comedy,Drama,Romance",5.6,33762
2021-07-23,1,1,1,Virgin River,TV Show,Yes,"Dec 6, 2019",41,304,tt9077530,Virgin River,"Drama,Romance",7.4,57755
2021-07-23,2,2,2,Never Have I Ever,TV Show,Yes,"Apr 27, 2020",22,163,tt10062292,Never Have I Ever,"Comedy,Drama",7.8,91613
2021-07-23,3,4,4,Manifest,TV Show,,"Jun 10, 2021",43,383,tt8421350,Manifest,"Drama,Mystery,Sci-Fi",7.0,101578
2021-07-23,4,3,-,Twilight,Movie,,"Mar 2, 2015",7,48,tt1099212,Twilight,"Drama,Fantasy,Romance",5.4,517734
2021-07-23,5,5,-,The Twilight Saga: New Moon,Movie,,"Jul 16, 2021",6,29,tt1259571,The Twilight Saga: New Moon,"Adventure,Drama,Fantasy",4.8,317219
2021-07-23,6,7,-,The Twilight Saga: Breaking…,Movie,,"Jul 16, 2021",4,16,,,,,
2021-07-23,7,8,-,The Twilight Saga: Eclipse,Movie,,"Jul 16, 2021",5,15,tt1325004,The Twilight Saga: Eclipse,"Action,Adventure,Drama",5.1,276897
2021-07-23,8,6,5,Heist,TV Show,Yes,"Jul 14, 2021",9,48,tt0252503,Heist,"Action,Crime,Drama",6.5,41003
2021-07-23,9,-,-,Trollhunters: Rise of the T…,Movie,Yes,"Jul 21, 2021",1,2,,,,,
2021-07-23,10,9,-,The Twilight Saga: Breaking…,Movie,,"Jul 16, 2021",4,6,,,,,
2021-07-24,1,1,2,Virgin River,TV Show,Yes,"Dec 6, 2019",42,314,tt9077530,Virgin River,"Drama,Romance",7.4,57755
2021-07-24,2,2,1,Never Have I Ever,TV Show,Yes,"Apr 27, 2020",23,172,tt10062292,Never Have I Ever,"Comedy,Drama",7.8,91613
2021-07-24,3,3,6,Manifest,TV Show,,"Jun 10, 2021",44,391,tt8421350,Manifest,"Drama,Mystery,Sci-Fi",7.0,101578
2021-07-24,4,4,7,Twilight,Movie,,"Mar 2, 2015",8,55,tt1099212,Twilight,"Drama,Fantasy,Romance",5.4,517734
2021-07-24,5,-,-,Blood Red Sky,Movie,Yes,"Jul 23, 2021",1,6,tt6402468,Blood Red Sky,"Action,Drama,Horror",6.1,59465
2021-07-24,6,-,-,Masters of the Universe: Re…,TV Show,Yes,"Jul 23, 2021",1,5,,,,,
2021-07-24,7,6,-,The Twilight Saga: Breaking…,Movie,,"Jul 16, 2021",5,20,,,,,
2021-07-24,8,5,-,The Twilight Saga: New Moon,Movie,,"Jul 16, 2021",7,32,tt1259571,The Twilight Saga: New Moon,"Adventure,Drama,Fantasy",4.8,317219
2021-07-24,9,-,10,Cocomelon,TV Show,,"Jun 1, 2020",269,952,tt12427840,Cocomelon,"Adventure,Animation,Family",3.6,1419
2021-07-24,10,7,-,The Twilight Saga: Eclipse,Movie,,"Jul 16, 2021",6,16,tt1325004,The Twilight Saga: Eclipse,"Action,Adventure,Drama",5.1,276897
2021-07-25,1,5,-,Blood Red Sky,Movie,Yes,"Jul 23, 2021",2,16,tt6402468,Blood Red Sky,"Action,Drama,Horror",6.1,59465
2021-07-25,2,1,1,Virgin River,TV Show,Yes,"Dec 6, 2019",43,323,tt9077530,Virgin River,"Drama,Romance",7.4,57755
2021-07-25,3,3,7,Manifest,TV Show,,"Jun 10, 2021",45,399,tt8421350,Manifest,"Drama,Mystery,Sci-Fi",7.0,101578
2021-07-25,4,2,2,Never Have I Ever,TV Show,Yes,"Apr 27, 2020",24,179,tt10062292,Never Have I Ever,"Comedy,Drama",7.8,91613
2021-07-25,5,-,-,Twilight,Movie,,"Jul 16, 2021",1,6,tt1099212,Twilight,"Drama,Fantasy,Romance",5.4,517734
2021-07-25,6,6,-,Masters of the Universe: Re…,TV Show,Yes,"Jul 23, 2021",2,10,,,,,
2021-07-25,7,-,-,The Last Letter From Your L…,Movie,Yes,"Jul 23, 2021",1,4,,,,,
2021-07-25,8,9,10,Cocomelon,TV Show,,"Jun 1, 2020",270,955,tt12427840,Cocomelon,"Adventure,Animation,Family",3.6,1419
2021-07-25,9,7,-,The Twilight Saga: Breaking…,Movie,,"Jul 16, 2021",6,22,,,,,
2021-07-25,10,-,-,The Twilight Saga: Breaking…,Movie,,"Jul 16, 2021",5,7,,,,,
2021-07-26,1,1,-,Blood Red Sky,Movie,Yes,"Jul 23, 2021",3,26,tt6402468,Blood Red Sky,"Action,Drama,Horror",6.1,59465
2021-07-26,2,2,1,Virgin River,TV Show,Yes,"Dec 6, 2019",44,332,tt9077530,Virgin River,"Drama,Romance",7.4,57755
2021-07-26,3,3,6,Manifest,TV Show,,"Jun 10, 2021",46,407,tt8421350,Manifest,"Drama,Mystery,Sci-Fi",7.0,101578
2021-07-26,4,7,-,The Last Letter From Your L…,Movie,Yes,"Jul 23, 2021",2,11,,,,,
2021-07-26,5,4,2,Never Have I Ever,TV Show,Yes,"Apr 27, 2020",25,185,tt10062292,Never Have I Ever,"Comedy,Drama",7.8,91613
2021-07-26,6,5,-,Twilight,Movie,,"Jul 16, 2021",2,11,tt1099212,Twilight,"Drama,Fantasy,Romance",5.4,517734
2021-07-26,7,9,-,The Twilight Saga: Breaking…,Movie,,"Jul 16, 2021",7,26,,,,,
2021-07-26,8,8,-,Cocomelon,TV Show,,"Jun 1, 2020",271,958,tt12427840,Cocomelon,"Adventure,Animation,Family",3.6,1419
2021-07-26,9,6,-,Masters of the Universe: Re…,TV Show,Yes,"Jul 23, 2021",3,12,,,,,
2021-07-26,10,-,8,The Twilight Saga: New Moon,Movie,,"Jul 16, 2021",8,33,tt1259571,The Twilight Saga: New Moon,"Adventure,Drama,Fantasy",4.8,317219
2021-07-27,1,1,-,Blood Red Sky,Movie,Yes,"Jul 23, 2021",4,36,tt6402468,Blood Red Sky,"Action,Drama,Horror",6.1,59465
2021-07-27,2,2,1,Virgin River,TV Show,Yes,"Dec 6, 2019",45,341,tt9077530,Virgin River,"Drama,Romance",7.4,57755
2021-07-27,3,3,4,Manifest,TV Show,,"Jun 10, 2021",47,415,tt8421350,Manifest,"Drama,Mystery,Sci-Fi",7.0,101578
2021-07-27,4,4,-,The Last Letter From Your L…,Movie,Yes,"Jul 23, 2021",3,18,,,,,
2021-07-27,5,5,2,Never Have I Ever,TV Show,Yes,"Apr 27, 2020",26,191,tt10062292,Never Have I Ever,"Comedy,Drama",7.8,91613
2021-07-27,6,8,-,Cocomelon,TV Show,,"Jun 1, 2020",272,963,tt12427840,Cocomelon,"Adventure,Animation,Family",3.6,1419
2021-07-27,7,6,-,Twilight,Movie,,"Jul 16, 2021",3,15,tt1099212,Twilight,"Drama,Fantasy,Romance",5.4,517734
2021-07-27,8,7,8,The Twilight Saga: Breaking…,Movie,,"Jul 16, 2021",8,29,,,,,
2021-07-27,9,10,6,The Twilight Saga: New Moon,Movie,,"Jul 16, 2021",9,35,tt1259571,The Twilight Saga: New Moon,"Adventure,Drama,Fantasy",4.8,317219
2021-07-27,10,-,7,The Twilight Saga: Eclipse,Movie,,"Jul 16, 2021",7,17,tt1325004,The Twilight Saga: Eclipse,"Action,Adventure,Drama",5.1,276897
2021-07-28,1,-,-,All American,TV Show,,"Mar 28, 2019",29,173,tt7414406,All American,"Drama,Sport",7.6,16118
2021-07-28,2,1,-,Blood Red Sky,Movie,Yes,"Jul 23, 2021",5,45,tt6402468,Blood Red Sky,"Action,Drama,Horror",6.1,59465
2021-07-28,3,2,1,Virgin River,TV Show,Yes,"Dec 6, 2019",46,349,tt9077530,Virgin River,"Drama,Romance",7.4,57755
2021-07-28,4,3,4,Manifest,TV Show,,"Jun 10, 2021",48,422,tt8421350,Manifest,"Drama,Mystery,Sci-Fi",7.0,101578
2021-07-28,5,5,2,Never Have I Ever,TV Show,Yes,"Apr 27, 2020",27,197,tt10062292,Never Have I Ever,"Comedy,Drama",7.8,91613
2021-07-28,6,6,-,Cocomelon,TV Show,,"Jun 1, 2020",273,968,tt12427840,Cocomelon,"Adventure,Animation,Family",3.6,1419
2021-07-28,7,4,-,The Last Letter From Your L…,Movie,Yes,"Jul 23, 2021",4,22,,,,,
2021-07-28,8,-,-,The Walking Dead,TV Show,,"Sep 15, 2014",1,3,tt1520211,The Walking Dead,"Drama,Horror,Thriller",8.1,1170515
2021-07-28,9,7,-,Twilight,Movie,,"Jul 16, 2021",4,17,tt1099212,Twilight,"Drama,Fantasy,Romance",5.4,517734
2021-07-28,10,8,7,The Twilight Saga: Breaking…,Movie,,"Jul 16, 2021",9,30,,,,,
2021-07-29,1,1,-,All American,TV Show,,"Mar 28, 2019",30,183,tt7414406,All American,"Drama,Sport",7.6,16118
2021-07-29,2,-,-,Love is Blind,TV Show,Yes,"Feb 13, 2020",10,49,tt11704040,Love Is Blind,"Reality-TV,Romance",6.2,13125
2021-07-29,3,2,-,Blood Red Sky,Movie,Yes,"Jul 23, 2021",6,53,tt6402468,Blood Red Sky,"Action,Drama,Horror",6.1,59465
2021-07-29,4,3,1,Virgin River,TV Show,Yes,"Dec 6, 2019",47,356,tt9077530,Virgin River,"Drama,Romance",7.4,57755
2021-07-29,5,4,4,Manifest,TV Show,,"Jun 10, 2021",49,428,tt8421350,Manifest,"Drama,Mystery,Sci-Fi",7.0,101578
2021-07-29,6,6,-,Cocomelon,TV Show,,"Jun 1, 2020",274,973,tt12427840,Cocomelon,"Adventure,Animation,Family",3.6,1419
2021-07-29,7,-,-,The Flash,TV Show,,"Oct 6, 2015",14,42,tt3107288,The Flash,"Action,Adventure,Drama",7.5,381811
2021-07-29,8,5,2,Never Have I Ever,TV Show,Yes,"Apr 27, 2020",28,200,tt10062292,Never Have I Ever,"Comedy,Drama",7.8,91613
2021-07-29,9,8,-,The Walking Dead,TV Show,,"Sep 15, 2014",2,5,tt1520211,The Walking Dead,"Drama,Horror,Thriller",8.1,1170515
2021-07-29,10,7,-,The Last Letter From Your L…,Movie,Yes,"Jul 23, 2021",5,23,,,,,
2021-07-30,1,1,-,All American,TV Show,,"Mar 28, 2019",31,193,tt7414406,All American,"Drama,Sport",7.6,16118
2021-07-30,2,2,-,Love is Blind,TV Show,Yes,"Feb 13, 2020",11,58,tt11704040,Love Is Blind,"Reality-TV,Romance",6.2,13125
2021-07-30,3,4,1,Virgin River,TV Show,Yes,"Dec 6, 2019",48,364,tt9077530,Virgin River,"Drama,Romance",7.4,57755
2021-07-30,4,-,-,Resort to Love,Movie,Yes,"Jul 29, 2021",1,7,tt12929990,Resort to Love,"Comedy,Romance",5.7,7324
2021-07-30,5,3,-,Blood Red Sky,Movie,Yes,"Jul 23, 2021",7,59,tt6402468,Blood Red Sky,"Action,Drama,Horror",6.1,59465
2021-07-30,6,5,3,Manifest,TV Show,,"Jun 10, 2021",50,433,tt8421350,Manifest,"Drama,Mystery,Sci-Fi",7.0,101578
2021-07-30,7,7,-,The Flash,TV Show,,"Oct 6, 2015",15,46,tt3107288,The Flash,"Action,Adventure,Drama",7.5,381811
2021-07-30,8,6,-,Cocomelon,TV Show,,"Jun 1, 2020",275,976,tt12427840,Cocomelon,"Adventure,Animation,Family",3.6,1419
2021-07-30,9,-,-,Outer Banks,TV Show,Yes,"Apr 15, 2020",42,293,tt10293938,Outer Banks,"Action,Crime,Drama",7.5,101710
2021-07-30,10,9,-,The Walking Dead,TV Show,,"Sep 15, 2014",3,6,tt1520211,The Walking Dead,"Drama,Horror,Thriller",8.1,1170515
2021-07-31,1,9,-,Outer Banks,TV Show,Yes,"Apr 15, 2020",43,303,tt10293938,Outer Banks,"Action,Crime,Drama",7.5,101710
2021-07-31,2,1,-,All American,TV Show,,"Mar 28, 2019",32,202,tt7414406,All American,"Drama,Sport",7.6,16118
2021-07-31,3,2,-,Love is Blind,TV Show,Yes,"Feb 13, 2020",12,66,tt11704040,Love Is Blind,"Reality-TV,Romance",6.2,13125
2021-07-31,4,4,-,Resort to Love,Movie,Yes,"Jul 29, 2021",2,14,tt12929990,Resort to Love,"Comedy,Romance",5.7,7324
2021-07-31,5,3,1,Virgin River,TV Show,Yes,"Dec 6, 2019",49,370,tt9077530,Virgin River,"Drama,Romance",7.4,57755
2021-07-31,6,8,9,Cocomelon,TV Show,,"Jun 1, 2020",276,981,tt12427840,Cocomelon,"Adventure,Animation,Family",3.6,1419
2021-07-31,7,7,-,The Flash,TV Show,,"Oct 6, 2015",16,50,tt3107288,The Flash,"Action,Adventure,Drama",7.5,381811
2021-07-31,8,6,3,Manifest,TV Show,,"Jun 10, 2021",51,436,tt8421350,Manifest,"Drama,Mystery,Sci-Fi",7.0,101578
2021-07-31,9,5,5,Blood Red Sky,Movie,Yes,"Jul 23, 2021",8,61,tt6402468,Blood Red Sky,"Action,Drama,Horror",6.1,59465
2021-07-31,10,10,-,The Walking Dead,TV Show,,"Sep 15, 2014",4,7,tt1520211,The Walking Dead,"Drama,Horror,Thriller",8.1,1170515
2021-08-01,1,1,-,Outer Banks,TV Show,Yes,"Apr 15, 2020",44,313,tt10293938,Outer Banks,"Action,Crime,Drama",7.5,101710
2021-08-01,2,2,-,All American,TV Show,,"Mar 28, 2019",33,211,tt7414406,All American,"Drama,Sport",7.6,16118
2021-08-01,3,4,-,Resort to Love,Movie,Yes,"Jul 29, 2021",3,22,tt12929990,Resort to Love,"Comedy,Romance",5.7,7324
2021-08-01,4,3,-,Love is Blind,TV Show,Yes,"Feb 13, 2020",13,73,tt11704040,Love Is Blind,"Reality-TV,Romance",6.2,13125
2021-08-01,5,-,-,The Vault,Movie,,"Jul 31, 2021",1,6,tt9742794,The Vault,"Action,Thriller",6.4,34601
2021-08-01,6,5,2,Virgin River,TV Show,Yes,"Dec 6, 2019",50,375,tt9077530,Virgin River,"Drama,Romance",7.4,57755
2021-08-01,7,6,8,Cocomelon,TV Show,,"Jun 1, 2020",277,985,tt12427840,Cocomelon,"Adventure,Animation,Family",3.6,1419
2021-08-01,8,7,-,The Flash,TV Show,,"Oct 6, 2015",17,53,tt3107288,The Flash,"Action,Adventure,Drama",7.5,381811
2021-08-01,9,8,3,Manifest,TV Show,,"Jun 10, 2021",52,438,tt8421350,Manifest,"Drama,Mystery,Sci-Fi",7.0,101578
2021-08-01,10,9,1,Blood Red Sky,Movie,Yes,"Jul 23, 2021",9,62,tt6402468,Blood Red Sky,"Action,Drama,Horror",6.1,59465
2021-08-02,1,1,-,Outer Banks,TV Show,Yes,"Apr 15, 2020",45,323,tt10293938,Outer Banks,"Action,Crime,Drama",7.5,101710
2021-08-02,2,2,-,All American,TV Show,,"Mar 28, 2019",34,220,tt7414406,All American,"Drama,Sport",7.6,16118
2021-08-02,3,-,-,The Losers,Movie,,"Aug 1, 2021",1,8,tt0480255,The Losers,"Action,Adventure,Comedy",6.2,110625
2021-08-02,4,3,-,Resort to Love,Movie,Yes,"Jul 29, 2021",4,29,tt12929990,Resort to Love,"Comedy,Romance",5.7,7324
2021-08-02,5,4,-,Love is Blind,TV Show,Yes,"Feb 13, 2020",14,79,tt11704040,Love Is Blind,"Reality-TV,Romance",6.2,13125
2021-08-02,6,5,-,The Vault,Movie,,"Jul 31, 2021",2,11,tt9742794,The Vault,"Action,Thriller",6.4,34601
2021-08-02,7,6,2,Virgin River,TV Show,Yes,"Dec 6, 2019",51,379,tt9077530,Virgin River,"Drama,Romance",7.4,57755
2021-08-02,8,7,8,Cocomelon,TV Show,,"Jun 1, 2020",278,988,tt12427840,Cocomelon,"Adventure,Animation,Family",3.6,1419
2021-08-02,9,9,3,Manifest,TV Show,,"Jun 10, 2021",53,440,tt8421350,Manifest,"Drama,Mystery,Sci-Fi",7.0,101578
2021-08-02,10,8,-,The Flash,TV Show,,"Oct 6, 2015",18,54,tt3107288,The Flash,"Action,Adventure,Drama",7.5,381811
2021-08-03,1,1,-,Outer Banks,TV Show,Yes,"Apr 15, 2020",46,333,tt10293938,Outer Banks,"Action,Crime,Drama",7.5,101710
2021-08-03,2,2,-,All American,TV Show,,"Mar 28, 2019",35,229,tt7414406,All American,"Drama,Sport",7.6,16118
2021-08-03,3,3,-,The Losers,Movie,,"Aug 1, 2021",2,16,tt0480255,The Losers,"Action,Adventure,Comedy",6.2,110625
2021-08-03,4,6,-,The Vault,Movie,,"Jul 31, 2021",3,18,tt9742794,The Vault,"Action,Thriller",6.4,34601
2021-08-03,5,4,-,Resort to Love,Movie,Yes,"Jul 29, 2021",5,35,tt12929990,Resort to Love,"Comedy,Romance",5.7,7324
2021-08-03,6,5,-,Love is Blind,TV Show,Yes,"Feb 13, 2020",15,84,tt11704040,Love Is Blind,"Reality-TV,Romance",6.2,13125
2021-08-03,7,7,2,Virgin River,TV Show,Yes,"Dec 6, 2019",52,383,tt9077530,Virgin River,"Drama,Romance",7.4,57755
2021-08-03,8,8,6,Cocomelon,TV Show,,"Jun 1, 2020",279,991,tt12427840,Cocomelon,"Adventure,Animation,Family",3.6,1419
2021-08-03,9,10,-,The Flash,TV Show,,"Oct 6, 2015",19,56,tt3107288,The Flash,"Action,Adventure,Drama",7.5,381811
2021-08-03,10,9,3,Manifest,TV Show,,"Jun 10, 2021",54,441,tt8421350,Manifest,"Drama,Mystery,Sci-Fi",7.0,101578
2021-08-04,1,1,-,Outer Banks,TV Show,Yes,"Apr 15, 2020",47,343,tt10293938,Outer Banks,"Action,Crime,Drama",7.5,101710
2021-08-04,2,2,1,All American,TV Show,,"Mar 28, 2019",36,238,tt7414406,All American,"Drama,Sport",7.6,16118
2021-08-04,3,4,-,The Vault,Movie,,"Jul 31, 2021",4,26,tt9742794,The Vault,"Action,Thriller",6.4,34601
2021-08-04,4,3,-,The Losers,Movie,,"Aug 1, 2021",3,23,tt0480255,The Losers,"Action,Adventure,Comedy",6.2,110625
2021-08-04,5,-,-,Top Secret UFO Projects: De…,TV Show,Yes,"Aug 3, 2021",1,6,,,,,
2021-08-04,6,8,6,Cocomelon,TV Show,,"Jun 1, 2020",280,996,tt12427840,Cocomelon,"Adventure,Animation,Family",3.6,1419
2021-08-04,7,6,-,Love is Blind,TV Show,Yes,"Feb 13, 2020",16,88,tt11704040,Love Is Blind,"Reality-TV,Romance",6.2,13125
2021-08-04,8,7,3,Virgin River,TV Show,Yes,"Dec 6, 2019",53,386,tt9077530,Virgin River,"Drama,Romance",7.4,57755
2021-08-04,9,5,-,Resort to Love,Movie,Yes,"Jul 29, 2021",6,37,tt12929990,Resort to Love,"Comedy,Romance",5.7,7324
2021-08-04,10,9,-,The Flash,TV Show,,"Oct 6, 2015",20,57,tt3107288,The Flash,"Action,Adventure,Drama",7.5,381811
2021-08-05,1,1,-,Outer Banks,TV Show,Yes,"Apr 15, 2020",48,353,tt10293938,Outer Banks,"Action,Crime,Drama",7.5,101710
2021-08-05,2,2,1,All American,TV Show,,"Mar 28, 2019",37,247,tt7414406,All American,"Drama,Sport",7.6,16118
2021-08-05,3,-,-,Cocaine Cowboys: The Kings …,TV Show,Yes,"Aug 4, 2021",1,8,,,,,
2021-08-05,4,3,-,The Vault,Movie,,"Jul 31, 2021",5,33,tt9742794,The Vault,"Action,Thriller",6.4,34601
2021-08-05,5,4,-,The Losers,Movie,,"Aug 1, 2021",4,29,tt0480255,The Losers,"Action,Adventure,Comedy",6.2,110625
2021-08-05,6,5,-,Top Secret UFO Projects: De…,TV Show,Yes,"Aug 3, 2021",2,11,,,,,
2021-08-05,7,6,6,Cocomelon,TV Show,,"Jun 1, 2020",281,1000,tt12427840,Cocomelon,"Adventure,Animation,Family",3.6,1419
2021-08-05,8,8,4,Virgin River,TV Show,Yes,"Dec 6, 2019",54,389,tt9077530,Virgin River,"Drama,Romance",7.4,57755
2021-08-05,9,7,2,Love is Blind,TV Show,Yes,"Feb 13, 2020",17,90,tt11704040,Love Is Blind,"Reality-TV,Romance",6.2,13125
2021-08-05,10,10,7,The Flash,TV Show,,"Oct 6, 2015",21,58,tt3107288,The Flash,"Action,Adventure,Drama",7.5,381811
2021-08-06,1,1,9,Outer Banks,TV Show,Yes,"Apr 15, 2020",49,363,tt10293938,Outer Banks,"Action,Crime,Drama",7.5,101710
2021-08-06,2,2,1,All American,TV Show,,"Mar 28, 2019",38,256,tt7414406,All American,"Drama,Sport",7.6,16118
2021-08-06,3,3,-,Cocaine Cowboys: The Kings …,TV Show,Yes,"Aug 4, 2021",2,16,,,,,
2021-08-06,4,6,-,Top Secret UFO Projects: De…,TV Show,Yes,"Aug 3, 2021",3,18,,,,,
2021-08-06,5,4,-,The Vault,Movie,,"Jul 31, 2021",6,39,tt9742794,The Vault,"Action,Thriller",6.4,34601
2021-08-06,6,5,-,The Losers,Movie,,"Aug 1, 2021",5,34,tt0480255,The Losers,"Action,Adventure,Comedy",6.2,110625
2021-08-06,7,-,-,Aftermath,Movie,Yes,"Aug 4, 2021",1,4,tt4581576,Aftermath,"Drama,Mystery,Thriller",5.7,28145
2021-08-06,8,7,8,Cocomelon,TV Show,,"Jun 1, 2020",282,1003,tt12427840,Cocomelon,"Adventure,Animation,Family",3.6,1419
2021-08-06,9,8,3,Virgin River,TV Show,Yes,"Dec 6, 2019",55,391,tt9077530,Virgin River,"Drama,Romance",7.4,57755
2021-08-06,10,9,2,Love is Blind,TV Show,Yes,"Feb 13, 2020",18,91,tt11704040,Love Is Blind,"Reality-TV,Romance",6.2,13125
2021-08-07,1,1,1,Outer Banks,TV Show,Yes,"Apr 15, 2020",50,373,tt10293938,Outer Banks,"Action,Crime,Drama",7.5,101710
2021-08-07,2,-,-,Vivo,Movie,Yes,"Aug 6, 2021",1,9,tt6338498,Vivo,"Adventure,Animation,Comedy",6.7,23209
2021-08-07,3,2,2,All American,TV Show,,"Mar 28, 2019",39,264,tt7414406,All American,"Drama,Sport",7.6,16118
2021-08-07,4,3,-,Cocaine Cowboys: The Kings …,TV Show,Yes,"Aug 4, 2021",3,23,,,,,
2021-08-07,5,7,-,Aftermath,Movie,Yes,"Aug 4, 2021",2,10,tt4581576,Aftermath,"Drama,Mystery,Thriller",5.7,28145
2021-08-07,6,-,-,Hit & Run,TV Show,Yes,"Aug 6, 2021",1,5,tt9073940,Hit & Run,"Action,Crime,Drama",7.0,11916
2021-08-07,7,4,-,Top Secret UFO Projects: De…,TV Show,Yes,"Aug 3, 2021",4,22,,,,,
2021-08-07,8,5,-,The Vault,Movie,,"Jul 31, 2021",7,42,tt9742794,The Vault,"Action,Thriller",6.4,34601
2021-08-07,9,8,6,Cocomelon,TV Show,,"Jun 1, 2020",283,1005,tt12427840,Cocomelon,"Adventure,Animation,Family",3.6,1419
2021-08-07,10,6,-,The Losers,Movie,,"Aug 1, 2021",6,35,tt0480255,The Losers,"Action,Adventure,Comedy",6.2,110625
2021-08-08,1,1,1,Outer Banks,TV Show,Yes,"Apr 15, 2020",51,383,tt10293938,Outer Banks,"Action,Crime,Drama",7.5,101710
2021-08-08,2,2,-,Vivo,Movie,Yes,"Aug 6, 2021",2,18,tt6338498,Vivo,"Adventure,Animation,Comedy",6.7,23209
2021-08-08,3,3,2,All American,TV Show,,"Mar 28, 2019",40,272,tt7414406,All American,"Drama,Sport",7.6,16118
2021-08-08,4,4,-,Cocaine Cowboys: The Kings …,TV Show,Yes,"Aug 4, 2021",4,30,,,,,
2021-08-08,5,6,-,Hit & Run,TV Show,Yes,"Aug 6, 2021",2,11,tt9073940,Hit & Run,"Action,Crime,Drama",7.0,11916
2021-08-08,6,5,-,Aftermath,Movie,Yes,"Aug 4, 2021",3,15,tt4581576,Aftermath,"Drama,Mystery,Thriller",5.7,28145
2021-08-08,7,7,-,Top Secret UFO Projects: De…,TV Show,Yes,"Aug 3, 2021",5,26,,,,,
2021-08-08,8,8,5,The Vault,Movie,,"Jul 31, 2021",8,45,tt9742794,The Vault,"Action,Thriller",6.4,34601
2021-08-08,9,10,-,The Losers,Movie,,"Aug 1, 2021",7,37,tt0480255,The Losers,"Action,Adventure,Comedy",6.2,110625
2021-08-08,10,9,7,Cocomelon,TV Show,,"Jun 1, 2020",284,1006,tt12427840,Cocomelon,"Adventure,Animation,Family",3.6,1419
2021-08-09,1,2,-,Vivo,Movie,Yes,"Aug 6, 2021",3,28,tt6338498,Vivo,"Adventure,Animation,Comedy",6.7,23209
2021-08-09,2,1,1,Outer Banks,TV Show,Yes,"Apr 15, 2020",52,392,tt10293938,Outer Banks,"Action,Crime,Drama",7.5,101710
2021-08-09,3,3,2,All American,TV Show,,"Mar 28, 2019",41,280,tt7414406,All American,"Drama,Sport",7.6,16118
2021-08-09,4,5,-,Hit & Run,TV Show,Yes,"Aug 6, 2021",3,18,tt9073940,Hit & Run,"Action,Crime,Drama",7.0,11916
2021-08-09,5,4,-,Cocaine Cowboys: The Kings …,TV Show,Yes,"Aug 4, 2021",5,36,,,,,
2021-08-09,6,6,-,Aftermath,Movie,Yes,"Aug 4, 2021",4,20,tt4581576,Aftermath,"Drama,Mystery,Thriller",5.7,28145
2021-08-09,7,8,6,The Vault,Movie,,"Jul 31, 2021",9,49,tt9742794,The Vault,"Action,Thriller",6.4,34601
2021-08-09,8,7,-,Top Secret UFO Projects: De…,TV Show,Yes,"Aug 3, 2021",6,29,,,,,
2021-08-09,9,9,3,The Losers,Movie,,"Aug 1, 2021",8,39,tt0480255,The Losers,"Action,Adventure,Comedy",6.2,110625
2021-08-09,10,10,8,Cocomelon,TV Show,,"Jun 1, 2020",285,1007,tt12427840,Cocomelon,"Adventure,Animation,Family",3.6,1419
2021-08-10,1,2,1,Outer Banks,TV Show,Yes,"Apr 15, 2020",53,402,tt10293938,Outer Banks,"Action,Crime,Drama",7.5,101710
2021-08-10,2,1,-,Vivo,Movie,Yes,"Aug 6, 2021",4,37,tt6338498,Vivo,"Adventure,Animation,Comedy",6.7,23209
2021-08-10,3,3,2,All American,TV Show,,"Mar 28, 2019",42,288,tt7414406,All American,"Drama,Sport",7.6,16118
2021-08-10,4,4,-,Hit & Run,TV Show,Yes,"Aug 6, 2021",4,25,tt9073940,Hit & Run,"Action,Crime,Drama",7.0,11916
2021-08-10,5,5,-,Cocaine Cowboys: The Kings …,TV Show,Yes,"Aug 4, 2021",6,42,,,,,
2021-08-10,6,6,-,Aftermath,Movie,Yes,"Aug 4, 2021",5,25,tt4581576,Aftermath,"Drama,Mystery,Thriller",5.7,28145
2021-08-10,7,10,8,Cocomelon,TV Show,,"Jun 1, 2020",286,1011,tt12427840,Cocomelon,"Adventure,Animation,Family",3.6,1419
2021-08-10,8,8,-,Top Secret UFO Projects: De…,TV Show,Yes,"Aug 3, 2021",7,32,,,,,
2021-08-10,9,7,4,The Vault,Movie,,"Jul 31, 2021",10,51,tt9742794,The Vault,"Action,Thriller",6.4,34601
2021-08-10,10,-,-,Major Payne,Movie,,"Aug 1, 2021",1,1,tt0110443,Major Payne,"Adventure,Comedy,Family",6.3,42271
2021-08-11,1,1,1,Outer Banks,TV Show,Yes,"Apr 15, 2020",54,412,tt10293938,Outer Banks,"Action,Crime,Drama",7.5,101710
2021-08-11,2,2,-,Vivo,Movie,Yes,"Aug 6, 2021",5,46,tt6338498,Vivo,"Adventure,Animation,Comedy",6.7,23209
2021-08-11,3,3,2,All American,TV Show,,"Mar 28, 2019",43,296,tt7414406,All American,"Drama,Sport",7.6,16118
2021-08-11,4,4,-,Hit & Run,TV Show,Yes,"Aug 6, 2021",5,32,tt9073940,Hit & Run,"Action,Crime,Drama",7.0,11916
2021-08-11,5,5,-,Cocaine Cowboys: The Kings …,TV Show,Yes,"Aug 4, 2021",7,48,,,,,
2021-08-11,6,7,6,Cocomelon,TV Show,,"Jun 1, 2020",287,1016,tt12427840,Cocomelon,"Adventure,Animation,Family",3.6,1419
2021-08-11,7,10,-,Major Payne,Movie,,"Aug 1, 2021",2,5,tt0110443,Major Payne,"Adventure,Comedy,Family",6.3,42271
2021-08-11,8,6,-,Aftermath,Movie,Yes,"Aug 4, 2021",6,28,tt4581576,Aftermath,"Drama,Mystery,Thriller",5.7,28145
2021-08-11,9,8,5,Top Secret UFO Projects: De…,TV Show,Yes,"Aug 3, 2021",8,34,,,,,
2021-08-11,10,9,3,The Vault,Movie,,"Jul 31, 2021",11,52,tt9742794,The Vault,"Action,Thriller",6.4,34601
2021-08-12,1,1,1,Outer Banks,TV Show,Yes,"Apr 15, 2020",55,422,tt10293938,Outer Banks,"Action,Crime,Drama",7.5,101710
2021-08-12,2,2,-,Vivo,Movie,Yes,"Aug 6, 2021",6,55,tt6338498,Vivo,"Adventure,Animation,Comedy",6.7,23209
2021-08-12,3,3,2,All American,TV Show,,"Mar 28, 2019",44,304,tt7414406,All American,"Drama,Sport",7.6,16118
2021-08-12,4,4,-,Hit & Run,TV Show,Yes,"Aug 6, 2021",6,39,tt9073940,Hit & Run,"Action,Crime,Drama",7.0,11916
2021-08-12,5,5,3,Cocaine Cowboys: The Kings …,TV Show,Yes,"Aug 4, 2021",8,54,,,,,
2021-08-12,6,6,7,Cocomelon,TV Show,,"Jun 1, 2020",288,1021,tt12427840,Cocomelon,"Adventure,Animation,Family",3.6,1419
2021-08-12,7,7,-,Major Payne,Movie,,"Aug 1, 2021",3,9,tt0110443,Major Payne,"Adventure,Comedy,Family",6.3,42271
2021-08-12,8,8,-,Aftermath,Movie,Yes,"Aug 4, 2021",7,31,tt4581576,Aftermath,"Drama,Mystery,Thriller",5.7,28145
2021-08-12,9,9,6,Top Secret UFO Projects: De…,TV Show,Yes,"Aug 3, 2021",9,36,,,,,
2021-08-12,10,10,4,The Vault,Movie,,"Jul 31, 2021",12,53,tt9742794,The Vault,"Action,Thriller",6.4,34601
2021-08-13,1,-,-,The Kissing Booth 3,Movie,Yes,"Aug 11, 2021",1,10,tt12783454,The Kissing Booth 3,"Comedy,Romance",4.8,25736
2021-08-13,2,1,1,Outer Banks,TV Show,Yes,"Apr 15, 2020",56,431,tt10293938,Outer Banks,"Action,Crime,Drama",7.5,101710
2021-08-13,3,2,-,Vivo,Movie,Yes,"Aug 6, 2021",7,63,tt6338498,Vivo,"Adventure,Animation,Comedy",6.7,23209
2021-08-13,4,3,2,All American,TV Show,,"Mar 28, 2019",45,311,tt7414406,All American,"Drama,Sport",7.6,16118
2021-08-13,5,4,-,Hit & Run,TV Show,Yes,"Aug 6, 2021",7,45,tt9073940,Hit & Run,"Action,Crime,Drama",7.0,11916
2021-08-13,6,6,8,Cocomelon,TV Show,,"Jun 1, 2020",289,1026,tt12427840,Cocomelon,"Adventure,Animation,Family",3.6,1419
2021-08-13,7,-,-,Untold,TV Show,Yes,"Aug 10, 2021",1,4,tt15402976,Untold,"Biography,Crime,Documentary",7.2,9684
2021-08-13,8,5,3,Cocaine Cowboys: The Kings …,TV Show,Yes,"Aug 4, 2021",9,57,,,,,
2021-08-13,9,7,-,Major Payne,Movie,,"Aug 1, 2021",4,11,tt0110443,Major Payne,"Adventure,Comedy,Family",6.3,42271
2021-08-13,10,9,4,Top Secret UFO Projects: De…,TV Show,Yes,"Aug 3, 2021",10,37,,,,,
2021-08-14,1,1,-,The Kissing Booth 3,Movie,Yes,"Aug 11, 2021",2,20,tt12783454,The Kissing Booth 3,"Comedy,Romance",4.8,25736
2021-08-14,2,3,2,Vivo,Movie,Yes,"Aug 6, 2021",8,72,tt6338498,Vivo,"Adventure,Animation,Comedy",6.7,23209
2021-08-14,3,2,1,Outer Banks,TV Show,Yes,"Apr 15, 2020",57,439,tt10293938,Outer Banks,"Action,Crime,Drama",7.5,101710
2021-08-14,4,4,3,All American,TV Show,,"Mar 28, 2019",46,318,tt7414406,All American,"Drama,Sport",7.6,16118
2021-08-14,5,-,-,Beckett,Movie,Yes,"Aug 13, 2021",1,6,tt10230994,Beckett,"Action,Crime,Drama",5.7,30211
2021-08-14,6,-,-,Grace and Frankie,TV Show,Yes,"May 8, 2015",1,5,tt3609352,Grace and Frankie,"Comedy,Drama",8.2,60967
2021-08-14,7,5,6,Hit & Run,TV Show,Yes,"Aug 6, 2021",8,49,tt9073940,Hit & Run,"Action,Crime,Drama",7.0,11916
2021-08-14,8,6,9,Cocomelon,TV Show,,"Jun 1, 2020",290,1029,tt12427840,Cocomelon,"Adventure,Animation,Family",3.6,1419
2021-08-14,9,7,-,Untold,TV Show,Yes,"Aug 10, 2021",2,6,tt15402976,Untold,"Biography,Crime,Documentary",7.2,9684
2021-08-14,10,8,4,Cocaine Cowboys: The Kings …,TV Show,Yes,"Aug 4, 2021",10,58,,,,,
2021-08-15,1,1,-,The Kissing Booth 3,Movie,Yes,"Aug 11, 2021",3,30,tt12783454,The Kissing Booth 3,"Comedy,Romance",4.8,25736
2021-08-15,2,5,-,Beckett,Movie,Yes,"Aug 13, 2021",2,15,tt10230994,Beckett,"Action,Crime,Drama",5.7,30211
2021-08-15,3,2,2,Vivo,Movie,Yes,"Aug 6, 2021",9,80,tt6338498,Vivo,"Adventure,Animation,Comedy",6.7,23209
2021-08-15,4,3,1,Outer Banks,TV Show,Yes,"Apr 15, 2020",58,446,tt10293938,Outer Banks,"Action,Crime,Drama",7.5,101710
2021-08-15,5,6,-,Grace and Frankie,TV Show,Yes,"May 8, 2015",2,11,tt3609352,Grace and Frankie,"Comedy,Drama",8.2,60967
2021-08-15,6,4,3,All American,TV Show,,"Mar 28, 2019",47,323,tt7414406,All American,"Drama,Sport",7.6,16118
2021-08-15,7,7,5,Hit & Run,TV Show,Yes,"Aug 6, 2021",9,53,tt9073940,Hit & Run,"Action,Crime,Drama",7.0,11916
2021-08-15,8,8,10,Cocomelon,TV Show,,"Jun 1, 2020",291,1032,tt12427840,Cocomelon,"Adventure,Animation,Family",3.6,1419
2021-08-15,9,9,-,Untold,TV Show,Yes,"Aug 10, 2021",3,8,tt15402976,Untold,"Biography,Crime,Documentary",7.2,9684
2021-08-15,10,10,4,Cocaine Cowboys: The Kings …,TV Show,Yes,"Aug 4, 2021",11,59,,,,,
2021-08-16,1,2,-,Beckett,Movie,Yes,"Aug 13, 2021",3,25,tt10230994,Beckett,"Action,Crime,Drama",5.7,30211
2021-08-16,2,1,-,The Kissing Booth 3,Movie,Yes,"Aug 11, 2021",4,39,tt12783454,The Kissing Booth 3,"Comedy,Romance",4.8,25736
2021-08-16,3,3,1,Vivo,Movie,Yes,"Aug 6, 2021",10,88,tt6338498,Vivo,"Adventure,Animation,Comedy",6.7,23209
2021-08-16,4,4,2,Outer Banks,TV Show,Yes,"Apr 15, 2020",59,453,tt10293938,Outer Banks,"Action,Crime,Drama",7.5,101710
2021-08-16,5,6,3,All American,TV Show,,"Mar 28, 2019",48,329,tt7414406,All American,"Drama,Sport",7.6,16118
2021-08-16,6,5,-,Grace and Frankie,TV Show,Yes,"May 8, 2015",3,16,tt3609352,Grace and Frankie,"Comedy,Drama",8.2,60967
2021-08-16,7,7,4,Hit & Run,TV Show,Yes,"Aug 6, 2021",10,57,tt9073940,Hit & Run,"Action,Crime,Drama",7.0,11916
2021-08-16,8,9,-,Untold,TV Show,Yes,"Aug 10, 2021",4,11,tt15402976,Untold,"Biography,Crime,Documentary",7.2,9684
2021-08-16,9,8,10,Cocomelon,TV Show,,"Jun 1, 2020",292,1034,tt12427840,Cocomelon,"Adventure,Animation,Family",3.6,1419
2021-08-16,10,10,5,Cocaine Cowboys: The Kings …,TV Show,Yes,"Aug 4, 2021",12,60,,,,,
2021-08-17,1,1,-,Beckett,Movie,Yes,"Aug 13, 2021",4,35,tt10230994,Beckett,"Action,Crime,Drama",5.7,30211
2021-08-17,2,4,1,Outer Banks,TV Show,Yes,"Apr 15, 2020",60,462,tt10293938,Outer Banks,"Action,Crime,Drama",7.5,101710
2021-08-17,3,3,2,Vivo,Movie,Yes,"Aug 6, 2021",11,96,tt6338498,Vivo,"Adventure,Animation,Comedy",6.7,23209
2021-08-17,4,5,3,All American,TV Show,,"Mar 28, 2019",49,336,tt7414406,All American,"Drama,Sport",7.6,16118
2021-08-17,5,2,-,The Kissing Booth 3,Movie,Yes,"Aug 11, 2021",5,45,tt12783454,The Kissing Booth 3,"Comedy,Romance",4.8,25736
2021-08-17,6,6,-,Grace and Frankie,TV Show,Yes,"May 8, 2015",4,21,tt3609352,Grace and Frankie,"Comedy,Drama",8.2,60967
2021-08-17,7,7,4,Hit & Run,TV Show,Yes,"Aug 6, 2021",11,61,tt9073940,Hit & Run,"Action,Crime,Drama",7.0,11916
2021-08-17,8,9,7,Cocomelon,TV Show,,"Jun 1, 2020",293,1037,tt12427840,Cocomelon,"Adventure,Animation,Family",3.6,1419
2021-08-17,9,-,-,Bake Squad,TV Show,Yes,"Aug 11, 2021",1,2,tt15078760,Bake Squad,"Game-Show,Reality-TV",6.9,1227
2021-08-17,10,10,5,Cocaine Cowboys: The Kings …,TV Show,Yes,"Aug 4, 2021",13,61,,,,,
2021-08-18,1,2,1,Outer Banks,TV Show,Yes,"Apr 15, 2020",61,472,tt10293938,Outer Banks,"Action,Crime,Drama",7.5,101710
2021-08-18,2,1,-,Beckett,Movie,Yes,"Aug 13, 2021",5,44,tt10230994,Beckett,"Action,Crime,Drama",5.7,30211
2021-08-18,3,4,3,All American,TV Show,,"Mar 28, 2019",50,344,tt7414406,All American,"Drama,Sport",7.6,16118
2021-08-18,4,3,2,Vivo,Movie,Yes,"Aug 6, 2021",12,103,tt6338498,Vivo,"Adventure,Animation,Comedy",6.7,23209
2021-08-18,5,5,-,The Kissing Booth 3,Movie,Yes,"Aug 11, 2021",6,51,tt12783454,The Kissing Booth 3,"Comedy,Romance",4.8,25736
2021-08-18,6,6,-,Grace and Frankie,TV Show,Yes,"May 8, 2015",5,26,tt3609352,Grace and Frankie,"Comedy,Drama",8.2,60967
2021-08-18,7,8,6,Cocomelon,TV Show,,"Jun 1, 2020",294,1041,tt12427840,Cocomelon,"Adventure,Animation,Family",3.6,1419
2021-08-18,8,7,4,Hit & Run,TV Show,Yes,"Aug 6, 2021",12,64,tt9073940,Hit & Run,"Action,Crime,Drama",7.0,11916
2021-08-18,9,9,-,Bake Squad,TV Show,Yes,"Aug 11, 2021",2,4,tt15078760,Bake Squad,"Game-Show,Reality-TV",6.9,1227
2021-08-18,10,10,5,Cocaine Cowboys: The Kings …,TV Show,Yes,"Aug 4, 2021",14,62,,,,,
2021-08-19,1,1,1,Outer Banks,TV Show,Yes,"Apr 15, 2020",62,482,tt10293938,Outer Banks,"Action,Crime,Drama",7.5,101710
2021-08-19,2,3,3,All American,TV Show,,"Mar 28, 2019",51,353,tt7414406,All American,"Drama,Sport",7.6,16118
2021-08-19,3,4,2,Vivo,Movie,Yes,"Aug 6, 2021",13,111,tt6338498,Vivo,"Adventure,Animation,Comedy",6.7,23209
2021-08-19,4,2,-,Beckett,Movie,Yes,"Aug 13, 2021",6,51,tt10230994,Beckett,"Action,Crime,Drama",5.7,30211
2021-08-19,5,7,6,Cocomelon,TV Show,,"Jun 1, 2020",295,1047,tt12427840,Cocomelon,"Adventure,Animation,Family",3.6,1419
2021-08-19,6,5,-,The Kissing Booth 3,Movie,Yes,"Aug 11, 2021",7,56,tt12783454,The Kissing Booth 3,"Comedy,Romance",4.8,25736
2021-08-19,7,6,-,Grace and Frankie,TV Show,Yes,"May 8, 2015",6,30,tt3609352,Grace and Frankie,"Comedy,Drama",8.2,60967
2021-08-19,8,8,4,Hit & Run,TV Show,Yes,"Aug 6, 2021",13,67,tt9073940,Hit & Run,"Action,Crime,Drama",7.0,11916
2021-08-19,9,9,-,Bake Squad,TV Show,Yes,"Aug 11, 2021",3,6,tt15078760,Bake Squad,"Game-Show,Reality-TV",6.9,1227
2021-08-19,10,-,-,Black Island,Movie,Yes,"Aug 18, 2021",1,1,tt12881516,Black Island,"Drama,Mystery,Thriller",5.2,3672
2021-08-20,1,1,2,Outer Banks,TV Show,Yes,"Apr 15, 2020",63,492,tt10293938,Outer Banks,"Action,Crime,Drama",7.5,101710
2021-08-20,2,2,4,All American,TV Show,,"Mar 28, 2019",52,362,tt7414406,All American,"Drama,Sport",7.6,16118
2021-08-20,3,3,3,Vivo,Movie,Yes,"Aug 6, 2021",14,119,tt6338498,Vivo,"Adventure,Animation,Comedy",6.7,23209
2021-08-20,4,5,6,Cocomelon,TV Show,,"Jun 1, 2020",296,1054,tt12427840,Cocomelon,"Adventure,Animation,Family",3.6,1419
2021-08-20,5,4,-,Beckett,Movie,Yes,"Aug 13, 2021",7,57,tt10230994,Beckett,"Action,Crime,Drama",5.7,30211
2021-08-20,6,9,-,Bake Squad,TV Show,Yes,"Aug 11, 2021",4,11,tt15078760,Bake Squad,"Game-Show,Reality-TV",6.9,1227
2021-08-20,7,7,-,Grace and Frankie,TV Show,Yes,"May 8, 2015",7,34,tt3609352,Grace and Frankie,"Comedy,Drama",8.2,60967
2021-08-20,8,6,1,The Kissing Booth 3,Movie,Yes,"Aug 11, 2021",8,59,tt12783454,The Kissing Booth 3,"Comedy,Romance",4.8,25736
2021-08-20,9,8,5,Hit & Run,TV Show,Yes,"Aug 6, 2021",14,69,tt9073940,Hit & Run,"Action,Crime,Drama",7.0,11916
2021-08-20,10,10,-,Black Island,Movie,Yes,"Aug 18, 2021",2,2,tt12881516,Black Island,"Drama,Mystery,Thriller",5.2,3672
2021-08-21,1,-,-,Sweet Girl,Movie,Yes,"Aug 20, 2021",1,10,tt10731768,Sweet Girl,"Action,Drama,Thriller",5.5,37522
2021-08-21,2,-,-,The Loud House Movie,Movie,Yes,"Aug 20, 2021",1,9,tt6714432,The Loud House Movie,"Adventure,Animation,Comedy",6.0,3378
2021-08-21,3,3,2,Vivo,Movie,Yes,"Aug 6, 2021",15,127,tt6338498,Vivo,"Adventure,Animation,Comedy",6.7,23209
2021-08-21,4,1,3,Outer Banks,TV Show,Yes,"Apr 15, 2020",64,499,tt10293938,Outer Banks,"Action,Crime,Drama",7.5,101710
2021-08-21,5,2,4,All American,TV Show,,"Mar 28, 2019",53,368,tt7414406,All American,"Drama,Sport",7.6,16118
2021-08-21,6,4,8,Cocomelon,TV Show,,"Jun 1, 2020",297,1059,tt12427840,Cocomelon,"Adventure,Animation,Family",3.6,1419
2021-08-21,7,6,-,Bake Squad,TV Show,Yes,"Aug 11, 2021",5,15,tt15078760,Bake Squad,"Game-Show,Reality-TV",6.9,1227
2021-08-21,8,-,-,The Chair,TV Show,Yes,"Aug 20, 2021",1,3,tt11834150,The Chair,"Comedy,Drama",7.2,19686
2021-08-21,9,7,6,Grace and Frankie,TV Show,Yes,"May 8, 2015",8,36,tt3609352,Grace and Frankie,"Comedy,Drama",8.2,60967
2021-08-21,10,8,1,The Kissing Booth 3,Movie,Yes,"Aug 11, 2021",9,60,tt12783454,The Kissing Booth 3,"Comedy,Romance",4.8,25736
2021-08-22,1,1,-,Sweet Girl,Movie,Yes,"Aug 20, 2021",2,20,tt10731768,Sweet Girl,"Action,Drama,Thriller",5.5,37522
2021-08-22,2,2,-,The Loud House Movie,Movie,Yes,"Aug 20, 2021",2,18,tt6714432,The Loud House Movie,"Adventure,Animation,Comedy",6.0,3378
2021-08-22,3,3,3,Vivo,Movie,Yes,"Aug 6, 2021",16,135,tt6338498,Vivo,"Adventure,Animation,Comedy",6.7,23209
2021-08-22,4,4,4,Outer Banks,TV Show,Yes,"Apr 15, 2020",65,506,tt10293938,Outer Banks,"Action,Crime,Drama",7.5,101710
2021-08-22,5,-,-,Manifest,TV Show,,"Jun 10, 2021",55,447,tt8421350,Manifest,"Drama,Mystery,Sci-Fi",7.0,101578
2021-08-22,6,5,6,All American,TV Show,,"Mar 28, 2019",54,373,tt7414406,All American,"Drama,Sport",7.6,16118
2021-08-22,7,8,-,The Chair,TV Show,Yes,"Aug 20, 2021",2,7,tt11834150,The Chair,"Comedy,Drama",7.2,19686
2021-08-22,8,6,8,Cocomelon,TV Show,,"Jun 1, 2020",298,1062,tt12427840,Cocomelon,"Adventure,Animation,Family",3.6,1419
2021-08-22,9,7,-,Bake Squad,TV Show,Yes,"Aug 11, 2021",6,17,tt15078760,Bake Squad,"Game-Show,Reality-TV",6.9,1227
2021-08-22,10,9,5,Grace and Frankie,TV Show,Yes,"May 8, 2015",9,37,tt3609352,Grace and Frankie,"Comedy,Drama",8.2,60967
2021-08-23,1,1,-,Sweet Girl,Movie,Yes,"Aug 20, 2021",3,30,tt10731768,Sweet Girl,"Action,Drama,Thriller",5.5,37522
2021-08-23,2,2,-,The Loud House Movie,Movie,Yes,"Aug 20, 2021",3,27,tt6714432,The Loud House Movie,"Adventure,Animation,Comedy",6.0,3378
2021-08-23,3,5,-,Manifest,TV Show,,"Jun 10, 2021",56,455,tt8421350,Manifest,"Drama,Mystery,Sci-Fi",7.0,101578
2021-08-23,4,7,-,The Chair,TV Show,Yes,"Aug 20, 2021",3,14,tt11834150,The Chair,"Comedy,Drama",7.2,19686
2021-08-23,5,4,4,Outer Banks,TV Show,Yes,"Apr 15, 2020",66,512,tt10293938,Outer Banks,"Action,Crime,Drama",7.5,101710
2021-08-23,6,3,3,Vivo,Movie,Yes,"Aug 6, 2021",17,140,tt6338498,Vivo,"Adventure,Animation,Comedy",6.7,23209
2021-08-23,7,6,5,All American,TV Show,,"Mar 28, 2019",55,377,tt7414406,All American,"Drama,Sport",7.6,16118
2021-08-23,8,8,9,Cocomelon,TV Show,,"Jun 1, 2020",299,1065,tt12427840,Cocomelon,"Adventure,Animation,Family",3.6,1419
2021-08-23,9,9,-,Bake Squad,TV Show,Yes,"Aug 11, 2021",7,19,tt15078760,Bake Squad,"Game-Show,Reality-TV",6.9,1227
2021-08-23,10,-,-,The Defeated,TV Show,Yes,"Aug 18, 2021",1,1,tt8879894,The Defeated,"Drama,History,Thriller",7.1,8923
2021-08-24,1,1,-,Sweet Girl,Movie,Yes,"Aug 20, 2021",4,40,tt10731768,Sweet Girl,"Action,Drama,Thriller",5.5,37522
2021-08-24,2,2,-,The Loud House Movie,Movie,Yes,"Aug 20, 2021",4,36,tt6714432,The Loud House Movie,"Adventure,Animation,Comedy",6.0,3378
2021-08-24,3,3,-,Manifest,TV Show,,"Jun 10, 2021",57,463,tt8421350,Manifest,"Drama,Mystery,Sci-Fi",7.0,101578
2021-08-24,4,4,-,The Chair,TV Show,Yes,"Aug 20, 2021",4,21,tt11834150,The Chair,"Comedy,Drama",7.2,19686
2021-08-24,5,7,4,All American,TV Show,,"Mar 28, 2019",56,383,tt7414406,All American,"Drama,Sport",7.6,16118
2021-08-24,6,5,2,Outer Banks,TV Show,Yes,"Apr 15, 2020",67,517,tt10293938,Outer Banks,"Action,Crime,Drama",7.5,101710
2021-08-24,7,6,3,Vivo,Movie,Yes,"Aug 6, 2021",18,144,tt6338498,Vivo,"Adventure,Animation,Comedy",6.7,23209
2021-08-24,8,8,8,Cocomelon,TV Show,,"Jun 1, 2020",300,1068,tt12427840,Cocomelon,"Adventure,Animation,Family",3.6,1419
2021-08-24,9,-,-,The Witcher: Nightmare of t…,Movie,Yes,"Aug 23, 2021",1,2,,,,,
2021-08-24,10,9,9,Bake Squad,TV Show,Yes,"Aug 11, 2021",8,20,tt15078760,Bake Squad,"Game-Show,Reality-TV",6.9,1227
2021-08-25,1,1,-,Sweet Girl,Movie,Yes,"Aug 20, 2021",5,50,tt10731768,Sweet Girl,"Action,Drama,Thriller",5.5,37522
2021-08-25,2,3,-,Manifest,TV Show,,"Jun 10, 2021",58,472,tt8421350,Manifest,"Drama,Mystery,Sci-Fi",7.0,101578
2021-08-25,3,2,-,The Loud House Movie,Movie,Yes,"Aug 20, 2021",5,44,tt6714432,The Loud House Movie,"Adventure,Animation,Comedy",6.0,3378
2021-08-25,4,4,-,The Chair,TV Show,Yes,"Aug 20, 2021",5,28,tt11834150,The Chair,"Comedy,Drama",7.2,19686
2021-08-25,5,5,3,All American,TV Show,,"Mar 28, 2019",57,389,tt7414406,All American,"Drama,Sport",7.6,16118
2021-08-25,6,6,1,Outer Banks,TV Show,Yes,"Apr 15, 2020",68,522,tt10293938,Outer Banks,"Action,Crime,Drama",7.5,101710
2021-08-25,7,8,7,Cocomelon,TV Show,,"Jun 1, 2020",301,1072,tt12427840,Cocomelon,"Adventure,Animation,Family",3.6,1419
2021-08-25,8,7,4,Vivo,Movie,Yes,"Aug 6, 2021",19,147,tt6338498,Vivo,"Adventure,Animation,Comedy",6.7,23209
2021-08-25,9,9,-,The Witcher: Nightmare of t…,Movie,Yes,"Aug 23, 2021",2,4,,,,,
2021-08-25,10,10,9,Bake Squad,TV Show,Yes,"Aug 11, 2021",9,21,tt15078760,Bake Squad,"Game-Show,Reality-TV",6.9,1227
2021-08-26,1,1,-,Sweet Girl,Movie,Yes,"Aug 20, 2021",6,60,tt10731768,Sweet Girl,"Action,Drama,Thriller",5.5,37522
2021-08-26,2,2,-,Manifest,TV Show,,"Jun 10, 2021",59,481,tt8421350,Manifest,"Drama,Mystery,Sci-Fi",7.0,101578
2021-08-26,3,-,-,Clickbait,TV Show,Yes,"Aug 25, 2021",1,8,tt10888878,Clickbait,"Crime,Drama,Mystery",7.2,66530
2021-08-26,4,3,-,The Loud House Movie,Movie,Yes,"Aug 20, 2021",6,51,tt6714432,The Loud House Movie,"Adventure,Animation,Comedy",6.0,3378
2021-08-26,5,5,2,All American,TV Show,,"Mar 28, 2019",58,395,tt7414406,All American,"Drama,Sport",7.6,16118
2021-08-26,6,4,-,The Chair,TV Show,Yes,"Aug 20, 2021",6,33,tt11834150,The Chair,"Comedy,Drama",7.2,19686
2021-08-26,7,6,1,Outer Banks,TV Show,Yes,"Apr 15, 2020",69,526,tt10293938,Outer Banks,"Action,Crime,Drama",7.5,101710
2021-08-26,8,7,5,Cocomelon,TV Show,,"Jun 1, 2020",302,1075,tt12427840,Cocomelon,"Adventure,Animation,Family",3.6,1419
2021-08-26,9,8,3,Vivo,Movie,Yes,"Aug 6, 2021",20,149,tt6338498,Vivo,"Adventure,Animation,Comedy",6.7,23209
2021-08-26,10,-,-,"Bob Ross: Happy Accidents, …",Movie,Yes,"Aug 25, 2021",1,1,,,,,
2021-08-27,1,3,-,Clickbait,TV Show,Yes,"Aug 25, 2021",2,18,tt10888878,Clickbait,"Crime,Drama,Mystery",7.2,66530
2021-08-27,2,1,-,Sweet Girl,Movie,Yes,"Aug 20, 2021",7,69,tt10731768,Sweet Girl,"Action,Drama,Thriller",5.5,37522
2021-08-27,3,2,-,Manifest,TV Show,,"Jun 10, 2021",60,489,tt8421350,Manifest,"Drama,Mystery,Sci-Fi",7.0,101578
2021-08-27,4,10,-,"Bob Ross: Happy Accidents, …",Movie,Yes,"Aug 25, 2021",2,8,,,,,
2021-08-27,5,4,-,The Loud House Movie,Movie,Yes,"Aug 20, 2021",7,57,tt6714432,The Loud House Movie,"Adventure,Animation,Comedy",6.0,3378
2021-08-27,6,5,2,All American,TV Show,,"Mar 28, 2019",59,400,tt7414406,All American,"Drama,Sport",7.6,16118
2021-08-27,7,8,4,Cocomelon,TV Show,,"Jun 1, 2020",303,1079,tt12427840,Cocomelon,"Adventure,Animation,Family",3.6,1419
2021-08-27,8,7,1,Outer Banks,TV Show,Yes,"Apr 15, 2020",70,529,tt10293938,Outer Banks,"Action,Crime,Drama",7.5,101710
2021-08-27,9,6,-,The Chair,TV Show,Yes,"Aug 20, 2021",7,35,tt11834150,The Chair,"Comedy,Drama",7.2,19686
2021-08-27,10,9,3,Vivo,Movie,Yes,"Aug 6, 2021",21,150,tt6338498,Vivo,"Adventure,Animation,Comedy",6.7,23209
2021-08-28,1,-,-,Heâs All That,Movie,Yes,"Aug 27, 2021",1,10,,,,,
2021-08-28,2,1,-,Clickbait,TV Show,Yes,"Aug 25, 2021",3,27,tt10888878,Clickbait,"Crime,Drama,Mystery",7.2,66530
2021-08-28,3,-,-,SAS: Red Notice,Movie,,"Aug 27, 2021",1,8,,,,,
2021-08-28,4,3,-,Manifest,TV Show,,"Jun 10, 2021",61,496,tt8421350,Manifest,"Drama,Mystery,Sci-Fi",7.0,101578
2021-08-28,5,2,1,Sweet Girl,Movie,Yes,"Aug 20, 2021",8,75,tt10731768,Sweet Girl,"Action,Drama,Thriller",5.5,37522
2021-08-28,6,4,-,"Bob Ross: Happy Accidents, …",Movie,Yes,"Aug 25, 2021",3,13,,,,,
2021-08-28,7,5,2,The Loud House Movie,Movie,Yes,"Aug 20, 2021",8,61,tt6714432,The Loud House Movie,"Adventure,Animation,Comedy",6.0,3378
2021-08-28,8,7,6,Cocomelon,TV Show,,"Jun 1, 2020",304,1082,tt12427840,Cocomelon,"Adventure,Animation,Family",3.6,1419
2021-08-28,9,10,3,Vivo,Movie,Yes,"Aug 6, 2021",22,152,tt6338498,Vivo,"Adventure,Animation,Comedy",6.7,23209
2021-08-28,10,6,5,All American,TV Show,,"Mar 28, 2019",60,401,tt7414406,All American,"Drama,Sport",7.6,16118
2021-08-29,1,1,-,Heâs All That,Movie,Yes,"Aug 27, 2021",2,20,,,,,
2021-08-29,2,2,-,Clickbait,TV Show,Yes,"Aug 25, 2021",4,36,tt10888878,Clickbait,"Crime,Drama,Mystery",7.2,66530
2021-08-29,3,3,-,SAS: Red Notice,Movie,,"Aug 27, 2021",2,16,,,,,
2021-08-29,4,5,1,Sweet Girl,Movie,Yes,"Aug 20, 2021",9,82,tt10731768,Sweet Girl,"Action,Drama,Thriller",5.5,37522
2021-08-29,5,4,5,Manifest,TV Show,,"Jun 10, 2021",62,502,tt8421350,Manifest,"Drama,Mystery,Sci-Fi",7.0,101578
2021-08-29,6,6,-,"Bob Ross: Happy Accidents, …",Movie,Yes,"Aug 25, 2021",4,18,,,,,
2021-08-29,7,7,2,The Loud House Movie,Movie,Yes,"Aug 20, 2021",9,65,tt6714432,The Loud House Movie,"Adventure,Animation,Comedy",6.0,3378
2021-08-29,8,9,3,Vivo,Movie,Yes,"Aug 6, 2021",23,155,tt6338498,Vivo,"Adventure,Animation,Comedy",6.7,23209
2021-08-29,9,8,8,Cocomelon,TV Show,,"Jun 1, 2020",305,1084,tt12427840,Cocomelon,"Adventure,Animation,Family",3.6,1419
2021-08-29,10,10,6,All American,TV Show,,"Mar 28, 2019",61,402,tt7414406,All American,"Drama,Sport",7.6,16118
2021-08-30,1,1,-,Heâs All That,Movie,Yes,"Aug 27, 2021",3,30,,,,,
2021-08-30,2,2,-,Clickbait,TV Show,Yes,"Aug 25, 2021",5,45,tt10888878,Clickbait,"Crime,Drama,Mystery",7.2,66530
2021-08-30,3,3,-,SAS: Red Notice,Movie,,"Aug 27, 2021",3,24,,,,,
2021-08-30,4,5,3,Manifest,TV Show,,"Jun 10, 2021",63,509,tt8421350,Manifest,"Drama,Mystery,Sci-Fi",7.0,101578
2021-08-30,5,4,1,Sweet Girl,Movie,Yes,"Aug 20, 2021",10,88,tt10731768,Sweet Girl,"Action,Drama,Thriller",5.5,37522
2021-08-30,6,6,-,"Bob Ross: Happy Accidents, …",Movie,Yes,"Aug 25, 2021",5,23,,,,,
2021-08-30,7,9,8,Cocomelon,TV Show,,"Jun 1, 2020",306,1088,tt12427840,Cocomelon,"Adventure,Animation,Family",3.6,1419
2021-08-30,8,7,2,The Loud House Movie,Movie,Yes,"Aug 20, 2021",10,68,tt6714432,The Loud House Movie,"Adventure,Animation,Comedy",6.0,3378
2021-08-30,9,8,6,Vivo,Movie,Yes,"Aug 6, 2021",24,157,tt6338498,Vivo,"Adventure,Animation,Comedy",6.7,23209
2021-08-30,10,10,7,All American,TV Show,,"Mar 28, 2019",62,403,tt7414406,All American,"Drama,Sport",7.6,16118
2021-08-31,1,2,-,Clickbait,TV Show,Yes,"Aug 25, 2021",6,55,tt10888878,Clickbait,"Crime,Drama,Mystery",7.2,66530
2021-08-31,2,1,-,Heâs All That,Movie,Yes,"Aug 27, 2021",4,39,,,,,
2021-08-31,3,3,-,SAS: Red Notice,Movie,,"Aug 27, 2021",4,32,,,,,
2021-08-31,4,4,3,Manifest,TV Show,,"Jun 10, 2021",64,516,tt8421350,Manifest,"Drama,Mystery,Sci-Fi",7.0,101578
2021-08-31,5,7,8,Cocomelon,TV Show,,"Jun 1, 2020",307,1094,tt12427840,Cocomelon,"Adventure,Animation,Family",3.6,1419
2021-08-31,6,10,5,All American,TV Show,,"Mar 28, 2019",63,408,tt7414406,All American,"Drama,Sport",7.6,16118
2021-08-31,7,5,1,Sweet Girl,Movie,Yes,"Aug 20, 2021",11,92,tt10731768,Sweet Girl,"Action,Drama,Thriller",5.5,37522
2021-08-31,8,6,-,"Bob Ross: Happy Accidents, …",Movie,Yes,"Aug 25, 2021",6,26,,,,,
2021-08-31,9,-,6,Outer Banks,TV Show,Yes,"Apr 15, 2020",71,531,tt10293938,Outer Banks,"Action,Crime,Drama",7.5,101710
2021-08-31,10,9,7,Vivo,Movie,Yes,"Aug 6, 2021",25,158,tt6338498,Vivo,"Adventure,Animation,Comedy",6.7,23209
2021-09-01,1,1,-,Clickbait,TV Show,Yes,"Aug 25, 2021",7,65,tt10888878,Clickbait,"Crime,Drama,Mystery",7.2,66530
2021-09-01,2,2,-,Heâs All That,Movie,Yes,"Aug 27, 2021",5,48,,,,,
2021-09-01,3,4,2,Manifest,TV Show,,"Jun 10, 2021",65,524,tt8421350,Manifest,"Drama,Mystery,Sci-Fi",7.0,101578
2021-09-01,4,3,-,SAS: Red Notice,Movie,,"Aug 27, 2021",5,39,,,,,
2021-09-01,5,5,7,Cocomelon,TV Show,,"Jun 1, 2020",308,1100,tt12427840,Cocomelon,"Adventure,Animation,Family",3.6,1419
2021-09-01,6,6,5,All American,TV Show,,"Mar 28, 2019",64,413,tt7414406,All American,"Drama,Sport",7.6,16118
2021-09-01,7,7,1,Sweet Girl,Movie,Yes,"Aug 20, 2021",12,96,tt10731768,Sweet Girl,"Action,Drama,Thriller",5.5,37522
2021-09-01,8,9,6,Outer Banks,TV Show,Yes,"Apr 15, 2020",72,534,tt10293938,Outer Banks,"Action,Crime,Drama",7.5,101710
2021-09-01,9,10,8,Vivo,Movie,Yes,"Aug 6, 2021",26,160,tt6338498,Vivo,"Adventure,Animation,Comedy",6.7,23209
2021-09-01,10,8,-,"Bob Ross: Happy Accidents, …",Movie,Yes,"Aug 25, 2021",7,27,,,,,
2021-09-02,1,1,3,Clickbait,TV Show,Yes,"Aug 25, 2021",8,75,tt10888878,Clickbait,"Crime,Drama,Mystery",7.2,66530
2021-09-02,2,2,-,Heâs All That,Movie,Yes,"Aug 27, 2021",6,57,,,,,
2021-09-02,3,3,2,Manifest,TV Show,,"Jun 10, 2021",66,532,tt8421350,Manifest,"Drama,Mystery,Sci-Fi",7.0,101578
2021-09-02,4,-,-,Green Lantern,Movie,,"Sep 1, 2021",1,7,tt1133985,Green Lantern,"Action,Adventure,Sci-Fi",5.5,306346
2021-09-02,5,4,-,SAS: Red Notice,Movie,,"Aug 27, 2021",6,45,,,,,
2021-09-02,6,5,8,Cocomelon,TV Show,,"Jun 1, 2020",309,1105,tt12427840,Cocomelon,"Adventure,Animation,Family",3.6,1419
2021-09-02,7,-,-,Welcome Home Roscoe Jenkins,Movie,,"Sep 1, 2021",1,4,,,,,
2021-09-02,8,-,-,Turning Point: 9/11 and the…,TV Show,Yes,"Sep 1, 2021",1,3,,,,,
2021-09-02,9,6,5,All American,TV Show,,"Mar 28, 2019",65,415,tt7414406,All American,"Drama,Sport",7.6,16118
2021-09-02,10,9,9,Vivo,Movie,Yes,"Aug 6, 2021",27,161,tt6338498,Vivo,"Adventure,Animation,Comedy",6.7,23209
2021-09-03,1,1,1,Clickbait,TV Show,Yes,"Aug 25, 2021",9,85,tt10888878,Clickbait,"Crime,Drama,Mystery",7.2,66530
2021-09-03,2,-,-,Afterlife of the Party,Movie,Yes,"Sep 2, 2021",1,9,tt11742798,Afterlife of the Party,"Comedy,Drama,Fantasy",5.8,11519
2021-09-03,3,8,-,Turning Point: 9/11 and the…,TV Show,Yes,"Sep 1, 2021",2,11,,,,,
2021-09-03,4,3,3,Manifest,TV Show,,"Jun 10, 2021",67,539,tt8421350,Manifest,"Drama,Mystery,Sci-Fi",7.0,101578
2021-09-03,5,2,-,Heâs All That,Movie,Yes,"Aug 27, 2021",7,63,,,,,
2021-09-03,6,4,-,Green Lantern,Movie,,"Sep 1, 2021",2,12,tt1133985,Green Lantern,"Action,Adventure,Sci-Fi",5.5,306346
2021-09-03,7,7,-,Welcome Home Roscoe Jenkins,Movie,,"Sep 1, 2021",2,8,,,,,
2021-09-03,8,6,7,Cocomelon,TV Show,,"Jun 1, 2020",310,1108,tt12427840,Cocomelon,"Adventure,Animation,Family",3.6,1419
2021-09-03,9,5,-,SAS: Red Notice,Movie,,"Aug 27, 2021",7,47,,,,,
2021-09-03,10,9,6,All American,TV Show,,"Mar 28, 2019",66,416,tt7414406,All American,"Drama,Sport",7.6,16118
2021-09-04,1,1,2,Clickbait,TV Show,Yes,"Aug 25, 2021",10,95,tt10888878,Clickbait,"Crime,Drama,Mystery",7.2,66530
2021-09-04,2,-,-,Money Heist,TV Show,Yes,"Dec 20, 2017",17,89,tt6468322,Money Heist,"Action,Crime,Drama",8.2,589289
2021-09-04,3,2,-,Afterlife of the Party,Movie,Yes,"Sep 2, 2021",2,17,tt11742798,Afterlife of the Party,"Comedy,Drama,Fantasy",5.8,11519
2021-09-04,4,3,-,Turning Point: 9/11 and the…,TV Show,Yes,"Sep 1, 2021",3,18,,,,,
2021-09-04,5,6,-,Green Lantern,Movie,,"Sep 1, 2021",3,18,tt1133985,Green Lantern,"Action,Adventure,Sci-Fi",5.5,306346
2021-09-04,6,7,-,Welcome Home Roscoe Jenkins,Movie,,"Sep 1, 2021",3,13,,,,,
2021-09-04,7,4,4,Manifest,TV Show,,"Jun 10, 2021",68,543,tt8421350,Manifest,"Drama,Mystery,Sci-Fi",7.0,101578
2021-09-04,8,5,1,Heâs All That,Movie,Yes,"Aug 27, 2021",8,66,,,,,
2021-09-04,9,8,8,Cocomelon,TV Show,,"Jun 1, 2020",311,1110,tt12427840,Cocomelon,"Adventure,Animation,Family",3.6,1419
2021-09-04,10,-,9,Vivo,Movie,Yes,"Aug 6, 2021",28,162,tt6338498,Vivo,"Adventure,Animation,Comedy",6.7,23209
2021-09-05,1,1,2,Clickbait,TV Show,Yes,"Aug 25, 2021",11,105,tt10888878,Clickbait,"Crime,Drama,Mystery",7.2,66530
2021-09-05,2,2,-,Money Heist,TV Show,Yes,"Dec 20, 2017",18,98,tt6468322,Money Heist,"Action,Crime,Drama",8.2,589289
2021-09-05,3,4,-,Turning Point: 9/11 and the…,TV Show,Yes,"Sep 1, 2021",4,26,,,,,
2021-09-05,4,3,-,Afterlife of the Party,Movie,Yes,"Sep 2, 2021",3,24,tt11742798,Afterlife of the Party,"Comedy,Drama,Fantasy",5.8,11519
2021-09-05,5,5,-,Green Lantern,Movie,,"Sep 1, 2021",4,24,tt1133985,Green Lantern,"Action,Adventure,Sci-Fi",5.5,306346
2021-09-05,6,6,-,Welcome Home Roscoe Jenkins,Movie,,"Sep 1, 2021",4,18,,,,,
2021-09-05,7,7,5,Manifest,TV Show,,"Jun 10, 2021",69,547,tt8421350,Manifest,"Drama,Mystery,Sci-Fi",7.0,101578
2021-09-05,8,8,1,Heâs All That,Movie,Yes,"Aug 27, 2021",9,69,,,,,
2021-09-05,9,9,9,Cocomelon,TV Show,,"Jun 1, 2020",312,1112,tt12427840,Cocomelon,"Adventure,Animation,Family",3.6,1419
2021-09-05,10,-,-,Sharkdog,TV Show,Yes,"Sep 3, 2021",1,1,tt12211696,Sharkdog,"Adventure,Animation,Comedy",6.1,282
2021-09-06,1,1,2,Clickbait,TV Show,Yes,"Aug 25, 2021",12,115,tt10888878,Clickbait,"Crime,Drama,Mystery",7.2,66530
2021-09-06,2,2,-,Money Heist,TV Show,Yes,"Dec 20, 2017",19,107,tt6468322,Money Heist,"Action,Crime,Drama",8.2,589289
2021-09-06,3,3,-,Turning Point: 9/11 and the…,TV Show,Yes,"Sep 1, 2021",5,34,,,,,
2021-09-06,4,4,-,Afterlife of the Party,Movie,Yes,"Sep 2, 2021",4,31,tt11742798,Afterlife of the Party,"Comedy,Drama,Fantasy",5.8,11519
2021-09-06,5,5,-,Green Lantern,Movie,,"Sep 1, 2021",5,30,tt1133985,Green Lantern,"Action,Adventure,Sci-Fi",5.5,306346
2021-09-06,6,6,-,Welcome Home Roscoe Jenkins,Movie,,"Sep 1, 2021",5,23,,,,,
2021-09-06,7,7,4,Manifest,TV Show,,"Jun 10, 2021",70,551,tt8421350,Manifest,"Drama,Mystery,Sci-Fi",7.0,101578
2021-09-06,8,10,-,Sharkdog,TV Show,Yes,"Sep 3, 2021",2,4,tt12211696,Sharkdog,"Adventure,Animation,Comedy",6.1,282
2021-09-06,9,-,-,Worth,Movie,Yes,"Sep 3, 2021",1,2,tt8009744,Worth,"Biography,Drama,History",6.8,20239
2021-09-06,10,9,7,Cocomelon,TV Show,,"Jun 1, 2020",313,1113,tt12427840,Cocomelon,"Adventure,Animation,Family",3.6,1419
2021-09-07,1,1,1,Clickbait,TV Show,Yes,"Aug 25, 2021",13,125,tt10888878,Clickbait,"Crime,Drama,Mystery",7.2,66530
2021-09-07,2,3,-,Turning Point: 9/11 and the…,TV Show,Yes,"Sep 1, 2021",6,43,,,,,
2021-09-07,3,2,-,Money Heist,TV Show,Yes,"Dec 20, 2017",20,115,tt6468322,Money Heist,"Action,Crime,Drama",8.2,589289
2021-09-07,4,4,-,Afterlife of the Party,Movie,Yes,"Sep 2, 2021",5,38,tt11742798,Afterlife of the Party,"Comedy,Drama,Fantasy",5.8,11519
2021-09-07,5,9,-,Worth,Movie,Yes,"Sep 3, 2021",2,8,tt8009744,Worth,"Biography,Drama,History",6.8,20239
2021-09-07,6,7,4,Manifest,TV Show,,"Jun 10, 2021",71,556,tt8421350,Manifest,"Drama,Mystery,Sci-Fi",7.0,101578
2021-09-07,7,8,-,Sharkdog,TV Show,Yes,"Sep 3, 2021",3,8,tt12211696,Sharkdog,"Adventure,Animation,Comedy",6.1,282
2021-09-07,8,6,-,Welcome Home Roscoe Jenkins,Movie,,"Sep 1, 2021",6,26,,,,,
2021-09-07,9,5,-,Green Lantern,Movie,,"Sep 1, 2021",6,32,tt1133985,Green Lantern,"Action,Adventure,Sci-Fi",5.5,306346
2021-09-07,10,10,5,Cocomelon,TV Show,,"Jun 1, 2020",314,1114,tt12427840,Cocomelon,"Adventure,Animation,Family",3.6,1419
2021-09-08,1,1,1,Clickbait,TV Show,Yes,"Aug 25, 2021",14,135,tt10888878,Clickbait,"Crime,Drama,Mystery",7.2,66530
2021-09-08,2,2,-,Turning Point: 9/11 and the…,TV Show,Yes,"Sep 1, 2021",7,52,,,,,
2021-09-08,3,3,-,Money Heist,TV Show,Yes,"Dec 20, 2017",21,123,tt6468322,Money Heist,"Action,Crime,Drama",8.2,589289
2021-09-08,4,6,3,Manifest,TV Show,,"Jun 10, 2021",72,563,tt8421350,Manifest,"Drama,Mystery,Sci-Fi",7.0,101578
2021-09-08,5,4,-,Afterlife of the Party,Movie,Yes,"Sep 2, 2021",6,44,tt11742798,Afterlife of the Party,"Comedy,Drama,Fantasy",5.8,11519
2021-09-08,6,10,5,Cocomelon,TV Show,,"Jun 1, 2020",315,1119,tt12427840,Cocomelon,"Adventure,Animation,Family",3.6,1419
2021-09-08,7,7,-,Sharkdog,TV Show,Yes,"Sep 3, 2021",4,12,tt12211696,Sharkdog,"Adventure,Animation,Comedy",6.1,282
2021-09-08,8,5,-,Worth,Movie,Yes,"Sep 3, 2021",3,11,tt8009744,Worth,"Biography,Drama,History",6.8,20239
2021-09-08,9,8,-,Welcome Home Roscoe Jenkins,Movie,,"Sep 1, 2021",7,28,,,,,
2021-09-08,10,9,-,Green Lantern,Movie,,"Sep 1, 2021",7,33,tt1133985,Green Lantern,"Action,Adventure,Sci-Fi",5.5,306346
2021-09-09,1,1,1,Clickbait,TV Show,Yes,"Aug 25, 2021",15,145,tt10888878,Clickbait,"Crime,Drama,Mystery",7.2,66530
2021-09-09,2,2,8,Turning Point: 9/11 and the…,TV Show,Yes,"Sep 1, 2021",8,61,,,,,
2021-09-09,3,3,-,Money Heist,TV Show,Yes,"Dec 20, 2017",22,131,tt6468322,Money Heist,"Action,Crime,Drama",8.2,589289
2021-09-09,4,4,3,Manifest,TV Show,,"Jun 10, 2021",73,570,tt8421350,Manifest,"Drama,Mystery,Sci-Fi",7.0,101578
2021-09-09,5,-,-,The Circle US,TV Show,Yes,"Jan 1, 2020",26,160,,,,,
2021-09-09,6,6,6,Cocomelon,TV Show,,"Jun 1, 2020",316,1124,tt12427840,Cocomelon,"Adventure,Animation,Family",3.6,1419
2021-09-09,7,7,-,Sharkdog,TV Show,Yes,"Sep 3, 2021",5,16,tt12211696,Sharkdog,"Adventure,Animation,Comedy",6.1,282
2021-09-09,8,5,-,Afterlife of the Party,Movie,Yes,"Sep 2, 2021",7,47,tt11742798,Afterlife of the Party,"Comedy,Drama,Fantasy",5.8,11519
2021-09-09,9,8,-,Worth,Movie,Yes,"Sep 3, 2021",4,13,tt8009744,Worth,"Biography,Drama,History",6.8,20239
2021-09-09,10,-,-,On the Verge,TV Show,Yes,"Sep 7, 2021",1,1,tt5540990,On the Verge,Comedy,6.5,3859
2021-09-10,1,1,1,Clickbait,TV Show,Yes,"Aug 25, 2021",16,155,tt10888878,Clickbait,"Crime,Drama,Mystery",7.2,66530
2021-09-10,2,2,3,Turning Point: 9/11 and the…,TV Show,Yes,"Sep 1, 2021",9,70,,,,,
2021-09-10,3,3,-,Money Heist,TV Show,Yes,"Dec 20, 2017",23,139,tt6468322,Money Heist,"Action,Crime,Drama",8.2,589289
2021-09-10,4,5,-,The Circle US,TV Show,Yes,"Jan 1, 2020",27,167,,,,,
2021-09-10,5,6,8,Cocomelon,TV Show,,"Jun 1, 2020",317,1130,tt12427840,Cocomelon,"Adventure,Animation,Family",3.6,1419
2021-09-10,6,4,4,Manifest,TV Show,,"Jun 10, 2021",74,575,tt8421350,Manifest,"Drama,Mystery,Sci-Fi",7.0,101578
2021-09-10,7,10,-,On the Verge,TV Show,Yes,"Sep 7, 2021",2,5,tt5540990,On the Verge,Comedy,6.5,3859
2021-09-10,8,7,-,Sharkdog,TV Show,Yes,"Sep 3, 2021",6,19,tt12211696,Sharkdog,"Adventure,Animation,Comedy",6.1,282
2021-09-10,9,8,2,Afterlife of the Party,Movie,Yes,"Sep 2, 2021",8,49,tt11742798,Afterlife of the Party,"Comedy,Drama,Fantasy",5.8,11519
2021-09-10,10,9,-,Worth,Movie,Yes,"Sep 3, 2021",5,14,tt8009744,Worth,"Biography,Drama,History",6.8,20239
2021-09-11,1,-,-,Kate,Movie,Yes,"Sep 10, 2021",1,10,tt7737528,Kate,"Action,Adventure,Crime",6.3,75754
2021-09-11,2,-,-,Lucifer,TV Show,,"Dec 15, 2018",44,314,tt4052886,Lucifer,"Crime,Drama,Fantasy",8.0,384482
2021-09-11,3,1,1,Clickbait,TV Show,Yes,"Aug 25, 2021",17,163,tt10888878,Clickbait,"Crime,Drama,Mystery",7.2,66530
2021-09-11,4,2,4,Turning Point: 9/11 and the…,TV Show,Yes,"Sep 1, 2021",10,77,,,,,
2021-09-11,5,5,9,Cocomelon,TV Show,,"Jun 1, 2020",318,1136,tt12427840,Cocomelon,"Adventure,Animation,Family",3.6,1419
2021-09-11,6,4,-,The Circle US,TV Show,Yes,"Jan 1, 2020",28,172,,,,,
2021-09-11,7,3,2,Money Heist,TV Show,Yes,"Dec 20, 2017",24,143,tt6468322,Money Heist,"Action,Crime,Drama",8.2,589289
2021-09-11,8,8,-,Sharkdog,TV Show,Yes,"Sep 3, 2021",7,22,tt12211696,Sharkdog,"Adventure,Animation,Comedy",6.1,282
2021-09-11,9,6,7,Manifest,TV Show,,"Jun 10, 2021",75,577,tt8421350,Manifest,"Drama,Mystery,Sci-Fi",7.0,101578
2021-09-11,10,7,-,On the Verge,TV Show,Yes,"Sep 7, 2021",3,6,tt5540990,On the Verge,Comedy,6.5,3859
2021-09-12,1,1,-,Kate,Movie,Yes,"Sep 10, 2021",2,20,tt7737528,Kate,"Action,Adventure,Crime",6.3,75754
2021-09-12,2,2,-,Lucifer,TV Show,,"Dec 15, 2018",45,323,tt4052886,Lucifer,"Crime,Drama,Fantasy",8.0,384482
2021-09-12,3,4,3,Turning Point: 9/11 and the…,TV Show,Yes,"Sep 1, 2021",11,85,,,,,
2021-09-12,4,3,1,Clickbait,TV Show,Yes,"Aug 25, 2021",18,170,tt10888878,Clickbait,"Crime,Drama,Mystery",7.2,66530
2021-09-12,5,5,9,Cocomelon,TV Show,,"Jun 1, 2020",319,1142,tt12427840,Cocomelon,"Adventure,Animation,Family",3.6,1419
2021-09-12,6,8,10,Sharkdog,TV Show,Yes,"Sep 3, 2021",8,27,tt12211696,Sharkdog,"Adventure,Animation,Comedy",6.1,282
2021-09-12,7,-,-,Prey,Movie,Yes,"Sep 10, 2021",1,4,tt11866324,Prey,"Action,Adventure,Horror",7.1,263862
2021-09-12,8,6,-,The Circle US,TV Show,Yes,"Jan 1, 2020",29,175,,,,,
2021-09-12,9,7,2,Money Heist,TV Show,Yes,"Dec 20, 2017",25,145,tt6468322,Money Heist,"Action,Crime,Drama",8.2,589289
2021-09-12,10,10,-,On the Verge,TV Show,Yes,"Sep 7, 2021",4,7,tt5540990,On the Verge,Comedy,6.5,3859
2021-09-13,1,1,-,Kate,Movie,Yes,"Sep 10, 2021",3,30,tt7737528,Kate,"Action,Adventure,Crime",6.3,75754
2021-09-13,2,2,-,Lucifer,TV Show,,"Dec 15, 2018",46,332,tt4052886,Lucifer,"Crime,Drama,Fantasy",8.0,384482
2021-09-13,3,4,1,Clickbait,TV Show,Yes,"Aug 25, 2021",19,178,tt10888878,Clickbait,"Crime,Drama,Mystery",7.2,66530
2021-09-13,4,3,3,Turning Point: 9/11 and the…,TV Show,Yes,"Sep 1, 2021",12,92,,,,,
2021-09-13,5,7,-,Prey,Movie,Yes,"Sep 10, 2021",2,10,tt11866324,Prey,"Action,Adventure,Horror",7.1,263862
2021-09-13,6,5,10,Cocomelon,TV Show,,"Jun 1, 2020",320,1147,tt12427840,Cocomelon,"Adventure,Animation,Family",3.6,1419
2021-09-13,7,10,-,On the Verge,TV Show,Yes,"Sep 7, 2021",5,11,tt5540990,On the Verge,Comedy,6.5,3859
2021-09-13,8,-,-,An Unfinished Life,Movie,,"Sep 1, 2021",1,3,tt0350261,An Unfinished Life,"Drama,Family,Romance",7.0,35736
2021-09-13,9,6,8,Sharkdog,TV Show,Yes,"Sep 3, 2021",9,29,tt12211696,Sharkdog,"Adventure,Animation,Comedy",6.1,282
2021-09-13,10,-,7,Manifest,TV Show,,"Jun 10, 2021",76,578,tt8421350,Manifest,"Drama,Mystery,Sci-Fi",7.0,101578
2021-09-14,1,1,-,Kate,Movie,Yes,"Sep 10, 2021",4,40,tt7737528,Kate,"Action,Adventure,Crime",6.3,75754
2021-09-14,2,2,-,Lucifer,TV Show,,"Dec 15, 2018",47,341,tt4052886,Lucifer,"Crime,Drama,Fantasy",8.0,384482
2021-09-14,3,3,1,Clickbait,TV Show,Yes,"Aug 25, 2021",20,186,tt10888878,Clickbait,"Crime,Drama,Mystery",7.2,66530
2021-09-14,4,4,2,Turning Point: 9/11 and the…,TV Show,Yes,"Sep 1, 2021",13,99,,,,,
2021-09-14,5,5,-,Prey,Movie,Yes,"Sep 10, 2021",3,16,tt11866324,Prey,"Action,Adventure,Horror",7.1,263862
2021-09-14,6,6,10,Cocomelon,TV Show,,"Jun 1, 2020",321,1152,tt12427840,Cocomelon,"Adventure,Animation,Family",3.6,1419
2021-09-14,7,7,-,On the Verge,TV Show,Yes,"Sep 7, 2021",6,15,tt5540990,On the Verge,Comedy,6.5,3859
2021-09-14,8,8,-,An Unfinished Life,Movie,,"Sep 1, 2021",2,6,tt0350261,An Unfinished Life,"Drama,Family,Romance",7.0,35736
2021-09-14,9,9,7,Sharkdog,TV Show,Yes,"Sep 3, 2021",10,31,tt12211696,Sharkdog,"Adventure,Animation,Comedy",6.1,282
2021-09-14,10,10,6,Manifest,TV Show,,"Jun 10, 2021",77,579,tt8421350,Manifest,"Drama,Mystery,Sci-Fi",7.0,101578
2021-09-15,1,2,-,Lucifer,TV Show,,"Dec 15, 2018",48,351,tt4052886,Lucifer,"Crime,Drama,Fantasy",8.0,384482
2021-09-15,2,1,-,Kate,Movie,Yes,"Sep 10, 2021",5,49,tt7737528,Kate,"Action,Adventure,Crime",6.3,75754
2021-09-15,3,3,1,Clickbait,TV Show,Yes,"Aug 25, 2021",21,194,tt10888878,Clickbait,"Crime,Drama,Mystery",7.2,66530
2021-09-15,4,4,2,Turning Point: 9/11 and the…,TV Show,Yes,"Sep 1, 2021",14,106,,,,,
2021-09-15,5,5,-,Prey,Movie,Yes,"Sep 10, 2021",4,22,tt11866324,Prey,"Action,Adventure,Horror",7.1,263862
2021-09-15,6,6,6,Cocomelon,TV Show,,"Jun 1, 2020",322,1157,tt12427840,Cocomelon,"Adventure,Animation,Family",3.6,1419
2021-09-15,7,10,4,Manifest,TV Show,,"Jun 10, 2021",78,583,tt8421350,Manifest,"Drama,Mystery,Sci-Fi",7.0,101578
2021-09-15,8,8,-,An Unfinished Life,Movie,,"Sep 1, 2021",3,9,tt0350261,An Unfinished Life,"Drama,Family,Romance",7.0,35736
2021-09-15,9,9,7,Sharkdog,TV Show,Yes,"Sep 3, 2021",11,33,tt12211696,Sharkdog,"Adventure,Animation,Comedy",6.1,282
2021-09-15,10,7,-,On the Verge,TV Show,Yes,"Sep 7, 2021",7,16,tt5540990,On the Verge,Comedy,6.5,3859
2021-09-16,1,1,-,Lucifer,TV Show,,"Dec 15, 2018",49,361,tt4052886,Lucifer,"Crime,Drama,Fantasy",8.0,384482
2021-09-16,2,3,1,Clickbait,TV Show,Yes,"Aug 25, 2021",22,203,tt10888878,Clickbait,"Crime,Drama,Mystery",7.2,66530
2021-09-16,3,2,-,Kate,Movie,Yes,"Sep 10, 2021",6,57,tt7737528,Kate,"Action,Adventure,Crime",6.3,75754
2021-09-16,4,-,5,The Circle US,TV Show,Yes,"Jan 1, 2020",30,182,,,,,
2021-09-16,5,4,2,Turning Point: 9/11 and the…,TV Show,Yes,"Sep 1, 2021",15,112,,,,,
2021-09-16,6,6,6,Cocomelon,TV Show,,"Jun 1, 2020",323,1162,tt12427840,Cocomelon,"Adventure,Animation,Family",3.6,1419
2021-09-16,7,7,4,Manifest,TV Show,,"Jun 10, 2021",79,587,tt8421350,Manifest,"Drama,Mystery,Sci-Fi",7.0,101578
2021-09-16,8,5,-,Prey,Movie,Yes,"Sep 10, 2021",5,25,tt11866324,Prey,"Action,Adventure,Horror",7.1,263862
2021-09-16,9,8,-,An Unfinished Life,Movie,,"Sep 1, 2021",4,11,tt0350261,An Unfinished Life,"Drama,Family,Romance",7.0,35736
2021-09-16,10,9,7,Sharkdog,TV Show,Yes,"Sep 3, 2021",12,34,tt12211696,Sharkdog,"Adventure,Animation,Comedy",6.1,282
2021-09-17,1,1,-,Lucifer,TV Show,,"Dec 15, 2018",50,371,tt4052886,Lucifer,"Crime,Drama,Fantasy",8.0,384482
2021-09-17,2,2,1,Clickbait,TV Show,Yes,"Aug 25, 2021",23,212,tt10888878,Clickbait,"Crime,Drama,Mystery",7.2,66530
2021-09-17,3,-,-,Safe House,Movie,,"Sep 16, 2021",1,8,tt1599348,Safe House,"Action,Thriller",6.7,247241
2021-09-17,4,3,-,Kate,Movie,Yes,"Sep 10, 2021",7,64,tt7737528,Kate,"Action,Adventure,Crime",6.3,75754
2021-09-17,5,4,4,The Circle US,TV Show,Yes,"Jan 1, 2020",31,188,,,,,
2021-09-17,6,6,5,Cocomelon,TV Show,,"Jun 1, 2020",324,1167,tt12427840,Cocomelon,"Adventure,Animation,Family",3.6,1419
2021-09-17,7,5,2,Turning Point: 9/11 and the…,TV Show,Yes,"Sep 1, 2021",16,116,,,,,
2021-09-17,8,7,6,Manifest,TV Show,,"Jun 10, 2021",80,590,tt8421350,Manifest,"Drama,Mystery,Sci-Fi",7.0,101578
2021-09-17,9,-,-,Nightbooks,Movie,Yes,"Sep 15, 2021",1,2,tt10521144,Nightbooks,"Family,Fantasy,Horror",5.8,11349
2021-09-17,10,9,-,An Unfinished Life,Movie,,"Sep 1, 2021",5,12,tt0350261,An Unfinished Life,"Drama,Family,Romance",7.0,35736
2021-09-18,1,-,-,Sex Education,TV Show,Yes,"Jan 11, 2019",1,10,tt7767422,Sex Education,"Comedy,Drama,Romance",8.2,388915
2021-09-18,2,3,-,Safe House,Movie,,"Sep 16, 2021",2,17,tt1599348,Safe House,"Action,Thriller",6.7,247241
2021-09-18,3,1,2,Lucifer,TV Show,,"Dec 15, 2018",51,379,tt4052886,Lucifer,"Crime,Drama,Fantasy",8.0,384482
2021-09-18,4,2,3,Clickbait,TV Show,Yes,"Aug 25, 2021",24,219,tt10888878,Clickbait,"Crime,Drama,Mystery",7.2,66530
2021-09-18,5,4,1,Kate,Movie,Yes,"Sep 10, 2021",8,70,tt7737528,Kate,"Action,Adventure,Crime",6.3,75754
2021-09-18,6,5,6,The Circle US,TV Show,Yes,"Jan 1, 2020",32,193,,,,,
2021-09-18,7,6,5,Cocomelon,TV Show,,"Jun 1, 2020",325,1171,tt12427840,Cocomelon,"Adventure,Animation,Family",3.6,1419
2021-09-18,8,9,-,Nightbooks,Movie,Yes,"Sep 15, 2021",2,5,tt10521144,Nightbooks,"Family,Fantasy,Horror",5.8,11349
2021-09-18,9,10,-,An Unfinished Life,Movie,,"Sep 1, 2021",6,14,tt0350261,An Unfinished Life,"Drama,Family,Romance",7.0,35736
2021-09-18,10,-,8,Sharkdog,TV Show,Yes,"Sep 3, 2021",13,35,tt12211696,Sharkdog,"Adventure,Animation,Comedy",6.1,282
2021-09-19,1,1,-,Sex Education,TV Show,Yes,"Jan 11, 2019",2,20,tt7767422,Sex Education,"Comedy,Drama,Romance",8.2,388915
2021-09-19,2,2,-,Safe House,Movie,,"Sep 16, 2021",3,26,tt1599348,Safe House,"Action,Thriller",6.7,247241
2021-09-19,3,4,4,Clickbait,TV Show,Yes,"Aug 25, 2021",25,227,tt10888878,Clickbait,"Crime,Drama,Mystery",7.2,66530
2021-09-19,4,3,2,Lucifer,TV Show,,"Dec 15, 2018",52,386,tt4052886,Lucifer,"Crime,Drama,Fantasy",8.0,384482
2021-09-19,5,5,1,Kate,Movie,Yes,"Sep 10, 2021",9,76,tt7737528,Kate,"Action,Adventure,Crime",6.3,75754
2021-09-19,6,8,-,Nightbooks,Movie,Yes,"Sep 15, 2021",3,10,tt10521144,Nightbooks,"Family,Fantasy,Horror",5.8,11349
2021-09-19,7,7,5,Cocomelon,TV Show,,"Jun 1, 2020",326,1175,tt12427840,Cocomelon,"Adventure,Animation,Family",3.6,1419
2021-09-19,8,-,-,Squid Game,TV Show,Yes,"Sep 17, 2021",1,3,tt10919420,Squid Game,"Action,Crime,Drama",8.0,729794
2021-09-19,9,6,8,The Circle US,TV Show,Yes,"Jan 1, 2020",33,195,,,,,
2021-09-19,10,9,-,An Unfinished Life,Movie,,"Sep 1, 2021",7,15,tt0350261,An Unfinished Life,"Drama,Family,Romance",7.0,35736
2021-09-20,1,1,-,Sex Education,TV Show,Yes,"Jan 11, 2019",3,30,tt7767422,Sex Education,"Comedy,Drama,Romance",8.2,388915
2021-09-20,2,8,-,Squid Game,TV Show,Yes,"Sep 17, 2021",2,12,tt10919420,Squid Game,"Action,Crime,Drama",8.0,729794
2021-09-20,3,2,-,Safe House,Movie,,"Sep 16, 2021",4,34,tt1599348,Safe House,"Action,Thriller",6.7,247241
2021-09-20,4,3,3,Clickbait,TV Show,Yes,"Aug 25, 2021",26,234,tt10888878,Clickbait,"Crime,Drama,Mystery",7.2,66530
2021-09-20,5,4,2,Lucifer,TV Show,,"Dec 15, 2018",53,392,tt4052886,Lucifer,"Crime,Drama,Fantasy",8.0,384482
2021-09-20,6,5,1,Kate,Movie,Yes,"Sep 10, 2021",10,81,tt7737528,Kate,"Action,Adventure,Crime",6.3,75754
2021-09-20,7,-,-,The Father Who Moves Mountains,Movie,Yes,"Sep 17, 2021",1,4,tt8886670,The Father Who Moves Mountains,"Drama,Thriller",5.6,4491
2021-09-20,8,7,6,Cocomelon,TV Show,,"Jun 1, 2020",327,1178,tt12427840,Cocomelon,"Adventure,Animation,Family",3.6,1419
2021-09-20,9,9,-,The Circle US,TV Show,Yes,"Jan 1, 2020",34,197,,,,,
2021-09-20,10,6,-,Nightbooks,Movie,Yes,"Sep 15, 2021",4,11,tt10521144,Nightbooks,"Family,Fantasy,Horror",5.8,11349
2021-09-21,1,1,-,Sex Education,TV Show,Yes,"Jan 11, 2019",4,40,tt7767422,Sex Education,"Comedy,Drama,Romance",8.2,388915
2021-09-21,2,2,-,Squid Game,TV Show,Yes,"Sep 17, 2021",3,21,tt10919420,Squid Game,"Action,Crime,Drama",8.0,729794
2021-09-21,3,3,-,Safe House,Movie,,"Sep 16, 2021",5,42,tt1599348,Safe House,"Action,Thriller",6.7,247241
2021-09-21,4,4,3,Clickbait,TV Show,Yes,"Aug 25, 2021",27,241,tt10888878,Clickbait,"Crime,Drama,Mystery",7.2,66530
2021-09-21,5,5,2,Lucifer,TV Show,,"Dec 15, 2018",54,398,tt4052886,Lucifer,"Crime,Drama,Fantasy",8.0,384482
2021-09-21,6,6,1,Kate,Movie,Yes,"Sep 10, 2021",11,86,tt7737528,Kate,"Action,Adventure,Crime",6.3,75754
2021-09-21,7,7,-,The Father Who Moves Mountains,Movie,Yes,"Sep 17, 2021",2,8,tt8886670,The Father Who Moves Mountains,"Drama,Thriller",5.6,4491
2021-09-21,8,8,6,Cocomelon,TV Show,,"Jun 1, 2020",328,1181,tt12427840,Cocomelon,"Adventure,Animation,Family",3.6,1419
2021-09-21,9,9,-,The Circle US,TV Show,Yes,"Jan 1, 2020",35,199,,,,,
2021-09-21,10,10,-,Nightbooks,Movie,Yes,"Sep 15, 2021",5,12,tt10521144,Nightbooks,"Family,Fantasy,Horror",5.8,11349
2021-09-22,1,2,-,Squid Game,TV Show,Yes,"Sep 17, 2021",4,31,tt10919420,Squid Game,"Action,Crime,Drama",8.0,729794
2021-09-22,2,1,-,Sex Education,TV Show,Yes,"Jan 11, 2019",5,49,tt7767422,Sex Education,"Comedy,Drama,Romance",8.2,388915
2021-09-22,3,4,3,Clickbait,TV Show,Yes,"Aug 25, 2021",28,249,tt10888878,Clickbait,"Crime,Drama,Mystery",7.2,66530
2021-09-22,4,5,1,Lucifer,TV Show,,"Dec 15, 2018",55,405,tt4052886,Lucifer,"Crime,Drama,Fantasy",8.0,384482
2021-09-22,5,3,-,Safe House,Movie,,"Sep 16, 2021",6,48,tt1599348,Safe House,"Action,Thriller",6.7,247241
2021-09-22,6,7,-,The Father Who Moves Mountains,Movie,Yes,"Sep 17, 2021",3,13,tt8886670,The Father Who Moves Mountains,"Drama,Thriller",5.6,4491
2021-09-22,7,8,6,Cocomelon,TV Show,,"Jun 1, 2020",329,1185,tt12427840,Cocomelon,"Adventure,Animation,Family",3.6,1419
2021-09-22,8,9,-,The Circle US,TV Show,Yes,"Jan 1, 2020",36,202,,,,,
2021-09-22,9,6,2,Kate,Movie,Yes,"Sep 10, 2021",12,88,tt7737528,Kate,"Action,Adventure,Crime",6.3,75754
2021-09-22,10,-,9,Sharkdog,TV Show,Yes,"Sep 3, 2021",14,36,tt12211696,Sharkdog,"Adventure,Animation,Comedy",6.1,282
2021-09-23,1,1,-,Squid Game,TV Show,Yes,"Sep 17, 2021",5,41,tt10919420,Squid Game,"Action,Crime,Drama",8.0,729794
2021-09-23,2,2,-,Sex Education,TV Show,Yes,"Jan 11, 2019",6,58,tt7767422,Sex Education,"Comedy,Drama,Romance",8.2,388915
2021-09-23,3,3,2,Clickbait,TV Show,Yes,"Aug 25, 2021",29,257,tt10888878,Clickbait,"Crime,Drama,Mystery",7.2,66530
2021-09-23,4,4,1,Lucifer,TV Show,,"Dec 15, 2018",56,412,tt4052886,Lucifer,"Crime,Drama,Fantasy",8.0,384482
2021-09-23,5,5,-,Safe House,Movie,,"Sep 16, 2021",7,54,tt1599348,Safe House,"Action,Thriller",6.7,247241
2021-09-23,6,6,-,The Father Who Moves Mountains,Movie,Yes,"Sep 17, 2021",4,18,tt8886670,The Father Who Moves Mountains,"Drama,Thriller",5.6,4491
2021-09-23,7,7,6,Cocomelon,TV Show,,"Jun 1, 2020",330,1189,tt12427840,Cocomelon,"Adventure,Animation,Family",3.6,1419
2021-09-23,8,8,4,The Circle US,TV Show,Yes,"Jan 1, 2020",37,205,,,,,
2021-09-23,9,9,3,Kate,Movie,Yes,"Sep 10, 2021",13,90,tt7737528,Kate,"Action,Adventure,Crime",6.3,75754
2021-09-23,10,10,10,Sharkdog,TV Show,Yes,"Sep 3, 2021",15,37,tt12211696,Sharkdog,"Adventure,Animation,Comedy",6.1,282
2021-09-24,1,1,-,Squid Game,TV Show,Yes,"Sep 17, 2021",6,51,tt10919420,Squid Game,"Action,Crime,Drama",8.0,729794
2021-09-24,2,2,-,Sex Education,TV Show,Yes,"Jan 11, 2019",7,67,tt7767422,Sex Education,"Comedy,Drama,Romance",8.2,388915
2021-09-24,3,-,-,Intrusion,Movie,Yes,"Sep 22, 2021",1,8,tt5563324,Intrusion,"Action,Drama,Mystery",5.3,24041
2021-09-24,4,-,-,Grown Ups,Movie,,"Sep 20, 2021",1,7,tt1375670,Grown Ups,Comedy,6.0,305451
2021-09-24,5,-,-,Monsters Inside: The 24 Fac…,TV Show,Yes,"Sep 22, 2021",1,6,,,,,
2021-09-24,6,8,5,The Circle US,TV Show,Yes,"Jan 1, 2020",38,210,,,,,
2021-09-24,7,3,2,Clickbait,TV Show,Yes,"Aug 25, 2021",30,261,tt10888878,Clickbait,"Crime,Drama,Mystery",7.2,66530
2021-09-24,8,4,1,Lucifer,TV Show,,"Dec 15, 2018",57,415,tt4052886,Lucifer,"Crime,Drama,Fantasy",8.0,384482
2021-09-24,9,7,6,Cocomelon,TV Show,,"Jun 1, 2020",331,1191,tt12427840,Cocomelon,"Adventure,Animation,Family",3.6,1419
2021-09-24,10,5,3,Safe House,Movie,,"Sep 16, 2021",8,55,tt1599348,Safe House,"Action,Thriller",6.7,247241
2021-09-25,1,1,-,Squid Game,TV Show,Yes,"Sep 17, 2021",7,61,tt10919420,Squid Game,"Action,Crime,Drama",8.0,729794
2021-09-25,2,3,-,Intrusion,Movie,Yes,"Sep 22, 2021",2,17,tt5563324,Intrusion,"Action,Drama,Mystery",5.3,24041
2021-09-25,3,2,1,Sex Education,TV Show,Yes,"Jan 11, 2019",8,75,tt7767422,Sex Education,"Comedy,Drama,Romance",8.2,388915
2021-09-25,4,4,-,Grown Ups,Movie,,"Sep 20, 2021",2,14,tt1375670,Grown Ups,Comedy,6.0,305451
2021-09-25,5,-,-,My Little Pony: A New Gener…,Movie,Yes,"Sep 24, 2021",1,6,,,,,
2021-09-25,6,-,-,Midnight Mass,TV Show,Yes,"Sep 24, 2021",1,5,tt10574558,Midnight Mass,"Drama,Fantasy,Horror",7.7,164443
2021-09-25,7,-,-,The Starling,Movie,Yes,"Sep 24, 2021",1,4,tt5164438,The Starling,"Comedy,Drama",6.4,16705
2021-09-25,8,5,-,Monsters Inside: The 24 Fac…,TV Show,Yes,"Sep 22, 2021",2,9,,,,,
2021-09-25,9,6,6,The Circle US,TV Show,Yes,"Jan 1, 2020",39,212,,,,,
2021-09-25,10,9,7,Cocomelon,TV Show,,"Jun 1, 2020",332,1192,tt12427840,Cocomelon,"Adventure,Animation,Family",3.6,1419
2021-09-26,1,1,8,Squid Game,TV Show,Yes,"Sep 17, 2021",8,71,tt10919420,Squid Game,"Action,Crime,Drama",8.0,729794
2021-09-26,2,7,-,The Starling,Movie,Yes,"Sep 24, 2021",2,13,tt5164438,The Starling,"Comedy,Drama",6.4,16705
2021-09-26,3,6,-,Midnight Mass,TV Show,Yes,"Sep 24, 2021",2,13,tt10574558,Midnight Mass,"Drama,Fantasy,Horror",7.7,164443
2021-09-26,4,5,-,My Little Pony: A New Gener…,Movie,Yes,"Sep 24, 2021",2,13,,,,,
2021-09-26,5,2,-,Intrusion,Movie,Yes,"Sep 22, 2021",3,23,tt5563324,Intrusion,"Action,Drama,Mystery",5.3,24041
2021-09-26,6,4,-,Grown Ups,Movie,,"Sep 20, 2021",3,19,tt1375670,Grown Ups,Comedy,6.0,305451
2021-09-26,7,3,1,Sex Education,TV Show,Yes,"Jan 11, 2019",9,79,tt7767422,Sex Education,"Comedy,Drama,Romance",8.2,388915
2021-09-26,8,8,-,Monsters Inside: The 24 Fac…,TV Show,Yes,"Sep 22, 2021",3,12,,,,,
2021-09-26,9,10,7,Cocomelon,TV Show,,"Jun 1, 2020",333,1194,tt12427840,Cocomelon,"Adventure,Animation,Family",3.6,1419
2021-09-26,10,-,3,Clickbait,TV Show,Yes,"Aug 25, 2021",31,262,tt10888878,Clickbait,"Crime,Drama,Mystery",7.2,66530
2021-09-27,1,1,2,Squid Game,TV Show,Yes,"Sep 17, 2021",9,81,tt10919420,Squid Game,"Action,Crime,Drama",8.0,729794
2021-09-27,2,2,-,The Starling,Movie,Yes,"Sep 24, 2021",3,22,tt5164438,The Starling,"Comedy,Drama",6.4,16705
2021-09-27,3,3,-,Midnight Mass,TV Show,Yes,"Sep 24, 2021",3,21,tt10574558,Midnight Mass,"Drama,Fantasy,Horror",7.7,164443
2021-09-27,4,4,-,My Little Pony: A New Gener…,Movie,Yes,"Sep 24, 2021",3,20,,,,,
2021-09-27,5,6,-,Grown Ups,Movie,,"Sep 20, 2021",4,25,tt1375670,Grown Ups,Comedy,6.0,305451
2021-09-27,6,7,1,Sex Education,TV Show,Yes,"Jan 11, 2019",10,84,tt7767422,Sex Education,"Comedy,Drama,Romance",8.2,388915
2021-09-27,7,5,-,Intrusion,Movie,Yes,"Sep 22, 2021",4,27,tt5563324,Intrusion,"Action,Drama,Mystery",5.3,24041
2021-09-27,8,8,-,Monsters Inside: The 24 Fac…,TV Show,Yes,"Sep 22, 2021",4,15,,,,,
2021-09-27,9,10,4,Clickbait,TV Show,Yes,"Aug 25, 2021",32,264,tt10888878,Clickbait,"Crime,Drama,Mystery",7.2,66530
2021-09-27,10,9,8,Cocomelon,TV Show,,"Jun 1, 2020",334,1195,tt12427840,Cocomelon,"Adventure,Animation,Family",3.6,1419
2021-09-28,1,1,2,Squid Game,TV Show,Yes,"Sep 17, 2021",10,91,tt10919420,Squid Game,"Action,Crime,Drama",8.0,729794
2021-09-28,2,3,-,Midnight Mass,TV Show,Yes,"Sep 24, 2021",4,30,tt10574558,Midnight Mass,"Drama,Fantasy,Horror",7.7,164443
2021-09-28,3,2,-,The Starling,Movie,Yes,"Sep 24, 2021",4,30,tt5164438,The Starling,"Comedy,Drama",6.4,16705
2021-09-28,4,4,-,My Little Pony: A New Gener…,Movie,Yes,"Sep 24, 2021",4,27,,,,,
2021-09-28,5,5,-,Grown Ups,Movie,,"Sep 20, 2021",5,31,tt1375670,Grown Ups,Comedy,6.0,305451
2021-09-28,6,6,1,Sex Education,TV Show,Yes,"Jan 11, 2019",11,89,tt7767422,Sex Education,"Comedy,Drama,Romance",8.2,388915
2021-09-28,7,10,8,Cocomelon,TV Show,,"Jun 1, 2020",335,1199,tt12427840,Cocomelon,"Adventure,Animation,Family",3.6,1419
2021-09-28,8,7,-,Intrusion,Movie,Yes,"Sep 22, 2021",5,30,tt5563324,Intrusion,"Action,Drama,Mystery",5.3,24041
2021-09-28,9,8,-,Monsters Inside: The 24 Fac…,TV Show,Yes,"Sep 22, 2021",5,17,,,,,
2021-09-28,10,9,4,Clickbait,TV Show,Yes,"Aug 25, 2021",33,265,tt10888878,Clickbait,"Crime,Drama,Mystery",7.2,66530
2021-09-29,1,1,1,Squid Game,TV Show,Yes,"Sep 17, 2021",11,101,tt10919420,Squid Game,"Action,Crime,Drama",8.0,729794
2021-09-29,2,2,-,Midnight Mass,TV Show,Yes,"Sep 24, 2021",5,39,tt10574558,Midnight Mass,"Drama,Fantasy,Horror",7.7,164443
2021-09-29,3,-,-,Britney vs Spears,Movie,Yes,"Sep 28, 2021",1,8,tt15469820,Britney vs Spears,"Biography,Crime,Documentary",6.4,8478
2021-09-29,4,3,-,The Starling,Movie,Yes,"Sep 24, 2021",5,37,tt5164438,The Starling,"Comedy,Drama",6.4,16705
2021-09-29,5,5,-,Grown Ups,Movie,,"Sep 20, 2021",6,37,tt1375670,Grown Ups,Comedy,6.0,305451
2021-09-29,6,4,-,My Little Pony: A New Gener…,Movie,Yes,"Sep 24, 2021",5,32,,,,,
2021-09-29,7,6,2,Sex Education,TV Show,Yes,"Jan 11, 2019",12,93,tt7767422,Sex Education,"Comedy,Drama,Romance",8.2,388915
2021-09-29,8,7,7,Cocomelon,TV Show,,"Jun 1, 2020",336,1202,tt12427840,Cocomelon,"Adventure,Animation,Family",3.6,1419
2021-09-29,9,8,-,Intrusion,Movie,Yes,"Sep 22, 2021",6,32,tt5563324,Intrusion,"Action,Drama,Mystery",5.3,24041
2021-09-29,10,10,3,Clickbait,TV Show,Yes,"Aug 25, 2021",34,266,tt10888878,Clickbait,"Crime,Drama,Mystery",7.2,66530
2021-09-30,1,3,-,Britney vs Spears,Movie,Yes,"Sep 28, 2021",2,18,tt15469820,Britney vs Spears,"Biography,Crime,Documentary",6.4,8478
2021-09-30,2,-,-,No One Gets Out Alive,Movie,Yes,"Sep 29, 2021",1,9,tt13056008,No One Gets Out Alive,"Drama,Horror,Mystery",5.4,23837
2021-09-30,3,6,-,My Little Pony: A New Gener…,Movie,Yes,"Sep 24, 2021",6,40,,,,,
2021-09-30,4,4,-,The Starling,Movie,Yes,"Sep 24, 2021",6,44,tt5164438,The Starling,"Comedy,Drama",6.4,16705
2021-09-30,5,5,-,Grown Ups,Movie,,"Sep 20, 2021",7,43,tt1375670,Grown Ups,Comedy,6.0,305451
2021-09-30,6,9,-,Intrusion,Movie,Yes,"Sep 22, 2021",7,37,tt5563324,Intrusion,"Action,Drama,Mystery",5.3,24041
2021-09-30,7,-,-,Vivo,Movie,Yes,"Aug 6, 2021",29,166,tt6338498,Vivo,"Adventure,Animation,Comedy",6.7,23209
2021-09-30,8,-,5,Safe House,Movie,,"Sep 16, 2021",9,58,tt1599348,Safe House,"Action,Thriller",6.7,247241
2021-09-30,9,-,-,Home,Movie,,"May 25, 2021",21,123,tt2224026,Home,"Adventure,Animation,Comedy",6.5,119316
2021-09-30,10,-,9,Kate,Movie,Yes,"Sep 10, 2021",14,91,tt7737528,Kate,"Action,Adventure,Crime",6.3,75754
2021-10-01,1,-,1,Squid Game,TV Show,Yes,"Sep 17, 2021",12,111,tt10919420,Squid Game,"Action,Crime,Drama",8.0,729794
2021-10-01,2,-,-,Midnight Mass,TV Show,Yes,"Sep 24, 2021",6,48,tt10574558,Midnight Mass,"Drama,Fantasy,Horror",7.7,164443
2021-10-01,3,1,-,Britney vs Spears,Movie,Yes,"Sep 28, 2021",3,26,tt15469820,Britney vs Spears,"Biography,Crime,Documentary",6.4,8478
2021-10-01,4,2,-,No One Gets Out Alive,Movie,Yes,"Sep 29, 2021",2,16,tt13056008,No One Gets Out Alive,"Drama,Horror,Mystery",5.4,23837
2021-10-01,5,3,-,My Little Pony: A New Gener…,Movie,Yes,"Sep 24, 2021",7,46,,,,,
2021-10-01,6,-,2,Sex Education,TV Show,Yes,"Jan 11, 2019",13,98,tt7767422,Sex Education,"Comedy,Drama,Romance",8.2,388915
2021-10-01,7,5,4,Grown Ups,Movie,,"Sep 20, 2021",8,47,tt1375670,Grown Ups,Comedy,6.0,305451
2021-10-01,8,4,-,The Starling,Movie,Yes,"Sep 24, 2021",7,47,tt5164438,The Starling,"Comedy,Drama",6.4,16705
2021-10-01,9,-,9,Cocomelon,TV Show,,"Jun 1, 2020",337,1204,tt12427840,Cocomelon,"Adventure,Animation,Family",3.6,1419
2021-10-01,10,-,6,The Circle US,TV Show,Yes,"Jan 1, 2020",40,213,,,,,
2021-10-02,1,1,1,Squid Game,TV Show,Yes,"Sep 17, 2021",13,121,tt10919420,Squid Game,"Action,Crime,Drama",8.0,729794
2021-10-02,2,-,-,The Guilty,Movie,Yes,"Oct 1, 2021",1,9,tt9421570,The Guilty,"Crime,Drama,Thriller",6.3,169355
2021-10-02,3,-,-,Maid,TV Show,Yes,"Oct 1, 2021",1,8,tt11337908,Maid,Drama,8.3,116666
2021-10-02,4,2,6,Midnight Mass,TV Show,Yes,"Sep 24, 2021",7,55,tt10574558,Midnight Mass,"Drama,Fantasy,Horror",7.7,164443
2021-10-02,5,5,5,My Little Pony: A New Gener…,Movie,Yes,"Sep 24, 2021",8,52,,,,,
2021-10-02,6,3,-,Britney vs Spears,Movie,Yes,"Sep 28, 2021",4,31,tt15469820,Britney vs Spears,"Biography,Crime,Documentary",6.4,8478
2021-10-02,7,-,-,Seinfeld,TV Show,,"Oct 1, 2021",1,4,tt0098904,Seinfeld,Comedy,8.9,378865
2021-10-02,8,-,-,The Great British Baking Show,TV Show,,"Oct 3, 2015",15,55,tt1877368,The Great British Baking Show,"Game-Show,Reality-TV",8.6,15026
2021-10-02,9,9,10,Cocomelon,TV Show,,"Jun 1, 2020",338,1206,tt12427840,Cocomelon,"Adventure,Animation,Family",3.6,1419
2021-10-02,10,6,3,Sex Education,TV Show,Yes,"Jan 11, 2019",14,99,tt7767422,Sex Education,"Comedy,Drama,Romance",8.2,388915
2021-10-03,1,1,1,Squid Game,TV Show,Yes,"Sep 17, 2021",14,131,tt10919420,Squid Game,"Action,Crime,Drama",8.0,729794
2021-10-03,2,2,-,The Guilty,Movie,Yes,"Oct 1, 2021",2,18,tt9421570,The Guilty,"Crime,Drama,Thriller",6.3,169355
2021-10-03,3,3,-,Maid,TV Show,Yes,"Oct 1, 2021",2,16,tt11337908,Maid,Drama,8.3,116666
2021-10-03,4,4,3,Midnight Mass,TV Show,Yes,"Sep 24, 2021",8,62,tt10574558,Midnight Mass,"Drama,Fantasy,Horror",7.7,164443
2021-10-03,5,5,4,My Little Pony: A New Gener…,Movie,Yes,"Sep 24, 2021",9,58,,,,,
2021-10-03,6,7,-,Seinfeld,TV Show,,"Oct 1, 2021",2,9,tt0098904,Seinfeld,Comedy,8.9,378865
2021-10-03,7,6,-,Britney vs Spears,Movie,Yes,"Sep 28, 2021",5,35,tt15469820,Britney vs Spears,"Biography,Crime,Documentary",6.4,8478
2021-10-03,8,-,-,The DUFF,Movie,,"Oct 1, 2021",1,3,tt1666801,The DUFF,"Comedy,Romance",6.4,106122
2021-10-03,9,9,9,Cocomelon,TV Show,,"Jun 1, 2020",339,1208,tt12427840,Cocomelon,"Adventure,Animation,Family",3.6,1419
2021-10-03,10,-,6,Grown Ups,Movie,,"Sep 20, 2021",9,48,tt1375670,Grown Ups,Comedy,6.0,305451
2021-10-04,1,1,1,Squid Game,TV Show,Yes,"Sep 17, 2021",15,141,tt10919420,Squid Game,"Action,Crime,Drama",8.0,729794
2021-10-04,2,2,-,The Guilty,Movie,Yes,"Oct 1, 2021",3,27,tt9421570,The Guilty,"Crime,Drama,Thriller",6.3,169355
2021-10-04,3,3,-,Maid,TV Show,Yes,"Oct 1, 2021",3,24,tt11337908,Maid,Drama,8.3,116666
2021-10-04,4,4,3,Midnight Mass,TV Show,Yes,"Sep 24, 2021",9,69,tt10574558,Midnight Mass,"Drama,Fantasy,Horror",7.7,164443
2021-10-04,5,8,-,The DUFF,Movie,,"Oct 1, 2021",2,9,tt1666801,The DUFF,"Comedy,Romance",6.4,106122
2021-10-04,6,5,4,My Little Pony: A New Gener…,Movie,Yes,"Sep 24, 2021",10,63,,,,,
2021-10-04,7,6,-,Seinfeld,TV Show,,"Oct 1, 2021",3,13,tt0098904,Seinfeld,Comedy,8.9,378865
2021-10-04,8,7,-,Britney vs Spears,Movie,Yes,"Sep 28, 2021",6,38,tt15469820,Britney vs Spears,"Biography,Crime,Documentary",6.4,8478
2021-10-04,9,9,10,Cocomelon,TV Show,,"Jun 1, 2020",340,1210,tt12427840,Cocomelon,"Adventure,Animation,Family",3.6,1419
2021-10-04,10,10,5,Grown Ups,Movie,,"Sep 20, 2021",10,49,tt1375670,Grown Ups,Comedy,6.0,305451
2021-10-05,1,1,1,Squid Game,TV Show,Yes,"Sep 17, 2021",16,151,tt10919420,Squid Game,"Action,Crime,Drama",8.0,729794
2021-10-05,2,-,-,On My Block,TV Show,Yes,"Mar 16, 2018",2,10,tt7879820,On My Block,"Comedy,Drama",7.8,21435
2021-10-05,3,3,-,Maid,TV Show,Yes,"Oct 1, 2021",4,32,tt11337908,Maid,Drama,8.3,116666
2021-10-05,4,2,-,The Guilty,Movie,Yes,"Oct 1, 2021",4,34,tt9421570,The Guilty,"Crime,Drama,Thriller",6.3,169355
2021-10-05,5,4,2,Midnight Mass,TV Show,Yes,"Sep 24, 2021",10,75,tt10574558,Midnight Mass,"Drama,Fantasy,Horror",7.7,164443
2021-10-05,6,5,-,The DUFF,Movie,,"Oct 1, 2021",3,14,tt1666801,The DUFF,"Comedy,Romance",6.4,106122
2021-10-05,7,7,-,Seinfeld,TV Show,,"Oct 1, 2021",4,17,tt0098904,Seinfeld,Comedy,8.9,378865
2021-10-05,8,9,7,Cocomelon,TV Show,,"Jun 1, 2020",341,1213,tt12427840,Cocomelon,"Adventure,Animation,Family",3.6,1419
2021-10-05,9,6,4,My Little Pony: A New Gener…,Movie,Yes,"Sep 24, 2021",11,65,,,,,
2021-10-05,10,-,-,Titanic,Movie,,"Oct 1, 2021",1,1,tt0120338,Titanic,"Drama,Romance",7.9,1366229
2021-10-06,1,1,1,Squid Game,TV Show,Yes,"Sep 17, 2021",17,161,tt10919420,Squid Game,"Action,Crime,Drama",8.0,729794
2021-10-06,2,2,-,On My Block,TV Show,Yes,"Mar 16, 2018",3,19,tt7879820,On My Block,"Comedy,Drama",7.8,21435
2021-10-06,3,3,-,Maid,TV Show,Yes,"Oct 1, 2021",5,40,tt11337908,Maid,Drama,8.3,116666
2021-10-06,4,4,-,The Guilty,Movie,Yes,"Oct 1, 2021",5,41,tt9421570,The Guilty,"Crime,Drama,Thriller",6.3,169355
2021-10-06,5,5,2,Midnight Mass,TV Show,Yes,"Sep 24, 2021",11,81,tt10574558,Midnight Mass,"Drama,Fantasy,Horror",7.7,164443
2021-10-06,6,6,-,The DUFF,Movie,,"Oct 1, 2021",4,19,tt1666801,The DUFF,"Comedy,Romance",6.4,106122
2021-10-06,7,7,-,Seinfeld,TV Show,,"Oct 1, 2021",5,21,tt0098904,Seinfeld,Comedy,8.9,378865
2021-10-06,8,8,8,Cocomelon,TV Show,,"Jun 1, 2020",342,1216,tt12427840,Cocomelon,"Adventure,Animation,Family",3.6,1419
2021-10-06,9,9,6,My Little Pony: A New Gener…,Movie,Yes,"Sep 24, 2021",12,67,,,,,
2021-10-06,10,10,-,Titanic,Movie,,"Oct 1, 2021",2,2,tt0120338,Titanic,"Drama,Romance",7.9,1366229
2021-10-07,1,1,-,Squid Game,TV Show,Yes,"Sep 17, 2021",18,171,tt10919420,Squid Game,"Action,Crime,Drama",8.0,729794
2021-10-07,2,2,-,On My Block,TV Show,Yes,"Mar 16, 2018",4,28,tt7879820,On My Block,"Comedy,Drama",7.8,21435
2021-10-07,3,3,-,Maid,TV Show,Yes,"Oct 1, 2021",6,48,tt11337908,Maid,Drama,8.3,116666
2021-10-07,4,-,-,Dave Chappelle: The Closer,Stand-Up Comedy,Yes,"Oct 5, 2021",1,7,tt15523010,Dave Chappelle: The Closer,Comedy,7.9,29419
2021-10-07,5,4,-,The Guilty,Movie,Yes,"Oct 1, 2021",6,47,tt9421570,The Guilty,"Crime,Drama,Thriller",6.3,169355
2021-10-07,6,-,-,Thereâs Someone Inside Your…,Movie,Yes,"Oct 6, 2021",1,5,,,,,
2021-10-07,7,5,-,Midnight Mass,TV Show,Yes,"Sep 24, 2021",12,85,tt10574558,Midnight Mass,"Drama,Fantasy,Horror",7.7,164443
2021-10-07,8,10,-,Titanic,Movie,,"Oct 1, 2021",3,5,tt0120338,Titanic,"Drama,Romance",7.9,1366229
2021-10-07,9,8,-,Cocomelon,TV Show,,"Jun 1, 2020",343,1218,tt12427840,Cocomelon,"Adventure,Animation,Family",3.6,1419
2021-10-07,10,6,-,The DUFF,Movie,,"Oct 1, 2021",5,20,tt1666801,The DUFF,"Comedy,Romance",6.4,106122
2021-10-08,1,1,1,Squid Game,TV Show,Yes,"Sep 17, 2021",19,181,tt10919420,Squid Game,"Action,Crime,Drama",8.0,729794
2021-10-08,2,3,-,Maid,TV Show,Yes,"Oct 1, 2021",7,57,tt11337908,Maid,Drama,8.3,116666
2021-10-08,3,2,-,On My Block,TV Show,Yes,"Mar 16, 2018",5,36,tt7879820,On My Block,"Comedy,Drama",7.8,21435
2021-10-08,4,4,-,Dave Chappelle: The Closer,Stand-Up Comedy,Yes,"Oct 5, 2021",2,14,tt15523010,Dave Chappelle: The Closer,Comedy,7.9,29419
2021-10-08,5,6,-,Thereâs Someone Inside Your…,Movie,Yes,"Oct 6, 2021",2,11,,,,,
2021-10-08,6,5,-,The Guilty,Movie,Yes,"Oct 1, 2021",7,52,tt9421570,The Guilty,"Crime,Drama,Thriller",6.3,169355
2021-10-08,7,7,2,Midnight Mass,TV Show,Yes,"Sep 24, 2021",13,89,tt10574558,Midnight Mass,"Drama,Fantasy,Horror",7.7,164443
2021-10-08,8,8,-,Titanic,Movie,,"Oct 1, 2021",4,8,tt0120338,Titanic,"Drama,Romance",7.9,1366229
2021-10-08,9,9,9,Cocomelon,TV Show,,"Jun 1, 2020",344,1220,tt12427840,Cocomelon,"Adventure,Animation,Family",3.6,1419
2021-10-08,10,10,-,The DUFF,Movie,,"Oct 1, 2021",6,21,tt1666801,The DUFF,"Comedy,Romance",6.4,106122
2021-10-09,1,1,1,Squid Game,TV Show,Yes,"Sep 17, 2021",20,191,tt10919420,Squid Game,"Action,Crime,Drama",8.0,729794
2021-10-09,2,2,3,Maid,TV Show,Yes,"Oct 1, 2021",8,66,tt11337908,Maid,Drama,8.3,116666
2021-10-09,3,4,-,Dave Chappelle: The Closer,Stand-Up Comedy,Yes,"Oct 5, 2021",3,22,tt15523010,Dave Chappelle: The Closer,Comedy,7.9,29419
2021-10-09,4,3,-,On My Block,TV Show,Yes,"Mar 16, 2018",6,43,tt7879820,On My Block,"Comedy,Drama",7.8,21435
2021-10-09,5,6,2,The Guilty,Movie,Yes,"Oct 1, 2021",8,58,tt9421570,The Guilty,"Crime,Drama,Thriller",6.3,169355
2021-10-09,6,5,-,Thereâs Someone Inside Your…,Movie,Yes,"Oct 6, 2021",3,16,,,,,
2021-10-09,7,8,-,Titanic,Movie,,"Oct 1, 2021",5,12,tt0120338,Titanic,"Drama,Romance",7.9,1366229
2021-10-09,8,-,8,The Great British Baking Show,TV Show,,"Oct 3, 2015",16,58,tt1877368,The Great British Baking Show,"Game-Show,Reality-TV",8.6,15026
2021-10-09,9,7,4,Midnight Mass,TV Show,Yes,"Sep 24, 2021",14,91,tt10574558,Midnight Mass,"Drama,Fantasy,Horror",7.7,164443
2021-10-09,10,9,9,Cocomelon,TV Show,,"Jun 1, 2020",345,1221,tt12427840,Cocomelon,"Adventure,Animation,Family",3.6,1419
2021-10-10,1,1,1,Squid Game,TV Show,Yes,"Sep 17, 2021",21,201,tt10919420,Squid Game,"Action,Crime,Drama",8.0,729794
2021-10-10,2,2,3,Maid,TV Show,Yes,"Oct 1, 2021",9,75,tt11337908,Maid,Drama,8.3,116666
2021-10-10,3,3,-,Dave Chappelle: The Closer,Stand-Up Comedy,Yes,"Oct 5, 2021",4,30,tt15523010,Dave Chappelle: The Closer,Comedy,7.9,29419
2021-10-10,4,4,-,On My Block,TV Show,Yes,"Mar 16, 2018",7,50,tt7879820,On My Block,"Comedy,Drama",7.8,21435
2021-10-10,5,5,2,The Guilty,Movie,Yes,"Oct 1, 2021",9,64,tt9421570,The Guilty,"Crime,Drama,Thriller",6.3,169355
2021-10-10,6,6,-,Thereâs Someone Inside Your…,Movie,Yes,"Oct 6, 2021",4,21,,,,,
2021-10-10,7,7,-,Titanic,Movie,,"Oct 1, 2021",6,16,tt0120338,Titanic,"Drama,Romance",7.9,1366229
2021-10-10,8,9,4,Midnight Mass,TV Show,Yes,"Sep 24, 2021",15,94,tt10574558,Midnight Mass,"Drama,Fantasy,Horror",7.7,164443
2021-10-10,9,10,9,Cocomelon,TV Show,,"Jun 1, 2020",346,1223,tt12427840,Cocomelon,"Adventure,Animation,Family",3.6,1419
2021-10-10,10,-,5,My Little Pony: A New Gener…,Movie,Yes,"Sep 24, 2021",13,68,,,,,
2021-10-11,1,1,1,Squid Game,TV Show,Yes,"Sep 17, 2021",22,211,tt10919420,Squid Game,"Action,Crime,Drama",8.0,729794
2021-10-11,2,2,3,Maid,TV Show,Yes,"Oct 1, 2021",10,84,tt11337908,Maid,Drama,8.3,116666
2021-10-11,3,3,-,Dave Chappelle: The Closer,Stand-Up Comedy,Yes,"Oct 5, 2021",5,38,tt15523010,Dave Chappelle: The Closer,Comedy,7.9,29419
2021-10-11,4,4,-,On My Block,TV Show,Yes,"Mar 16, 2018",8,57,tt7879820,On My Block,"Comedy,Drama",7.8,21435
2021-10-11,5,5,2,The Guilty,Movie,Yes,"Oct 1, 2021",10,70,tt9421570,The Guilty,"Crime,Drama,Thriller",6.3,169355
2021-10-11,6,6,-,Thereâs Someone Inside Your…,Movie,Yes,"Oct 6, 2021",5,26,,,,,
2021-10-11,7,7,-,Titanic,Movie,,"Oct 1, 2021",7,20,tt0120338,Titanic,"Drama,Romance",7.9,1366229
2021-10-11,8,8,4,Midnight Mass,TV Show,Yes,"Sep 24, 2021",16,97,tt10574558,Midnight Mass,"Drama,Fantasy,Horror",7.7,164443
2021-10-11,9,-,-,The Five Juanas,TV Show,Yes,"Oct 6, 2021",1,2,tt15377930,The Five Juanas,"Crime,Drama,Horror",6.9,2551
2021-10-11,10,9,9,Cocomelon,TV Show,,"Jun 1, 2020",347,1224,tt12427840,Cocomelon,"Adventure,Animation,Family",3.6,1419
2021-10-12,1,1,1,Squid Game,TV Show,Yes,"Sep 17, 2021",23,221,tt10919420,Squid Game,"Action,Crime,Drama",8.0,729794
2021-10-12,2,2,3,Maid,TV Show,Yes,"Oct 1, 2021",11,93,tt11337908,Maid,Drama,8.3,116666
2021-10-12,3,3,-,Dave Chappelle: The Closer,Stand-Up Comedy,Yes,"Oct 5, 2021",6,46,tt15523010,Dave Chappelle: The Closer,Comedy,7.9,29419
2021-10-12,4,4,2,On My Block,TV Show,Yes,"Mar 16, 2018",9,64,tt7879820,On My Block,"Comedy,Drama",7.8,21435
2021-10-12,5,-,-,Shameless,TV Show,,"Jun 30, 2016",27,167,tt1586680,Shameless,"Comedy,Drama",8.5,324102
2021-10-12,6,9,-,The Five Juanas,TV Show,Yes,"Oct 6, 2021",2,7,tt15377930,The Five Juanas,"Crime,Drama,Horror",6.9,2551
2021-10-12,7,8,5,Midnight Mass,TV Show,Yes,"Sep 24, 2021",17,101,tt10574558,Midnight Mass,"Drama,Fantasy,Horror",7.7,164443
2021-10-12,8,5,4,The Guilty,Movie,Yes,"Oct 1, 2021",11,73,tt9421570,The Guilty,"Crime,Drama,Thriller",6.3,169355
2021-10-12,9,10,8,Cocomelon,TV Show,,"Jun 1, 2020",348,1226,tt12427840,Cocomelon,"Adventure,Animation,Family",3.6,1419
2021-10-12,10,-,-,The Blacklist,TV Show,,"Sep 15, 2014",9,25,tt2741602,The Blacklist,"Crime,Drama,Mystery",7.9,296250
2021-10-13,1,1,1,Squid Game,TV Show,Yes,"Sep 17, 2021",24,231,tt10919420,Squid Game,"Action,Crime,Drama",8.0,729794
2021-10-13,2,2,3,Maid,TV Show,Yes,"Oct 1, 2021",12,102,tt11337908,Maid,Drama,8.3,116666
2021-10-13,3,3,-,Dave Chappelle: The Closer,Stand-Up Comedy,Yes,"Oct 5, 2021",7,54,tt15523010,Dave Chappelle: The Closer,Comedy,7.9,29419
2021-10-13,4,5,-,Shameless,TV Show,,"Jun 30, 2016",28,174,tt1586680,Shameless,"Comedy,Drama",8.5,324102
2021-10-13,5,4,2,On My Block,TV Show,Yes,"Mar 16, 2018",10,70,tt7879820,On My Block,"Comedy,Drama",7.8,21435
2021-10-13,6,6,-,The Five Juanas,TV Show,Yes,"Oct 6, 2021",3,12,tt15377930,The Five Juanas,"Crime,Drama,Horror",6.9,2551
2021-10-13,7,7,5,Midnight Mass,TV Show,Yes,"Sep 24, 2021",18,105,tt10574558,Midnight Mass,"Drama,Fantasy,Horror",7.7,164443
2021-10-13,8,10,-,The Blacklist,TV Show,,"Sep 15, 2014",10,28,tt2741602,The Blacklist,"Crime,Drama,Mystery",7.9,296250
2021-10-13,9,9,8,Cocomelon,TV Show,,"Jun 1, 2020",349,1228,tt12427840,Cocomelon,"Adventure,Animation,Family",3.6,1419
2021-10-13,10,-,-,The Baby-Sitters Club,TV Show,Yes,"Jul 3, 2020",15,74,tt0112435,The Baby-Sitters Club,"Comedy,Drama,Family",5.8,6944
2021-10-14,1,1,1,Squid Game,TV Show,Yes,"Sep 17, 2021",25,241,tt10919420,Squid Game,"Action,Crime,Drama",8.0,729794
2021-10-14,2,2,3,Maid,TV Show,Yes,"Oct 1, 2021",13,111,tt11337908,Maid,Drama,8.3,116666
2021-10-14,3,4,-,Shameless,TV Show,,"Jun 30, 2016",29,182,tt1586680,Shameless,"Comedy,Drama",8.5,324102
2021-10-14,4,3,4,Dave Chappelle: The Closer,Stand-Up Comedy,Yes,"Oct 5, 2021",8,61,tt15523010,Dave Chappelle: The Closer,Comedy,7.9,29419
2021-10-14,5,5,2,On My Block,TV Show,Yes,"Mar 16, 2018",11,76,tt7879820,On My Block,"Comedy,Drama",7.8,21435
2021-10-14,6,6,-,The Five Juanas,TV Show,Yes,"Oct 6, 2021",4,17,tt15377930,The Five Juanas,"Crime,Drama,Horror",6.9,2551
2021-10-14,7,7,7,Midnight Mass,TV Show,Yes,"Sep 24, 2021",19,109,tt10574558,Midnight Mass,"Drama,Fantasy,Horror",7.7,164443
2021-10-14,8,9,9,Cocomelon,TV Show,,"Jun 1, 2020",350,1231,tt12427840,Cocomelon,"Adventure,Animation,Family",3.6,1419
2021-10-14,9,8,-,The Blacklist,TV Show,,"Sep 15, 2014",11,30,tt2741602,The Blacklist,"Crime,Drama,Mystery",7.9,296250
2021-10-14,10,10,-,The Baby-Sitters Club,TV Show,Yes,"Jul 3, 2020",16,75,tt0112435,The Baby-Sitters Club,"Comedy,Drama,Family",5.8,6944
2021-10-15,1,1,1,Squid Game,TV Show,Yes,"Sep 17, 2021",26,251,tt10919420,Squid Game,"Action,Crime,Drama",8.0,729794
2021-10-15,2,2,2,Maid,TV Show,Yes,"Oct 1, 2021",14,120,tt11337908,Maid,Drama,8.3,116666
2021-10-15,3,3,-,Shameless,TV Show,,"Jun 30, 2016",30,190,tt1586680,Shameless,"Comedy,Drama",8.5,324102
2021-10-15,4,4,4,Dave Chappelle: The Closer,Stand-Up Comedy,Yes,"Oct 5, 2021",9,68,tt15523010,Dave Chappelle: The Closer,Comedy,7.9,29419
2021-10-15,5,5,3,On My Block,TV Show,Yes,"Mar 16, 2018",12,82,tt7879820,On My Block,"Comedy,Drama",7.8,21435
2021-10-15,6,6,-,The Five Juanas,TV Show,Yes,"Oct 6, 2021",5,22,tt15377930,The Five Juanas,"Crime,Drama,Horror",6.9,2551
2021-10-15,7,8,9,Cocomelon,TV Show,,"Jun 1, 2020",351,1235,tt12427840,Cocomelon,"Adventure,Animation,Family",3.6,1419
2021-10-15,8,7,7,Midnight Mass,TV Show,Yes,"Sep 24, 2021",20,112,tt10574558,Midnight Mass,"Drama,Fantasy,Horror",7.7,164443
2021-10-15,9,9,-,The Blacklist,TV Show,,"Sep 15, 2014",12,32,tt2741602,The Blacklist,"Crime,Drama,Mystery",7.9,296250
2021-10-15,10,10,-,The Baby-Sitters Club,TV Show,Yes,"Jul 3, 2020",17,76,tt0112435,The Baby-Sitters Club,"Comedy,Drama,Family",5.8,6944
2021-10-16,1,-,-,You,TV Show,,"Dec 26, 2018",1,10,tt7335184,You,"Crime,Drama,Romance",7.6,355198
2021-10-16,2,1,1,Squid Game,TV Show,Yes,"Sep 17, 2021",27,260,tt10919420,Squid Game,"Action,Crime,Drama",8.0,729794
2021-10-16,3,2,2,Maid,TV Show,Yes,"Oct 1, 2021",15,128,tt11337908,Maid,Drama,8.3,116666
2021-10-16,4,3,-,Shameless,TV Show,,"Jun 30, 2016",31,197,tt1586680,Shameless,"Comedy,Drama",8.5,324102
2021-10-16,5,4,3,Dave Chappelle: The Closer,Stand-Up Comedy,Yes,"Oct 5, 2021",10,74,tt15523010,Dave Chappelle: The Closer,Comedy,7.9,29419
2021-10-16,6,7,10,Cocomelon,TV Show,,"Jun 1, 2020",352,1240,tt12427840,Cocomelon,"Adventure,Animation,Family",3.6,1419
2021-10-16,7,-,8,The Great British Baking Show,TV Show,,"Oct 3, 2015",17,62,tt1877368,The Great British Baking Show,"Game-Show,Reality-TV",8.6,15026
2021-10-16,8,5,4,On My Block,TV Show,Yes,"Mar 16, 2018",13,85,tt7879820,On My Block,"Comedy,Drama",7.8,21435
2021-10-16,9,-,-,The Forgotten Battle,Movie,Yes,"Oct 15, 2021",1,2,tt10521092,The Forgotten Battle,"Action,Adventure,War",7.1,40274
2021-10-16,10,-,-,Going in Style,Movie,,"Oct 11, 2021",1,1,tt2568862,Going in Style,"Comedy,Crime",6.6,97621
2021-10-17,1,1,-,You,TV Show,,"Dec 26, 2018",2,20,tt7335184,You,"Crime,Drama,Romance",7.6,355198
2021-10-17,2,2,1,Squid Game,TV Show,Yes,"Sep 17, 2021",28,269,tt10919420,Squid Game,"Action,Crime,Drama",8.0,729794
2021-10-17,3,3,2,Maid,TV Show,Yes,"Oct 1, 2021",16,136,tt11337908,Maid,Drama,8.3,116666
2021-10-17,4,4,-,Shameless,TV Show,,"Jun 30, 2016",32,204,tt1586680,Shameless,"Comedy,Drama",8.5,324102
2021-10-17,5,9,-,The Forgotten Battle,Movie,Yes,"Oct 15, 2021",2,8,tt10521092,The Forgotten Battle,"Action,Adventure,War",7.1,40274
2021-10-17,6,5,3,Dave Chappelle: The Closer,Stand-Up Comedy,Yes,"Oct 5, 2021",11,79,tt15523010,Dave Chappelle: The Closer,Comedy,7.9,29419
2021-10-17,7,6,9,Cocomelon,TV Show,,"Jun 1, 2020",353,1244,tt12427840,Cocomelon,"Adventure,Animation,Family",3.6,1419
2021-10-17,8,10,-,Going in Style,Movie,,"Oct 11, 2021",2,4,tt2568862,Going in Style,"Comedy,Crime",6.6,97621
2021-10-17,9,-,-,My Name,TV Show,Yes,"Oct 15, 2021",1,2,tt12940504,My Name,"Action,Crime,Drama",7.8,41645
2021-10-17,10,7,-,The Great British Baking Show,TV Show,,"Oct 3, 2015",18,63,tt1877368,The Great British Baking Show,"Game-Show,Reality-TV",8.6,15026
2021-10-18,1,1,-,You,TV Show,,"Dec 26, 2018",3,30,tt7335184,You,"Crime,Drama,Romance",7.6,355198
2021-10-18,2,2,1,Squid Game,TV Show,Yes,"Sep 17, 2021",29,278,tt10919420,Squid Game,"Action,Crime,Drama",8.0,729794
2021-10-18,3,3,2,Maid,TV Show,Yes,"Oct 1, 2021",17,144,tt11337908,Maid,Drama,8.3,116666
2021-10-18,4,4,-,Shameless,TV Show,,"Jun 30, 2016",33,211,tt1586680,Shameless,"Comedy,Drama",8.5,324102
2021-10-18,5,5,-,The Forgotten Battle,Movie,Yes,"Oct 15, 2021",3,14,tt10521092,The Forgotten Battle,"Action,Adventure,War",7.1,40274
2021-10-18,6,9,-,My Name,TV Show,Yes,"Oct 15, 2021",2,7,tt12940504,My Name,"Action,Crime,Drama",7.8,41645
2021-10-18,7,7,10,Cocomelon,TV Show,,"Jun 1, 2020",354,1248,tt12427840,Cocomelon,"Adventure,Animation,Family",3.6,1419
2021-10-18,8,6,3,Dave Chappelle: The Closer,Stand-Up Comedy,Yes,"Oct 5, 2021",12,82,tt15523010,Dave Chappelle: The Closer,Comedy,7.9,29419
2021-10-18,9,8,-,Going in Style,Movie,,"Oct 11, 2021",3,6,tt2568862,Going in Style,"Comedy,Crime",6.6,97621
2021-10-18,10,-,-,In the Dark,TV Show,,"Jul 5, 2019",6,7,tt7772602,In the Dark,"Action,Crime,Mystery",7.5,16500
2021-10-19,1,1,-,You,TV Show,,"Dec 26, 2018",4,40,tt7335184,You,"Crime,Drama,Romance",7.6,355198
2021-10-19,2,2,1,Squid Game,TV Show,Yes,"Sep 17, 2021",30,287,tt10919420,Squid Game,"Action,Crime,Drama",8.0,729794
2021-10-19,3,3,2,Maid,TV Show,Yes,"Oct 1, 2021",18,152,tt11337908,Maid,Drama,8.3,116666
2021-10-19,4,4,5,Shameless,TV Show,,"Jun 30, 2016",34,218,tt1586680,Shameless,"Comedy,Drama",8.5,324102
2021-10-19,5,7,9,Cocomelon,TV Show,,"Jun 1, 2020",355,1254,tt12427840,Cocomelon,"Adventure,Animation,Family",3.6,1419
2021-10-19,6,5,-,The Forgotten Battle,Movie,Yes,"Oct 15, 2021",4,19,tt10521092,The Forgotten Battle,"Action,Adventure,War",7.1,40274
2021-10-19,7,6,-,My Name,TV Show,Yes,"Oct 15, 2021",3,11,tt12940504,My Name,"Action,Crime,Drama",7.8,41645
2021-10-19,8,10,-,In the Dark,TV Show,,"Jul 5, 2019",7,10,tt7772602,In the Dark,"Action,Crime,Mystery",7.5,16500
2021-10-19,9,8,3,Dave Chappelle: The Closer,Stand-Up Comedy,Yes,"Oct 5, 2021",13,84,tt15523010,Dave Chappelle: The Closer,Comedy,7.9,29419
2021-10-19,10,9,-,Going in Style,Movie,,"Oct 11, 2021",4,7,tt2568862,Going in Style,"Comedy,Crime",6.6,97621
2021-10-20,1,1,-,You,TV Show,,"Dec 26, 2018",5,50,tt7335184,You,"Crime,Drama,Romance",7.6,355198
2021-10-20,2,2,1,Squid Game,TV Show,Yes,"Sep 17, 2021",31,296,tt10919420,Squid Game,"Action,Crime,Drama",8.0,729794
2021-10-20,3,3,2,Maid,TV Show,Yes,"Oct 1, 2021",19,160,tt11337908,Maid,Drama,8.3,116666
2021-10-20,4,4,4,Shameless,TV Show,,"Jun 30, 2016",35,225,tt1586680,Shameless,"Comedy,Drama",8.5,324102
2021-10-20,5,5,9,Cocomelon,TV Show,,"Jun 1, 2020",356,1260,tt12427840,Cocomelon,"Adventure,Animation,Family",3.6,1419
2021-10-20,6,7,-,My Name,TV Show,Yes,"Oct 15, 2021",4,16,tt12940504,My Name,"Action,Crime,Drama",7.8,41645
2021-10-20,7,6,-,The Forgotten Battle,Movie,Yes,"Oct 15, 2021",5,23,tt10521092,The Forgotten Battle,"Action,Adventure,War",7.1,40274
2021-10-20,8,8,-,In the Dark,TV Show,,"Jul 5, 2019",8,13,tt7772602,In the Dark,"Action,Crime,Mystery",7.5,16500
2021-10-20,9,-,-,Riverdale,TV Show,,"May 19, 2017",23,113,tt5420376,Riverdale,"Crime,Drama,Mystery",6.4,163370
2021-10-20,10,10,-,Going in Style,Movie,,"Oct 11, 2021",5,8,tt2568862,Going in Style,"Comedy,Crime",6.6,97621
2021-10-21,1,1,-,You,TV Show,,"Dec 26, 2018",6,60,tt7335184,You,"Crime,Drama,Romance",7.6,355198
2021-10-21,2,2,1,Squid Game,TV Show,Yes,"Sep 17, 2021",32,305,tt10919420,Squid Game,"Action,Crime,Drama",8.0,729794
2021-10-21,3,3,2,Maid,TV Show,Yes,"Oct 1, 2021",20,168,tt11337908,Maid,Drama,8.3,116666
2021-10-21,4,4,3,Shameless,TV Show,,"Jun 30, 2016",36,232,tt1586680,Shameless,"Comedy,Drama",8.5,324102
2021-10-21,5,5,8,Cocomelon,TV Show,,"Jun 1, 2020",357,1266,tt12427840,Cocomelon,"Adventure,Animation,Family",3.6,1419
2021-10-21,6,6,-,My Name,TV Show,Yes,"Oct 15, 2021",5,21,tt12940504,My Name,"Action,Crime,Drama",7.8,41645
2021-10-21,7,-,-,Night Teeth,Movie,Yes,"Oct 20, 2021",1,4,tt10763820,Night Teeth,"Action,Crime,Drama",5.7,23834
2021-10-21,8,9,-,Riverdale,TV Show,,"May 19, 2017",24,116,tt5420376,Riverdale,"Crime,Drama,Mystery",6.4,163370
2021-10-21,9,8,-,In the Dark,TV Show,,"Jul 5, 2019",9,15,tt7772602,In the Dark,"Action,Crime,Mystery",7.5,16500
2021-10-21,10,-,4,Dave Chappelle: The Closer,Stand-Up Comedy,Yes,"Oct 5, 2021",14,85,tt15523010,Dave Chappelle: The Closer,Comedy,7.9,29419
2021-10-22,1,1,-,You,TV Show,,"Dec 26, 2018",7,70,tt7335184,You,"Crime,Drama,Romance",7.6,355198
2021-10-22,2,2,1,Squid Game,TV Show,Yes,"Sep 17, 2021",33,314,tt10919420,Squid Game,"Action,Crime,Drama",8.0,729794
2021-10-22,3,3,2,Maid,TV Show,Yes,"Oct 1, 2021",21,176,tt11337908,Maid,Drama,8.3,116666
2021-10-22,4,7,-,Night Teeth,Movie,Yes,"Oct 20, 2021",2,11,tt10763820,Night Teeth,"Action,Crime,Drama",5.7,23834
2021-10-22,5,4,3,Shameless,TV Show,,"Jun 30, 2016",37,238,tt1586680,Shameless,"Comedy,Drama",8.5,324102
2021-10-22,6,5,7,Cocomelon,TV Show,,"Jun 1, 2020",358,1271,tt12427840,Cocomelon,"Adventure,Animation,Family",3.6,1419
2021-10-22,7,8,-,Riverdale,TV Show,,"May 19, 2017",25,120,tt5420376,Riverdale,"Crime,Drama,Mystery",6.4,163370
2021-10-22,8,6,-,My Name,TV Show,Yes,"Oct 15, 2021",6,24,tt12940504,My Name,"Action,Crime,Drama",7.8,41645
2021-10-22,9,10,4,Dave Chappelle: The Closer,Stand-Up Comedy,Yes,"Oct 5, 2021",15,87,tt15523010,Dave Chappelle: The Closer,Comedy,7.9,29419
2021-10-22,10,9,-,In the Dark,TV Show,,"Jul 5, 2019",10,16,tt7772602,In the Dark,"Action,Crime,Mystery",7.5,16500
2021-10-23,1,1,1,You,TV Show,,"Dec 26, 2018",8,80,tt7335184,You,"Crime,Drama,Romance",7.6,355198
2021-10-23,2,2,2,Squid Game,TV Show,Yes,"Sep 17, 2021",34,323,tt10919420,Squid Game,"Action,Crime,Drama",8.0,729794
2021-10-23,3,3,3,Maid,TV Show,Yes,"Oct 1, 2021",22,184,tt11337908,Maid,Drama,8.3,116666
2021-10-23,4,-,-,Locke & Key,TV Show,Yes,"Feb 7, 2020",1,7,tt3007572,Locke & Key,"Drama,Fantasy,Horror",7.3,105433
2021-10-23,5,6,6,Cocomelon,TV Show,,"Jun 1, 2020",359,1277,tt12427840,Cocomelon,"Adventure,Animation,Family",3.6,1419
2021-10-23,6,5,4,Shameless,TV Show,,"Jun 30, 2016",38,243,tt1586680,Shameless,"Comedy,Drama",8.5,324102
2021-10-23,7,4,-,Night Teeth,Movie,Yes,"Oct 20, 2021",3,15,tt10763820,Night Teeth,"Action,Crime,Drama",5.7,23834
2021-10-23,8,-,7,The Great British Baking Show,TV Show,,"Oct 3, 2015",19,66,tt1877368,The Great British Baking Show,"Game-Show,Reality-TV",8.6,15026
2021-10-23,9,7,-,Riverdale,TV Show,,"May 19, 2017",26,122,tt5420376,Riverdale,"Crime,Drama,Mystery",6.4,163370
2021-10-23,10,9,5,Dave Chappelle: The Closer,Stand-Up Comedy,Yes,"Oct 5, 2021",16,88,tt15523010,Dave Chappelle: The Closer,Comedy,7.9,29419
2021-10-24,1,1,1,You,TV Show,,"Dec 26, 2018",9,90,tt7335184,You,"Crime,Drama,Romance",7.6,355198
2021-10-24,2,2,2,Squid Game,TV Show,Yes,"Sep 17, 2021",35,332,tt10919420,Squid Game,"Action,Crime,Drama",8.0,729794
2021-10-24,3,3,3,Maid,TV Show,Yes,"Oct 1, 2021",23,192,tt11337908,Maid,Drama,8.3,116666
2021-10-24,4,4,-,Locke & Key,TV Show,Yes,"Feb 7, 2020",2,14,tt3007572,Locke & Key,"Drama,Fantasy,Horror",7.3,105433
2021-10-24,5,-,-,Inside Job,TV Show,Yes,"Oct 22, 2021",1,6,tt1645089,Inside Job,"Crime,Documentary",8.2,82217
2021-10-24,6,-,-,Maya and the Three,TV Show,Yes,"Oct 22, 2021",1,5,tt8787772,Maya and the Three,"Action,Adventure,Animation",8.0,5614
2021-10-24,7,7,-,Night Teeth,Movie,Yes,"Oct 20, 2021",4,19,tt10763820,Night Teeth,"Action,Crime,Drama",5.7,23834
2021-10-24,8,5,7,Cocomelon,TV Show,,"Jun 1, 2020",360,1280,tt12427840,Cocomelon,"Adventure,Animation,Family",3.6,1419
2021-10-24,9,9,-,Riverdale,TV Show,,"May 19, 2017",27,124,tt5420376,Riverdale,"Crime,Drama,Mystery",6.4,163370
2021-10-24,10,6,4,Shameless,TV Show,,"Jun 30, 2016",39,244,tt1586680,Shameless,"Comedy,Drama",8.5,324102
2021-10-25,1,1,1,You,TV Show,,"Dec 26, 2018",10,100,tt7335184,You,"Crime,Drama,Romance",7.6,355198
2021-10-25,2,2,2,Squid Game,TV Show,Yes,"Sep 17, 2021",36,341,tt10919420,Squid Game,"Action,Crime,Drama",8.0,729794
2021-10-25,3,4,-,Locke & Key,TV Show,Yes,"Feb 7, 2020",3,22,tt3007572,Locke & Key,"Drama,Fantasy,Horror",7.3,105433
2021-10-25,4,3,3,Maid,TV Show,Yes,"Oct 1, 2021",24,199,tt11337908,Maid,Drama,8.3,116666
2021-10-25,5,5,-,Inside Job,TV Show,Yes,"Oct 22, 2021",2,12,tt1645089,Inside Job,"Crime,Documentary",8.2,82217
2021-10-25,6,6,-,Maya and the Three,TV Show,Yes,"Oct 22, 2021",2,10,tt8787772,Maya and the Three,"Action,Adventure,Animation",8.0,5614
2021-10-25,7,7,-,Night Teeth,Movie,Yes,"Oct 20, 2021",5,23,tt10763820,Night Teeth,"Action,Crime,Drama",5.7,23834
2021-10-25,8,9,-,Riverdale,TV Show,,"May 19, 2017",28,127,tt5420376,Riverdale,"Crime,Drama,Mystery",6.4,163370
2021-10-25,9,10,4,Shameless,TV Show,,"Jun 30, 2016",40,246,tt1586680,Shameless,"Comedy,Drama",8.5,324102
2021-10-25,10,8,7,Cocomelon,TV Show,,"Jun 1, 2020",361,1281,tt12427840,Cocomelon,"Adventure,Animation,Family",3.6,1419
2021-10-26,1,1,1,You,TV Show,,"Dec 26, 2018",11,110,tt7335184,You,"Crime,Drama,Romance",7.6,355198
2021-10-26,2,2,2,Squid Game,TV Show,Yes,"Sep 17, 2021",37,350,tt10919420,Squid Game,"Action,Crime,Drama",8.0,729794
2021-10-26,3,3,-,Locke & Key,TV Show,Yes,"Feb 7, 2020",4,30,tt3007572,Locke & Key,"Drama,Fantasy,Horror",7.3,105433
2021-10-26,4,4,3,Maid,TV Show,Yes,"Oct 1, 2021",25,206,tt11337908,Maid,Drama,8.3,116666
2021-10-26,5,5,-,Inside Job,TV Show,Yes,"Oct 22, 2021",3,18,tt1645089,Inside Job,"Crime,Documentary",8.2,82217
2021-10-26,6,8,-,Riverdale,TV Show,,"May 19, 2017",29,132,tt5420376,Riverdale,"Crime,Drama,Mystery",6.4,163370
2021-10-26,7,10,5,Cocomelon,TV Show,,"Jun 1, 2020",362,1285,tt12427840,Cocomelon,"Adventure,Animation,Family",3.6,1419
2021-10-26,8,6,-,Maya and the Three,TV Show,Yes,"Oct 22, 2021",3,13,tt8787772,Maya and the Three,"Action,Adventure,Animation",8.0,5614
2021-10-26,9,9,4,Shameless,TV Show,,"Jun 30, 2016",41,248,tt1586680,Shameless,"Comedy,Drama",8.5,324102
2021-10-26,10,7,-,Night Teeth,Movie,Yes,"Oct 20, 2021",6,24,tt10763820,Night Teeth,"Action,Crime,Drama",5.7,23834
2021-10-27,1,1,1,You,TV Show,,"Dec 26, 2018",12,120,tt7335184,You,"Crime,Drama,Romance",7.6,355198
2021-10-27,2,2,2,Squid Game,TV Show,Yes,"Sep 17, 2021",38,359,tt10919420,Squid Game,"Action,Crime,Drama",8.0,729794
2021-10-27,3,4,3,Maid,TV Show,Yes,"Oct 1, 2021",26,214,tt11337908,Maid,Drama,8.3,116666
2021-10-27,4,3,-,Locke & Key,TV Show,Yes,"Feb 7, 2020",5,37,tt3007572,Locke & Key,"Drama,Fantasy,Horror",7.3,105433
2021-10-27,5,5,-,Inside Job,TV Show,Yes,"Oct 22, 2021",4,24,tt1645089,Inside Job,"Crime,Documentary",8.2,82217
2021-10-27,6,6,9,Riverdale,TV Show,,"May 19, 2017",30,137,tt5420376,Riverdale,"Crime,Drama,Mystery",6.4,163370
2021-10-27,7,8,-,Maya and the Three,TV Show,Yes,"Oct 22, 2021",4,17,tt8787772,Maya and the Three,"Action,Adventure,Animation",8.0,5614
2021-10-27,8,7,5,Cocomelon,TV Show,,"Jun 1, 2020",363,1288,tt12427840,Cocomelon,"Adventure,Animation,Family",3.6,1419
2021-10-27,9,9,4,Shameless,TV Show,,"Jun 30, 2016",42,250,tt1586680,Shameless,"Comedy,Drama",8.5,324102
2021-10-27,10,-,-,King Arthur: Legend of the …,Movie,,"Oct 25, 2021",1,1,,,,,
2021-10-28,1,1,1,You,TV Show,,"Dec 26, 2018",13,130,tt7335184,You,"Crime,Drama,Romance",7.6,355198
2021-10-28,2,2,2,Squid Game,TV Show,Yes,"Sep 17, 2021",39,368,tt10919420,Squid Game,"Action,Crime,Drama",8.0,729794
2021-10-28,3,3,3,Maid,TV Show,Yes,"Oct 1, 2021",27,222,tt11337908,Maid,Drama,8.3,116666
2021-10-28,4,4,-,Locke & Key,TV Show,Yes,"Feb 7, 2020",6,44,tt3007572,Locke & Key,"Drama,Fantasy,Horror",7.3,105433
2021-10-28,5,5,-,Inside Job,TV Show,Yes,"Oct 22, 2021",5,30,tt1645089,Inside Job,"Crime,Documentary",8.2,82217
2021-10-28,6,10,-,King Arthur: Legend of the …,Movie,,"Oct 25, 2021",2,6,,,,,
2021-10-28,7,7,-,Maya and the Three,TV Show,Yes,"Oct 22, 2021",5,21,tt8787772,Maya and the Three,"Action,Adventure,Animation",8.0,5614
2021-10-28,8,8,5,Cocomelon,TV Show,,"Jun 1, 2020",364,1291,tt12427840,Cocomelon,"Adventure,Animation,Family",3.6,1419
2021-10-28,9,6,8,Riverdale,TV Show,,"May 19, 2017",31,139,tt5420376,Riverdale,"Crime,Drama,Mystery",6.4,163370
2021-10-28,10,-,-,Hypnotic,Movie,Yes,"Oct 27, 2021",1,1,tt8080204,Hypnotic,"Action,Drama,Mystery",5.5,44908
2021-10-29,1,1,1,You,TV Show,,"Dec 26, 2018",14,140,tt7335184,You,"Crime,Drama,Romance",7.6,355198
2021-10-29,2,2,2,Squid Game,TV Show,Yes,"Sep 17, 2021",40,377,tt10919420,Squid Game,"Action,Crime,Drama",8.0,729794
2021-10-29,3,3,3,Maid,TV Show,Yes,"Oct 1, 2021",28,230,tt11337908,Maid,Drama,8.3,116666
2021-10-29,4,4,-,Locke & Key,TV Show,Yes,"Feb 7, 2020",7,51,tt3007572,Locke & Key,"Drama,Fantasy,Horror",7.3,105433
2021-10-29,5,10,-,Hypnotic,Movie,Yes,"Oct 27, 2021",2,7,tt8080204,Hypnotic,"Action,Drama,Mystery",5.5,44908
2021-10-29,6,6,-,King Arthur: Legend of the …,Movie,,"Oct 25, 2021",3,11,,,,,
2021-10-29,7,5,-,Inside Job,TV Show,Yes,"Oct 22, 2021",6,34,tt1645089,Inside Job,"Crime,Documentary",8.2,82217
2021-10-29,8,7,-,Maya and the Three,TV Show,Yes,"Oct 22, 2021",6,24,tt8787772,Maya and the Three,"Action,Adventure,Animation",8.0,5614
2021-10-29,9,8,6,Cocomelon,TV Show,,"Jun 1, 2020",365,1293,tt12427840,Cocomelon,"Adventure,Animation,Family",3.6,1419
2021-10-29,10,9,7,Riverdale,TV Show,,"May 19, 2017",32,140,tt5420376,Riverdale,"Crime,Drama,Mystery",6.4,163370
2021-10-30,1,1,1,You,TV Show,,"Dec 26, 2018",15,150,tt7335184,You,"Crime,Drama,Romance",7.6,355198
2021-10-30,2,2,2,Squid Game,TV Show,Yes,"Sep 17, 2021",41,386,tt10919420,Squid Game,"Action,Crime,Drama",8.0,729794
2021-10-30,3,5,-,Hypnotic,Movie,Yes,"Oct 27, 2021",3,15,tt8080204,Hypnotic,"Action,Drama,Mystery",5.5,44908
2021-10-30,4,3,3,Maid,TV Show,Yes,"Oct 1, 2021",29,237,tt11337908,Maid,Drama,8.3,116666
2021-10-30,5,4,4,Locke & Key,TV Show,Yes,"Feb 7, 2020",8,57,tt3007572,Locke & Key,"Drama,Fantasy,Horror",7.3,105433
2021-10-30,6,-,-,Army of Thieves,Movie,Yes,"Oct 29, 2021",1,5,tt13024674,Army of Thieves,"Action,Comedy,Crime",6.4,96255
2021-10-30,7,-,8,The Great British Baking Show,TV Show,,"Oct 3, 2015",20,70,tt1877368,The Great British Baking Show,"Game-Show,Reality-TV",8.6,15026
2021-10-30,8,8,-,Maya and the Three,TV Show,Yes,"Oct 22, 2021",7,27,tt8787772,Maya and the Three,"Action,Adventure,Animation",8.0,5614
2021-10-30,9,6,-,King Arthur: Legend of the …,Movie,,"Oct 25, 2021",4,13,,,,,
2021-10-30,10,9,5,Cocomelon,TV Show,,"Jun 1, 2020",366,1294,tt12427840,Cocomelon,"Adventure,Animation,Family",3.6,1419
2021-10-31,1,1,1,You,TV Show,,"Dec 26, 2018",16,160,tt7335184,You,"Crime,Drama,Romance",7.6,355198
2021-10-31,2,6,-,Army of Thieves,Movie,Yes,"Oct 29, 2021",2,14,tt13024674,Army of Thieves,"Action,Comedy,Crime",6.4,96255
2021-10-31,3,2,2,Squid Game,TV Show,Yes,"Sep 17, 2021",42,394,tt10919420,Squid Game,"Action,Crime,Drama",8.0,729794
2021-10-31,4,3,-,Hypnotic,Movie,Yes,"Oct 27, 2021",4,22,tt8080204,Hypnotic,"Action,Drama,Mystery",5.5,44908
2021-10-31,5,4,3,Maid,TV Show,Yes,"Oct 1, 2021",30,243,tt11337908,Maid,Drama,8.3,116666
2021-10-31,6,8,6,Maya and the Three,TV Show,Yes,"Oct 22, 2021",8,32,tt8787772,Maya and the Three,"Action,Adventure,Animation",8.0,5614
2021-10-31,7,9,-,King Arthur: Legend of the …,Movie,,"Oct 25, 2021",5,17,,,,,
2021-10-31,8,5,4,Locke & Key,TV Show,Yes,"Feb 7, 2020",9,60,tt3007572,Locke & Key,"Drama,Fantasy,Horror",7.3,105433
2021-10-31,9,10,8,Cocomelon,TV Show,,"Jun 1, 2020",367,1296,tt12427840,Cocomelon,"Adventure,Animation,Family",3.6,1419
2021-10-31,10,-,-,Colin in Black & White,TV Show,Yes,"Oct 29, 2021",1,1,tt12624928,Colin in Black & White,"Biography,Drama,Sport",6.3,8922
2021-11-01,1,2,-,Army of Thieves,Movie,Yes,"Oct 29, 2021",3,24,tt13024674,Army of Thieves,"Action,Comedy,Crime",6.4,96255
2021-11-01,2,1,1,You,TV Show,,"Dec 26, 2018",17,169,tt7335184,You,"Crime,Drama,Romance",7.6,355198
2021-11-01,3,3,2,Squid Game,TV Show,Yes,"Sep 17, 2021",43,402,tt10919420,Squid Game,"Action,Crime,Drama",8.0,729794
2021-11-01,4,5,4,Maid,TV Show,Yes,"Oct 1, 2021",31,250,tt11337908,Maid,Drama,8.3,116666
2021-11-01,5,4,-,Hypnotic,Movie,Yes,"Oct 27, 2021",5,28,tt8080204,Hypnotic,"Action,Drama,Mystery",5.5,44908
2021-11-01,6,8,3,Locke & Key,TV Show,Yes,"Feb 7, 2020",10,65,tt3007572,Locke & Key,"Drama,Fantasy,Horror",7.3,105433
2021-11-01,7,6,6,Maya and the Three,TV Show,Yes,"Oct 22, 2021",9,36,tt8787772,Maya and the Three,"Action,Adventure,Animation",8.0,5614
2021-11-01,8,7,-,King Arthur: Legend of the …,Movie,,"Oct 25, 2021",6,20,,,,,
2021-11-01,9,9,10,Cocomelon,TV Show,,"Jun 1, 2020",368,1298,tt12427840,Cocomelon,"Adventure,Animation,Family",3.6,1419
2021-11-01,10,10,-,Colin in Black & White,TV Show,Yes,"Oct 29, 2021",2,2,tt12624928,Colin in Black & White,"Biography,Drama,Sport",6.3,8922
2021-11-02,1,1,-,Army of Thieves,Movie,Yes,"Oct 29, 2021",4,34,tt13024674,Army of Thieves,"Action,Comedy,Crime",6.4,96255
2021-11-02,2,2,1,You,TV Show,,"Dec 26, 2018",18,178,tt7335184,You,"Crime,Drama,Romance",7.6,355198
2021-11-02,3,3,2,Squid Game,TV Show,Yes,"Sep 17, 2021",44,410,tt10919420,Squid Game,"Action,Crime,Drama",8.0,729794
2021-11-02,4,4,4,Maid,TV Show,Yes,"Oct 1, 2021",32,257,tt11337908,Maid,Drama,8.3,116666
2021-11-02,5,6,3,Locke & Key,TV Show,Yes,"Feb 7, 2020",11,71,tt3007572,Locke & Key,"Drama,Fantasy,Horror",7.3,105433
2021-11-02,6,10,-,Colin in Black & White,TV Show,Yes,"Oct 29, 2021",3,7,tt12624928,Colin in Black & White,"Biography,Drama,Sport",6.3,8922
2021-11-02,7,9,7,Cocomelon,TV Show,,"Jun 1, 2020",369,1302,tt12427840,Cocomelon,"Adventure,Animation,Family",3.6,1419
2021-11-02,8,-,-,21 Jump Street,Movie,,"Nov 1, 2021",1,3,tt1232829,21 Jump Street,"Action,Comedy,Crime",7.2,634177
2021-11-02,9,-,6,Riverdale,TV Show,,"May 19, 2017",33,142,tt5420376,Riverdale,"Crime,Drama,Mystery",6.4,163370
2021-11-02,10,5,-,Hypnotic,Movie,Yes,"Oct 27, 2021",6,29,tt8080204,Hypnotic,"Action,Drama,Mystery",5.5,44908
2021-11-03,1,2,1,You,TV Show,,"Dec 26, 2018",19,188,tt7335184,You,"Crime,Drama,Romance",7.6,355198
2021-11-03,2,1,-,Army of Thieves,Movie,Yes,"Oct 29, 2021",5,43,tt13024674,Army of Thieves,"Action,Comedy,Crime",6.4,96255
2021-11-03,3,3,2,Squid Game,TV Show,Yes,"Sep 17, 2021",45,418,tt10919420,Squid Game,"Action,Crime,Drama",8.0,729794
2021-11-03,4,6,-,Colin in Black & White,TV Show,Yes,"Oct 29, 2021",4,14,tt12624928,Colin in Black & White,"Biography,Drama,Sport",6.3,8922
2021-11-03,5,8,-,21 Jump Street,Movie,,"Nov 1, 2021",2,9,tt1232829,21 Jump Street,"Action,Comedy,Crime",7.2,634177
2021-11-03,6,4,3,Maid,TV Show,Yes,"Oct 1, 2021",33,262,tt11337908,Maid,Drama,8.3,116666
2021-11-03,7,5,4,Locke & Key,TV Show,Yes,"Feb 7, 2020",12,75,tt3007572,Locke & Key,"Drama,Fantasy,Horror",7.3,105433
2021-11-03,8,7,8,Cocomelon,TV Show,,"Jun 1, 2020",370,1305,tt12427840,Cocomelon,"Adventure,Animation,Family",3.6,1419
2021-11-03,9,-,-,Replicas,Movie,,"Nov 1, 2021",1,2,tt4154916,Replicas,"Action,Drama,Sci-Fi",5.5,44632
2021-11-03,10,9,6,Riverdale,TV Show,,"May 19, 2017",34,143,tt5420376,Riverdale,"Crime,Drama,Mystery",6.4,163370
2021-11-04,1,-,-,The Harder They Fall,Movie,Yes,"Nov 3, 2021",1,10,tt10696784,The Harder They Fall,"Action,Drama,Western",6.6,76150
2021-11-04,2,1,1,You,TV Show,,"Dec 26, 2018",20,197,tt7335184,You,"Crime,Drama,Romance",7.6,355198
2021-11-04,3,5,-,21 Jump Street,Movie,,"Nov 1, 2021",3,17,tt1232829,21 Jump Street,"Action,Comedy,Crime",7.2,634177
2021-11-04,4,3,2,Squid Game,TV Show,Yes,"Sep 17, 2021",46,425,tt10919420,Squid Game,"Action,Crime,Drama",8.0,729794
2021-11-04,5,2,-,Army of Thieves,Movie,Yes,"Oct 29, 2021",6,49,tt13024674,Army of Thieves,"Action,Comedy,Crime",6.4,96255
2021-11-04,6,4,-,Colin in Black & White,TV Show,Yes,"Oct 29, 2021",5,19,tt12624928,Colin in Black & White,"Biography,Drama,Sport",6.3,8922
2021-11-04,7,6,3,Maid,TV Show,Yes,"Oct 1, 2021",34,266,tt11337908,Maid,Drama,8.3,116666
2021-11-04,8,8,8,Cocomelon,TV Show,,"Jun 1, 2020",371,1308,tt12427840,Cocomelon,"Adventure,Animation,Family",3.6,1419
2021-11-04,9,7,4,Locke & Key,TV Show,Yes,"Feb 7, 2020",13,77,tt3007572,Locke & Key,"Drama,Fantasy,Horror",7.3,105433
2021-11-04,10,9,-,Replicas,Movie,,"Nov 1, 2021",2,3,tt4154916,Replicas,"Action,Drama,Sci-Fi",5.5,44632
2021-11-05,1,1,-,The Harder They Fall,Movie,Yes,"Nov 3, 2021",2,20,tt10696784,The Harder They Fall,"Action,Drama,Western",6.6,76150
2021-11-05,2,2,1,You,TV Show,,"Dec 26, 2018",21,206,tt7335184,You,"Crime,Drama,Romance",7.6,355198
2021-11-05,3,3,-,21 Jump Street,Movie,,"Nov 1, 2021",4,25,tt1232829,21 Jump Street,"Action,Comedy,Crime",7.2,634177
2021-11-05,4,4,2,Squid Game,TV Show,Yes,"Sep 17, 2021",47,432,tt10919420,Squid Game,"Action,Crime,Drama",8.0,729794
2021-11-05,5,6,-,Colin in Black & White,TV Show,Yes,"Oct 29, 2021",6,25,tt12624928,Colin in Black & White,"Biography,Drama,Sport",6.3,8922
2021-11-05,6,5,-,Army of Thieves,Movie,Yes,"Oct 29, 2021",7,54,tt13024674,Army of Thieves,"Action,Comedy,Crime",6.4,96255
2021-11-05,7,7,3,Maid,TV Show,Yes,"Oct 1, 2021",35,270,tt11337908,Maid,Drama,8.3,116666
2021-11-05,8,8,9,Cocomelon,TV Show,,"Jun 1, 2020",372,1311,tt12427840,Cocomelon,"Adventure,Animation,Family",3.6,1419
2021-11-05,9,-,-,Catching Killers,TV Show,Yes,"Nov 4, 2021",1,2,tt15723914,Catching Killers,"Crime,Documentary,Mystery",7.2,6176
2021-11-05,10,9,4,Locke & Key,TV Show,Yes,"Feb 7, 2020",14,78,tt3007572,Locke & Key,"Drama,Fantasy,Horror",7.3,105433
2021-11-06,1,1,-,The Harder They Fall,Movie,Yes,"Nov 3, 2021",3,30,tt10696784,The Harder They Fall,"Action,Drama,Western",6.6,76150
2021-11-06,2,-,-,Love Hard,Movie,Yes,"Nov 5, 2021",1,9,tt10752004,Love Hard,"Comedy,Romance",6.3,66945
2021-11-06,3,-,-,Big Mouth,TV Show,Yes,"Sep 29, 2017",14,102,tt6524350,Big Mouth,"Animation,Comedy,Romance",7.8,96732
2021-11-06,4,2,1,You,TV Show,,"Dec 26, 2018",22,213,tt7335184,You,"Crime,Drama,Romance",7.6,355198
2021-11-06,5,4,2,Squid Game,TV Show,Yes,"Sep 17, 2021",48,438,tt10919420,Squid Game,"Action,Crime,Drama",8.0,729794
2021-11-06,6,3,-,21 Jump Street,Movie,,"Nov 1, 2021",5,30,tt1232829,21 Jump Street,"Action,Comedy,Crime",7.2,634177
2021-11-06,7,-,-,Narcos: Mexico,TV Show,Yes,"Nov 16, 2018",1,4,tt8714904,Narcos: Mexico,"Biography,Crime,Drama",8.3,99882
2021-11-06,8,-,7,The Great British Baking Show,TV Show,,"Oct 3, 2015",21,73,tt1877368,The Great British Baking Show,"Game-Show,Reality-TV",8.6,15026
2021-11-06,9,9,-,Catching Killers,TV Show,Yes,"Nov 4, 2021",2,4,tt15723914,Catching Killers,"Crime,Documentary,Mystery",7.2,6176
2021-11-06,10,6,6,Army of Thieves,Movie,Yes,"Oct 29, 2021",8,55,tt13024674,Army of Thieves,"Action,Comedy,Crime",6.4,96255
2021-11-07,1,1,-,The Harder They Fall,Movie,Yes,"Nov 3, 2021",4,40,tt10696784,The Harder They Fall,"Action,Drama,Western",6.6,76150
2021-11-07,2,2,-,Love Hard,Movie,Yes,"Nov 5, 2021",2,18,tt10752004,Love Hard,"Comedy,Romance",6.3,66945
2021-11-07,3,3,-,Big Mouth,TV Show,Yes,"Sep 29, 2017",15,110,tt6524350,Big Mouth,"Animation,Comedy,Romance",7.8,96732
2021-11-07,4,4,1,You,TV Show,,"Dec 26, 2018",23,220,tt7335184,You,"Crime,Drama,Romance",7.6,355198
2021-11-07,5,7,-,Narcos: Mexico,TV Show,Yes,"Nov 16, 2018",2,10,tt8714904,Narcos: Mexico,"Biography,Crime,Drama",8.3,99882
2021-11-07,6,5,3,Squid Game,TV Show,Yes,"Sep 17, 2021",49,443,tt10919420,Squid Game,"Action,Crime,Drama",8.0,729794
2021-11-07,7,6,-,21 Jump Street,Movie,,"Nov 1, 2021",6,34,tt1232829,21 Jump Street,"Action,Comedy,Crime",7.2,634177
2021-11-07,8,9,-,Catching Killers,TV Show,Yes,"Nov 4, 2021",3,7,tt15723914,Catching Killers,"Crime,Documentary,Mystery",7.2,6176
2021-11-07,9,10,2,Army of Thieves,Movie,Yes,"Oct 29, 2021",9,57,tt13024674,Army of Thieves,"Action,Comedy,Crime",6.4,96255
2021-11-07,10,-,9,Cocomelon,TV Show,,"Jun 1, 2020",373,1312,tt12427840,Cocomelon,"Adventure,Animation,Family",3.6,1419
2021-11-08,1,2,-,Love Hard,Movie,Yes,"Nov 5, 2021",3,28,tt10752004,Love Hard,"Comedy,Romance",6.3,66945
2021-11-08,2,1,-,The Harder They Fall,Movie,Yes,"Nov 3, 2021",5,49,tt10696784,The Harder They Fall,"Action,Drama,Western",6.6,76150
2021-11-08,3,3,-,Big Mouth,TV Show,Yes,"Sep 29, 2017",16,118,tt6524350,Big Mouth,"Animation,Comedy,Romance",7.8,96732
2021-11-08,4,5,-,Narcos: Mexico,TV Show,Yes,"Nov 16, 2018",3,17,tt8714904,Narcos: Mexico,"Biography,Crime,Drama",8.3,99882
2021-11-08,5,4,2,You,TV Show,,"Dec 26, 2018",24,226,tt7335184,You,"Crime,Drama,Romance",7.6,355198
2021-11-08,6,6,3,Squid Game,TV Show,Yes,"Sep 17, 2021",50,448,tt10919420,Squid Game,"Action,Crime,Drama",8.0,729794
2021-11-08,7,7,-,21 Jump Street,Movie,,"Nov 1, 2021",7,38,tt1232829,21 Jump Street,"Action,Comedy,Crime",7.2,634177
2021-11-08,8,8,-,Catching Killers,TV Show,Yes,"Nov 4, 2021",4,10,tt15723914,Catching Killers,"Crime,Documentary,Mystery",7.2,6176
2021-11-08,9,-,-,Arcane,TV Show,Yes,"Nov 6, 2021",1,2,tt11126994,Arcane,"Action,Adventure,Animation",9.0,423704
2021-11-08,10,-,4,Maid,TV Show,Yes,"Oct 1, 2021",36,271,tt11337908,Maid,Drama,8.3,116666
2021-11-09,1,1,-,Love Hard,Movie,Yes,"Nov 5, 2021",4,38,tt10752004,Love Hard,"Comedy,Romance",6.3,66945
2021-11-09,2,3,-,Big Mouth,TV Show,Yes,"Sep 29, 2017",17,127,tt6524350,Big Mouth,"Animation,Comedy,Romance",7.8,96732
2021-11-09,3,2,-,The Harder They Fall,Movie,Yes,"Nov 3, 2021",6,57,tt10696784,The Harder They Fall,"Action,Drama,Western",6.6,76150
2021-11-09,4,4,-,Narcos: Mexico,TV Show,Yes,"Nov 16, 2018",4,24,tt8714904,Narcos: Mexico,"Biography,Crime,Drama",8.3,99882
2021-11-09,5,5,2,You,TV Show,,"Dec 26, 2018",25,232,tt7335184,You,"Crime,Drama,Romance",7.6,355198
2021-11-09,6,8,-,Catching Killers,TV Show,Yes,"Nov 4, 2021",5,15,tt15723914,Catching Killers,"Crime,Documentary,Mystery",7.2,6176
2021-11-09,7,6,3,Squid Game,TV Show,Yes,"Sep 17, 2021",51,452,tt10919420,Squid Game,"Action,Crime,Drama",8.0,729794
2021-11-09,8,-,7,Cocomelon,TV Show,,"Jun 1, 2020",374,1315,tt12427840,Cocomelon,"Adventure,Animation,Family",3.6,1419
2021-11-09,9,7,8,21 Jump Street,Movie,,"Nov 1, 2021",8,40,tt1232829,21 Jump Street,"Action,Comedy,Crime",7.2,634177
2021-11-09,10,10,4,Maid,TV Show,Yes,"Oct 1, 2021",37,272,tt11337908,Maid,Drama,8.3,116666
2021-11-10,1,1,-,Love Hard,Movie,Yes,"Nov 5, 2021",5,48,tt10752004,Love Hard,"Comedy,Romance",6.3,66945
2021-11-10,2,2,-,Big Mouth,TV Show,Yes,"Sep 29, 2017",18,136,tt6524350,Big Mouth,"Animation,Comedy,Romance",7.8,96732
2021-11-10,3,4,-,Narcos: Mexico,TV Show,Yes,"Nov 16, 2018",5,32,tt8714904,Narcos: Mexico,"Biography,Crime,Drama",8.3,99882
2021-11-10,4,3,-,The Harder They Fall,Movie,Yes,"Nov 3, 2021",7,64,tt10696784,The Harder They Fall,"Action,Drama,Western",6.6,76150
2021-11-10,5,5,1,You,TV Show,,"Dec 26, 2018",26,238,tt7335184,You,"Crime,Drama,Romance",7.6,355198
2021-11-10,6,7,3,Squid Game,TV Show,Yes,"Sep 17, 2021",52,457,tt10919420,Squid Game,"Action,Crime,Drama",8.0,729794
2021-11-10,7,6,-,Catching Killers,TV Show,Yes,"Nov 4, 2021",6,19,tt15723914,Catching Killers,"Crime,Documentary,Mystery",7.2,6176
2021-11-10,8,8,8,Cocomelon,TV Show,,"Jun 1, 2020",375,1318,tt12427840,Cocomelon,"Adventure,Animation,Family",3.6,1419
2021-11-10,9,10,6,Maid,TV Show,Yes,"Oct 1, 2021",38,274,tt11337908,Maid,Drama,8.3,116666
2021-11-10,10,9,5,21 Jump Street,Movie,,"Nov 1, 2021",9,41,tt1232829,21 Jump Street,"Action,Comedy,Crime",7.2,634177
2021-11-11,1,1,-,Love Hard,Movie,Yes,"Nov 5, 2021",6,58,tt10752004,Love Hard,"Comedy,Romance",6.3,66945
2021-11-11,2,2,-,Big Mouth,TV Show,Yes,"Sep 29, 2017",19,145,tt6524350,Big Mouth,"Animation,Comedy,Romance",7.8,96732
2021-11-11,3,3,-,Narcos: Mexico,TV Show,Yes,"Nov 16, 2018",6,40,tt8714904,Narcos: Mexico,"Biography,Crime,Drama",8.3,99882
2021-11-11,4,4,1,The Harder They Fall,Movie,Yes,"Nov 3, 2021",8,71,tt10696784,The Harder They Fall,"Action,Drama,Western",6.6,76150
2021-11-11,5,5,2,You,TV Show,,"Dec 26, 2018",27,244,tt7335184,You,"Crime,Drama,Romance",7.6,355198
2021-11-11,6,6,4,Squid Game,TV Show,Yes,"Sep 17, 2021",53,462,tt10919420,Squid Game,"Action,Crime,Drama",8.0,729794
2021-11-11,7,8,8,Cocomelon,TV Show,,"Jun 1, 2020",376,1322,tt12427840,Cocomelon,"Adventure,Animation,Family",3.6,1419
2021-11-11,8,7,-,Catching Killers,TV Show,Yes,"Nov 4, 2021",7,22,tt15723914,Catching Killers,"Crime,Documentary,Mystery",7.2,6176
2021-11-11,9,9,7,Maid,TV Show,Yes,"Oct 1, 2021",39,276,tt11337908,Maid,Drama,8.3,116666
2021-11-11,10,-,-,The Thundermans,TV Show,,"Nov 1, 2021",1,1,tt2712516,The Thundermans,"Action,Comedy,Crime",6.0,8907
2021-11-12,1,1,-,Love Hard,Movie,Yes,"Nov 5, 2021",7,68,tt10752004,Love Hard,"Comedy,Romance",6.3,66945
2021-11-12,2,2,-,Big Mouth,TV Show,Yes,"Sep 29, 2017",20,154,tt6524350,Big Mouth,"Animation,Comedy,Romance",7.8,96732
2021-11-12,3,3,-,Narcos: Mexico,TV Show,Yes,"Nov 16, 2018",7,48,tt8714904,Narcos: Mexico,"Biography,Crime,Drama",8.3,99882
2021-11-12,4,4,1,The Harder They Fall,Movie,Yes,"Nov 3, 2021",9,78,tt10696784,The Harder They Fall,"Action,Drama,Western",6.6,76150
2021-11-12,5,5,2,You,TV Show,,"Dec 26, 2018",28,250,tt7335184,You,"Crime,Drama,Romance",7.6,355198
2021-11-12,6,6,4,Squid Game,TV Show,Yes,"Sep 17, 2021",54,467,tt10919420,Squid Game,"Action,Crime,Drama",8.0,729794
2021-11-12,7,-,-,Passing,Movie,Yes,"Nov 10, 2021",1,4,tt8893974,Passing,"Drama,Mystery,Thriller",6.6,17407
2021-11-12,8,7,8,Cocomelon,TV Show,,"Jun 1, 2020",377,1325,tt12427840,Cocomelon,"Adventure,Animation,Family",3.6,1419
2021-11-12,9,10,-,The Thundermans,TV Show,,"Nov 1, 2021",2,3,tt2712516,The Thundermans,"Action,Comedy,Crime",6.0,8907
2021-11-12,10,9,7,Maid,TV Show,Yes,"Oct 1, 2021",40,277,tt11337908,Maid,Drama,8.3,116666
2021-11-13,1,-,-,Red Notice,Movie,Yes,"Nov 12, 2021",1,10,tt7991608,Red Notice,"Action,Comedy,Thriller",6.3,347678
2021-11-13,2,1,2,Love Hard,Movie,Yes,"Nov 5, 2021",8,77,tt10752004,Love Hard,"Comedy,Romance",6.3,66945
2021-11-13,3,2,3,Big Mouth,TV Show,Yes,"Sep 29, 2017",21,162,tt6524350,Big Mouth,"Animation,Comedy,Romance",7.8,96732
2021-11-13,4,3,7,Narcos: Mexico,TV Show,Yes,"Nov 16, 2018",8,55,tt8714904,Narcos: Mexico,"Biography,Crime,Drama",8.3,99882
2021-11-13,5,-,8,The Great British Baking Show,TV Show,,"Oct 3, 2015",22,79,tt1877368,The Great British Baking Show,"Game-Show,Reality-TV",8.6,15026
2021-11-13,6,5,4,You,TV Show,,"Dec 26, 2018",29,255,tt7335184,You,"Crime,Drama,Romance",7.6,355198
2021-11-13,7,4,1,The Harder They Fall,Movie,Yes,"Nov 3, 2021",10,82,tt10696784,The Harder They Fall,"Action,Drama,Western",6.6,76150
2021-11-13,8,6,5,Squid Game,TV Show,Yes,"Sep 17, 2021",55,470,tt10919420,Squid Game,"Action,Crime,Drama",8.0,729794
2021-11-13,9,8,-,Cocomelon,TV Show,,"Jun 1, 2020",378,1327,tt12427840,Cocomelon,"Adventure,Animation,Family",3.6,1419
2021-11-13,10,7,-,Passing,Movie,Yes,"Nov 10, 2021",2,5,tt8893974,Passing,"Drama,Mystery,Thriller",6.6,17407
2021-11-14,1,1,-,Red Notice,Movie,Yes,"Nov 12, 2021",2,20,tt7991608,Red Notice,"Action,Comedy,Thriller",6.3,347678
2021-11-14,2,2,2,Love Hard,Movie,Yes,"Nov 5, 2021",9,86,tt10752004,Love Hard,"Comedy,Romance",6.3,66945
2021-11-14,3,3,3,Big Mouth,TV Show,Yes,"Sep 29, 2017",22,170,tt6524350,Big Mouth,"Animation,Comedy,Romance",7.8,96732
2021-11-14,4,7,1,The Harder They Fall,Movie,Yes,"Nov 3, 2021",11,89,tt10696784,The Harder They Fall,"Action,Drama,Western",6.6,76150
2021-11-14,5,-,-,Arcane,TV Show,Yes,"Nov 6, 2021",2,8,tt11126994,Arcane,"Action,Adventure,Animation",9.0,423704
2021-11-14,6,4,5,Narcos: Mexico,TV Show,Yes,"Nov 16, 2018",9,60,tt8714904,Narcos: Mexico,"Biography,Crime,Drama",8.3,99882
2021-11-14,7,10,-,Passing,Movie,Yes,"Nov 10, 2021",3,9,tt8893974,Passing,"Drama,Mystery,Thriller",6.6,17407
2021-11-14,8,8,6,Squid Game,TV Show,Yes,"Sep 17, 2021",56,473,tt10919420,Squid Game,"Action,Crime,Drama",8.0,729794
2021-11-14,9,6,4,You,TV Show,,"Dec 26, 2018",30,257,tt7335184,You,"Crime,Drama,Romance",7.6,355198
2021-11-14,10,-,-,Animal,TV Show,Yes,"Nov 10, 2021",1,1,tt13751694,Animal,"Action,Crime,Drama",6.2,111400
2021-11-15,1,1,-,Red Notice,Movie,Yes,"Nov 12, 2021",3,30,tt7991608,Red Notice,"Action,Comedy,Thriller",6.3,347678
2021-11-15,2,2,1,Love Hard,Movie,Yes,"Nov 5, 2021",10,95,tt10752004,Love Hard,"Comedy,Romance",6.3,66945
2021-11-15,3,3,3,Big Mouth,TV Show,Yes,"Sep 29, 2017",23,178,tt6524350,Big Mouth,"Animation,Comedy,Romance",7.8,96732
2021-11-15,4,6,4,Narcos: Mexico,TV Show,Yes,"Nov 16, 2018",10,67,tt8714904,Narcos: Mexico,"Biography,Crime,Drama",8.3,99882
2021-11-15,5,4,2,The Harder They Fall,Movie,Yes,"Nov 3, 2021",12,95,tt10696784,The Harder They Fall,"Action,Drama,Western",6.6,76150
2021-11-15,6,10,-,Animal,TV Show,Yes,"Nov 10, 2021",2,6,tt13751694,Animal,"Action,Crime,Drama",6.2,111400
2021-11-15,7,9,5,You,TV Show,,"Dec 26, 2018",31,261,tt7335184,You,"Crime,Drama,Romance",7.6,355198
2021-11-15,8,8,6,Squid Game,TV Show,Yes,"Sep 17, 2021",57,476,tt10919420,Squid Game,"Action,Crime,Drama",8.0,729794
2021-11-15,9,5,9,Arcane,TV Show,Yes,"Nov 6, 2021",3,10,tt11126994,Arcane,"Action,Adventure,Animation",9.0,423704
2021-11-15,10,-,-,Cocomelon,TV Show,,"Jun 1, 2020",379,1328,tt12427840,Cocomelon,"Adventure,Animation,Family",3.6,1419
2021-11-16,1,1,-,Red Notice,Movie,Yes,"Nov 12, 2021",4,40,tt7991608,Red Notice,"Action,Comedy,Thriller",6.3,347678
2021-11-16,2,4,4,Narcos: Mexico,TV Show,Yes,"Nov 16, 2018",11,76,tt8714904,Narcos: Mexico,"Biography,Crime,Drama",8.3,99882
2021-11-16,3,2,1,Love Hard,Movie,Yes,"Nov 5, 2021",11,103,tt10752004,Love Hard,"Comedy,Romance",6.3,66945
2021-11-16,4,7,5,You,TV Show,,"Dec 26, 2018",32,268,tt7335184,You,"Crime,Drama,Romance",7.6,355198
2021-11-16,5,3,2,Big Mouth,TV Show,Yes,"Sep 29, 2017",24,184,tt6524350,Big Mouth,"Animation,Comedy,Romance",7.8,96732
2021-11-16,6,8,7,Squid Game,TV Show,Yes,"Sep 17, 2021",58,481,tt10919420,Squid Game,"Action,Crime,Drama",8.0,729794
2021-11-16,7,-,10,Maid,TV Show,Yes,"Oct 1, 2021",41,281,tt11337908,Maid,Drama,8.3,116666
2021-11-16,8,10,8,Cocomelon,TV Show,,"Jun 1, 2020",380,1331,tt12427840,Cocomelon,"Adventure,Animation,Family",3.6,1419
2021-11-16,9,5,3,The Harder They Fall,Movie,Yes,"Nov 3, 2021",13,97,tt10696784,The Harder They Fall,"Action,Drama,Western",6.6,76150
2021-11-16,10,-,-,The Thundermans,TV Show,,"Nov 1, 2021",3,4,tt2712516,The Thundermans,"Action,Comedy,Crime",6.0,8907
2021-11-17,1,1,-,Red Notice,Movie,Yes,"Nov 12, 2021",5,50,tt7991608,Red Notice,"Action,Comedy,Thriller",6.3,347678
2021-11-17,2,2,3,Narcos: Mexico,TV Show,Yes,"Nov 16, 2018",12,85,tt8714904,Narcos: Mexico,"Biography,Crime,Drama",8.3,99882
2021-11-17,3,4,5,You,TV Show,,"Dec 26, 2018",33,276,tt7335184,You,"Crime,Drama,Romance",7.6,355198
2021-11-17,4,-,-,American Pie: Reunion,Movie,,"Nov 16, 2021",1,7,tt2368067,American Pie: Reunion,Family,6.7,69
2021-11-17,5,3,1,Love Hard,Movie,Yes,"Nov 5, 2021",12,109,tt10752004,Love Hard,"Comedy,Romance",6.3,66945
2021-11-17,6,7,9,Maid,TV Show,Yes,"Oct 1, 2021",42,286,tt11337908,Maid,Drama,8.3,116666
2021-11-17,7,6,6,Squid Game,TV Show,Yes,"Sep 17, 2021",59,485,tt10919420,Squid Game,"Action,Crime,Drama",8.0,729794
2021-11-17,8,8,8,Cocomelon,TV Show,,"Jun 1, 2020",381,1334,tt12427840,Cocomelon,"Adventure,Animation,Family",3.6,1419
2021-11-17,9,5,2,Big Mouth,TV Show,Yes,"Sep 29, 2017",25,186,tt6524350,Big Mouth,"Animation,Comedy,Romance",7.8,96732
2021-11-17,10,9,4,The Harder They Fall,Movie,Yes,"Nov 3, 2021",14,98,tt10696784,The Harder They Fall,"Action,Drama,Western",6.6,76150
2021-11-18,1,1,-,Red Notice,Movie,Yes,"Nov 12, 2021",6,60,tt7991608,Red Notice,"Action,Comedy,Thriller",6.3,347678
2021-11-18,2,-,-,"Tiger King: Murder, Mayhem …",TV Show,Yes,"Mar 20, 2020",36,310,,,,,
2021-11-18,3,2,3,Narcos: Mexico,TV Show,Yes,"Nov 16, 2018",13,93,tt8714904,Narcos: Mexico,"Biography,Crime,Drama",8.3,99882
2021-11-18,4,3,5,You,TV Show,,"Dec 26, 2018",34,283,tt7335184,You,"Crime,Drama,Romance",7.6,355198
2021-11-18,5,6,9,Maid,TV Show,Yes,"Oct 1, 2021",43,292,tt11337908,Maid,Drama,8.3,116666
2021-11-18,6,-,-,The Queen of Flow,TV Show,Yes,"Nov 9, 2018",1,5,tt8560918,The Queen of Flow,"Drama,Music,Romance",7.7,1847
2021-11-18,7,8,7,Cocomelon,TV Show,,"Jun 1, 2020",382,1338,tt12427840,Cocomelon,"Adventure,Animation,Family",3.6,1419
2021-11-18,8,7,6,Squid Game,TV Show,Yes,"Sep 17, 2021",60,488,tt10919420,Squid Game,"Action,Crime,Drama",8.0,729794
2021-11-18,9,5,1,Love Hard,Movie,Yes,"Nov 5, 2021",13,111,tt10752004,Love Hard,"Comedy,Romance",6.3,66945
2021-11-18,10,9,2,Big Mouth,TV Show,Yes,"Sep 29, 2017",26,187,tt6524350,Big Mouth,"Animation,Comedy,Romance",7.8,96732
2021-11-19,1,2,-,"Tiger King: Murder, Mayhem …",TV Show,Yes,"Mar 20, 2020",37,320,,,,,
2021-11-19,2,1,-,Red Notice,Movie,Yes,"Nov 12, 2021",7,69,tt7991608,Red Notice,"Action,Comedy,Thriller",6.3,347678
2021-11-19,3,-,-,The Princess Switch 3: Roma…,Movie,Yes,"Nov 18, 2021",2,15,,,,,
2021-11-19,4,6,-,The Queen of Flow,TV Show,Yes,"Nov 9, 2018",2,12,tt8560918,The Queen of Flow,"Drama,Music,Romance",7.7,1847
2021-11-19,5,3,3,Narcos: Mexico,TV Show,Yes,"Nov 16, 2018",14,99,tt8714904,Narcos: Mexico,"Biography,Crime,Drama",8.3,99882
2021-11-19,6,4,5,You,TV Show,,"Dec 26, 2018",35,288,tt7335184,You,"Crime,Drama,Romance",7.6,355198
2021-11-19,7,5,10,Maid,TV Show,Yes,"Oct 1, 2021",44,296,tt11337908,Maid,Drama,8.3,116666
2021-11-19,8,7,8,Cocomelon,TV Show,,"Jun 1, 2020",383,1341,tt12427840,Cocomelon,"Adventure,Animation,Family",3.6,1419
2021-11-19,9,-,-,American Pie: Reunion,Movie,,"Nov 16, 2021",2,9,tt2368067,American Pie: Reunion,Family,6.7,69
2021-11-19,10,8,6,Squid Game,TV Show,Yes,"Sep 17, 2021",61,489,tt10919420,Squid Game,"Action,Crime,Drama",8.0,729794
2021-11-20,1,2,1,Red Notice,Movie,Yes,"Nov 12, 2021",8,79,tt7991608,Red Notice,"Action,Comedy,Thriller",6.3,347678
2021-11-20,2,1,-,Tiger King,TV Show,Yes,"Mar 20, 2020",38,329,tt11823076,Tiger King,"Biography,Crime,Documentary",7.5,90216
2021-11-20,3,-,-,Cowboy Bebop,TV Show,Yes,"Nov 19, 2021",1,8,tt0213338,Cowboy Bebop,"Action,Adventure,Animation",8.9,163790
2021-11-20,4,-,-,Hellbound,TV Show,Yes,"Nov 19, 2021",1,7,tt12235718,Hellbound,"Crime,Drama,Fantasy",6.6,32578
2021-11-20,5,4,-,The Queen of Flow,TV Show,Yes,"Nov 9, 2018",3,18,tt8560918,The Queen of Flow,"Drama,Music,Romance",7.7,1847
2021-11-20,6,3,-,The Princess Switch 3: Roma…,Movie,Yes,"Nov 18, 2021",3,20,,,,,
2021-11-20,7,-,5,The Great British Baking Show,TV Show,,"Oct 3, 2015",23,83,tt1877368,The Great British Baking Show,"Game-Show,Reality-TV",8.6,15026
2021-11-20,8,5,4,Narcos: Mexico,TV Show,Yes,"Nov 16, 2018",15,102,tt8714904,Narcos: Mexico,"Biography,Crime,Drama",8.3,99882
2021-11-20,9,8,9,Cocomelon,TV Show,,"Jun 1, 2020",384,1343,tt12427840,Cocomelon,"Adventure,Animation,Family",3.6,1419
2021-11-20,10,7,-,Maid,TV Show,Yes,"Oct 1, 2021",45,297,tt11337908,Maid,Drama,8.3,116666
2021-11-21,1,1,1,Red Notice,Movie,Yes,"Nov 12, 2021",9,89,tt7991608,Red Notice,"Action,Comedy,Thriller",6.3,347678
2021-11-21,2,2,-,Tiger King,TV Show,Yes,"Mar 20, 2020",39,338,tt11823076,Tiger King,"Biography,Crime,Documentary",7.5,90216
2021-11-21,3,3,-,Cowboy Bebop,TV Show,Yes,"Nov 19, 2021",2,16,tt0213338,Cowboy Bebop,"Action,Adventure,Animation",8.9,163790
2021-11-21,4,4,-,Hellbound,TV Show,Yes,"Nov 19, 2021",2,14,tt12235718,Hellbound,"Crime,Drama,Fantasy",6.6,32578
2021-11-21,5,-,5,Arcane,TV Show,Yes,"Nov 6, 2021",4,16,tt11126994,Arcane,"Action,Adventure,Animation",9.0,423704
2021-11-21,6,5,-,The Queen of Flow,TV Show,Yes,"Nov 9, 2018",4,23,tt8560918,The Queen of Flow,"Drama,Music,Romance",7.7,1847
2021-11-21,7,6,-,The Princess Switch 3: Roma…,Movie,Yes,"Nov 18, 2021",4,24,,,,,
2021-11-21,8,10,-,Maid,TV Show,Yes,"Oct 1, 2021",46,300,tt11337908,Maid,Drama,8.3,116666
2021-11-21,9,8,6,Narcos: Mexico,TV Show,Yes,"Nov 16, 2018",16,104,tt8714904,Narcos: Mexico,"Biography,Crime,Drama",8.3,99882
2021-11-21,10,-,8,Squid Game,TV Show,Yes,"Sep 17, 2021",62,490,tt10919420,Squid Game,"Action,Crime,Drama",8.0,729794
2021-11-22,1,1,1,Red Notice,Movie,Yes,"Nov 12, 2021",10,99,tt7991608,Red Notice,"Action,Comedy,Thriller",6.3,347678
2021-11-22,2,3,-,Cowboy Bebop,TV Show,Yes,"Nov 19, 2021",3,25,tt0213338,Cowboy Bebop,"Action,Adventure,Animation",8.9,163790
2021-11-22,3,2,-,Tiger King,TV Show,Yes,"Mar 20, 2020",40,346,tt11823076,Tiger King,"Biography,Crime,Documentary",7.5,90216
2021-11-22,4,4,-,Hellbound,TV Show,Yes,"Nov 19, 2021",3,21,tt12235718,Hellbound,"Crime,Drama,Fantasy",6.6,32578
2021-11-22,5,6,-,The Queen of Flow,TV Show,Yes,"Nov 9, 2018",5,29,tt8560918,The Queen of Flow,"Drama,Music,Romance",7.7,1847
2021-11-22,6,5,9,Arcane,TV Show,Yes,"Nov 6, 2021",5,21,tt11126994,Arcane,"Action,Adventure,Animation",9.0,423704
2021-11-22,7,8,-,Maid,TV Show,Yes,"Oct 1, 2021",47,304,tt11337908,Maid,Drama,8.3,116666
2021-11-22,8,7,-,The Princess Switch 3: Roma…,Movie,Yes,"Nov 18, 2021",5,27,,,,,
2021-11-22,9,9,4,Narcos: Mexico,TV Show,Yes,"Nov 16, 2018",17,106,tt8714904,Narcos: Mexico,"Biography,Crime,Drama",8.3,99882
2021-11-22,10,10,8,Squid Game,TV Show,Yes,"Sep 17, 2021",63,491,tt10919420,Squid Game,"Action,Crime,Drama",8.0,729794
2021-11-23,1,2,-,Cowboy Bebop,TV Show,Yes,"Nov 19, 2021",4,35,tt0213338,Cowboy Bebop,"Action,Adventure,Animation",8.9,163790
2021-11-23,2,1,1,Red Notice,Movie,Yes,"Nov 12, 2021",11,108,tt7991608,Red Notice,"Action,Comedy,Thriller",6.3,347678
2021-11-23,3,3,-,Tiger King,TV Show,Yes,"Mar 20, 2020",41,354,tt11823076,Tiger King,"Biography,Crime,Documentary",7.5,90216
2021-11-23,4,4,-,Hellbound,TV Show,Yes,"Nov 19, 2021",4,28,tt12235718,Hellbound,"Crime,Drama,Fantasy",6.6,32578
2021-11-23,5,5,-,The Queen of Flow,TV Show,Yes,"Nov 9, 2018",6,35,tt8560918,The Queen of Flow,"Drama,Music,Romance",7.7,1847
2021-11-23,6,6,-,Arcane,TV Show,Yes,"Nov 6, 2021",6,26,tt11126994,Arcane,"Action,Adventure,Animation",9.0,423704
2021-11-23,7,-,-,Here Comes the Boom,Movie,,"Nov 20, 2021",1,4,tt1648179,Here Comes the Boom,"Action,Comedy,Sport",6.4,98358
2021-11-23,8,7,7,Maid,TV Show,Yes,"Oct 1, 2021",48,307,tt11337908,Maid,Drama,8.3,116666
2021-11-23,9,-,8,Cocomelon,TV Show,,"Jun 1, 2020",385,1345,tt12427840,Cocomelon,"Adventure,Animation,Family",3.6,1419
2021-11-23,10,9,2,Narcos: Mexico,TV Show,Yes,"Nov 16, 2018",18,107,tt8714904,Narcos: Mexico,"Biography,Crime,Drama",8.3,99882
2021-11-24,1,1,-,Cowboy Bebop,TV Show,Yes,"Nov 19, 2021",5,45,tt0213338,Cowboy Bebop,"Action,Adventure,Animation",8.9,163790
2021-11-24,2,2,1,Red Notice,Movie,Yes,"Nov 12, 2021",12,117,tt7991608,Red Notice,"Action,Comedy,Thriller",6.3,347678
2021-11-24,3,5,-,The Queen of Flow,TV Show,Yes,"Nov 9, 2018",7,43,tt8560918,The Queen of Flow,"Drama,Music,Romance",7.7,1847
2021-11-24,4,3,-,Tiger King,TV Show,Yes,"Mar 20, 2020",42,361,tt11823076,Tiger King,"Biography,Crime,Documentary",7.5,90216
2021-11-24,5,4,-,Hellbound,TV Show,Yes,"Nov 19, 2021",5,34,tt12235718,Hellbound,"Crime,Drama,Fantasy",6.6,32578
2021-11-24,6,7,-,Here Comes the Boom,Movie,,"Nov 20, 2021",2,9,tt1648179,Here Comes the Boom,"Action,Comedy,Sport",6.4,98358
2021-11-24,7,9,8,Cocomelon,TV Show,,"Jun 1, 2020",386,1349,tt12427840,Cocomelon,"Adventure,Animation,Family",3.6,1419
2021-11-24,8,8,6,Maid,TV Show,Yes,"Oct 1, 2021",49,310,tt11337908,Maid,Drama,8.3,116666
2021-11-24,9,10,2,Narcos: Mexico,TV Show,Yes,"Nov 16, 2018",19,109,tt8714904,Narcos: Mexico,"Biography,Crime,Drama",8.3,99882
2021-11-24,10,6,-,Arcane,TV Show,Yes,"Nov 6, 2021",7,27,tt11126994,Arcane,"Action,Adventure,Animation",9.0,423704
2021-11-25,1,-,-,True Story,TV Show,Yes,"Nov 24, 2021",1,10,tt2273657,True Story,"Biography,Crime,Drama",6.3,75317
2021-11-25,2,-,-,Bruised,Movie,Yes,"Nov 24, 2021",1,9,tt8310474,Bruised,"Drama,Sport",6.2,16721
2021-11-25,3,-,-,Selling Sunset,TV Show,Yes,"Mar 22, 2019",8,31,tt9817298,Selling Sunset,Reality-TV,6.5,9114
2021-11-25,4,1,-,Cowboy Bebop,TV Show,Yes,"Nov 19, 2021",6,52,tt0213338,Cowboy Bebop,"Action,Adventure,Animation",8.9,163790
2021-11-25,5,2,1,Red Notice,Movie,Yes,"Nov 12, 2021",13,123,tt7991608,Red Notice,"Action,Comedy,Thriller",6.3,347678
2021-11-25,6,3,6,The Queen of Flow,TV Show,Yes,"Nov 9, 2018",8,48,tt8560918,The Queen of Flow,"Drama,Music,Romance",7.7,1847
2021-11-25,7,4,2,Tiger King,TV Show,Yes,"Mar 20, 2020",43,365,tt11823076,Tiger King,"Biography,Crime,Documentary",7.5,90216
2021-11-25,8,5,-,Hellbound,TV Show,Yes,"Nov 19, 2021",6,37,tt12235718,Hellbound,"Crime,Drama,Fantasy",6.6,32578
2021-11-25,9,-,-,A Boy Called Christmas,Movie,Yes,"Nov 24, 2021",1,2,tt10187208,A Boy Called Christmas,"Adventure,Drama,Family",6.7,29908
2021-11-25,10,7,7,Cocomelon,TV Show,,"Jun 1, 2020",387,1350,tt12427840,Cocomelon,"Adventure,Animation,Family",3.6,1419
2021-11-26,1,1,-,True Story,TV Show,Yes,"Nov 24, 2021",2,20,tt2273657,True Story,"Biography,Crime,Drama",6.3,75317
2021-11-26,2,2,-,Bruised,Movie,Yes,"Nov 24, 2021",2,18,tt8310474,Bruised,"Drama,Sport",6.2,16721
2021-11-26,3,5,2,Red Notice,Movie,Yes,"Nov 12, 2021",14,131,tt7991608,Red Notice,"Action,Comedy,Thriller",6.3,347678
2021-11-26,4,3,-,Selling Sunset,TV Show,Yes,"Mar 22, 2019",9,38,tt9817298,Selling Sunset,Reality-TV,6.5,9114
2021-11-26,5,4,-,Cowboy Bebop,TV Show,Yes,"Nov 19, 2021",7,58,tt0213338,Cowboy Bebop,"Action,Adventure,Animation",8.9,163790
2021-11-26,6,9,-,A Boy Called Christmas,Movie,Yes,"Nov 24, 2021",2,7,tt10187208,A Boy Called Christmas,"Adventure,Drama,Family",6.7,29908
2021-11-26,7,6,4,The Queen of Flow,TV Show,Yes,"Nov 9, 2018",9,52,tt8560918,The Queen of Flow,"Drama,Music,Romance",7.7,1847
2021-11-26,8,8,-,Hellbound,TV Show,Yes,"Nov 19, 2021",7,40,tt12235718,Hellbound,"Crime,Drama,Fantasy",6.6,32578
2021-11-26,9,7,1,Tiger King,TV Show,Yes,"Mar 20, 2020",44,367,tt11823076,Tiger King,"Biography,Crime,Documentary",7.5,90216
2021-11-26,10,-,10,Squid Game,TV Show,Yes,"Sep 17, 2021",64,492,tt10919420,Squid Game,"Action,Crime,Drama",8.0,729794
2021-11-27,1,1,-,True Story,TV Show,Yes,"Nov 24, 2021",3,30,tt2273657,True Story,"Biography,Crime,Drama",6.3,75317
2021-11-27,2,2,-,Bruised,Movie,Yes,"Nov 24, 2021",3,27,tt8310474,Bruised,"Drama,Sport",6.2,16721
2021-11-27,3,4,-,Selling Sunset,TV Show,Yes,"Mar 22, 2019",10,46,tt9817298,Selling Sunset,Reality-TV,6.5,9114
2021-11-27,4,3,1,Red Notice,Movie,Yes,"Nov 12, 2021",15,138,tt7991608,Red Notice,"Action,Comedy,Thriller",6.3,347678
2021-11-27,5,-,-,A Castle for Christmas,Movie,Yes,"Nov 26, 2021",1,6,tt13070602,A Castle for Christmas,"Adventure,Comedy,Drama",5.6,16763
2021-11-27,6,7,5,The Queen of Flow,TV Show,Yes,"Nov 9, 2018",10,57,tt8560918,The Queen of Flow,"Drama,Music,Romance",7.7,1847
2021-11-27,7,5,3,Cowboy Bebop,TV Show,Yes,"Nov 19, 2021",8,62,tt0213338,Cowboy Bebop,"Action,Adventure,Animation",8.9,163790
2021-11-27,8,6,-,A Boy Called Christmas,Movie,Yes,"Nov 24, 2021",3,10,tt10187208,A Boy Called Christmas,"Adventure,Drama,Family",6.7,29908
2021-11-27,9,-,7,The Great British Baking Show,TV Show,,"Oct 3, 2015",24,85,tt1877368,The Great British Baking Show,"Game-Show,Reality-TV",8.6,15026
2021-11-27,10,10,-,Squid Game,TV Show,Yes,"Sep 17, 2021",65,493,tt10919420,Squid Game,"Action,Crime,Drama",8.0,729794
2021-11-28,1,1,-,True Story,TV Show,Yes,"Nov 24, 2021",4,40,tt2273657,True Story,"Biography,Crime,Drama",6.3,75317
2021-11-28,2,2,-,Bruised,Movie,Yes,"Nov 24, 2021",4,36,tt8310474,Bruised,"Drama,Sport",6.2,16721
2021-11-28,3,3,-,Selling Sunset,TV Show,Yes,"Mar 22, 2019",11,54,tt9817298,Selling Sunset,Reality-TV,6.5,9114
2021-11-28,4,4,1,Red Notice,Movie,Yes,"Nov 12, 2021",16,145,tt7991608,Red Notice,"Action,Comedy,Thriller",6.3,347678
2021-11-28,5,6,6,The Queen of Flow,TV Show,Yes,"Nov 9, 2018",11,63,tt8560918,The Queen of Flow,"Drama,Music,Romance",7.7,1847
2021-11-28,6,5,-,A Castle for Christmas,Movie,Yes,"Nov 26, 2021",2,11,tt13070602,A Castle for Christmas,"Adventure,Comedy,Drama",5.6,16763
2021-11-28,7,8,-,A Boy Called Christmas,Movie,Yes,"Nov 24, 2021",4,14,tt10187208,A Boy Called Christmas,"Adventure,Drama,Family",6.7,29908
2021-11-28,8,7,3,Cowboy Bebop,TV Show,Yes,"Nov 19, 2021",9,65,tt0213338,Cowboy Bebop,"Action,Adventure,Animation",8.9,163790
2021-11-28,9,10,10,Squid Game,TV Show,Yes,"Sep 17, 2021",66,495,tt10919420,Squid Game,"Action,Crime,Drama",8.0,729794
2021-11-28,10,-,-,School of Chocolate,TV Show,Yes,"Nov 26, 2021",1,1,tt15172154,School of Chocolate,"Game-Show,Reality-TV",7.6,2716
2021-11-29,1,1,-,True Story,TV Show,Yes,"Nov 24, 2021",5,50,tt2273657,True Story,"Biography,Crime,Drama",6.3,75317
2021-11-29,2,2,-,Bruised,Movie,Yes,"Nov 24, 2021",5,45,tt8310474,Bruised,"Drama,Sport",6.2,16721
2021-11-29,3,3,-,Selling Sunset,TV Show,Yes,"Mar 22, 2019",12,62,tt9817298,Selling Sunset,Reality-TV,6.5,9114
2021-11-29,4,5,5,The Queen of Flow,TV Show,Yes,"Nov 9, 2018",12,70,tt8560918,The Queen of Flow,"Drama,Music,Romance",7.7,1847
2021-11-29,5,6,-,A Castle for Christmas,Movie,Yes,"Nov 26, 2021",3,17,tt13070602,A Castle for Christmas,"Adventure,Comedy,Drama",5.6,16763
2021-11-29,6,4,1,Red Notice,Movie,Yes,"Nov 12, 2021",17,150,tt7991608,Red Notice,"Action,Comedy,Thriller",6.3,347678
2021-11-29,7,8,2,Cowboy Bebop,TV Show,Yes,"Nov 19, 2021",10,69,tt0213338,Cowboy Bebop,"Action,Adventure,Animation",8.9,163790
2021-11-29,8,-,-,Elves,TV Show,Yes,"Nov 28, 2021",1,3,tt13231962,Elves,"Drama,Fantasy,Horror",5.6,5323
2021-11-29,9,7,-,A Boy Called Christmas,Movie,Yes,"Nov 24, 2021",5,16,tt10187208,A Boy Called Christmas,"Adventure,Drama,Family",6.7,29908
2021-11-29,10,10,-,School of Chocolate,TV Show,Yes,"Nov 26, 2021",2,2,tt15172154,School of Chocolate,"Game-Show,Reality-TV",7.6,2716
2021-11-30,1,1,-,True Story,TV Show,Yes,"Nov 24, 2021",6,60,tt2273657,True Story,"Biography,Crime,Drama",6.3,75317
2021-11-30,2,3,-,Selling Sunset,TV Show,Yes,"Mar 22, 2019",13,71,tt9817298,Selling Sunset,Reality-TV,6.5,9114
2021-11-30,3,4,5,The Queen of Flow,TV Show,Yes,"Nov 9, 2018",13,78,tt8560918,The Queen of Flow,"Drama,Music,Romance",7.7,1847
2021-11-30,4,2,-,Bruised,Movie,Yes,"Nov 24, 2021",6,52,tt8310474,Bruised,"Drama,Sport",6.2,16721
2021-11-30,5,5,-,A Castle for Christmas,Movie,Yes,"Nov 26, 2021",4,23,tt13070602,A Castle for Christmas,"Adventure,Comedy,Drama",5.6,16763
2021-11-30,6,10,-,School of Chocolate,TV Show,Yes,"Nov 26, 2021",3,7,tt15172154,School of Chocolate,"Game-Show,Reality-TV",7.6,2716
2021-11-30,7,7,1,Cowboy Bebop,TV Show,Yes,"Nov 19, 2021",11,73,tt0213338,Cowboy Bebop,"Action,Adventure,Animation",8.9,163790
2021-11-30,8,6,2,Red Notice,Movie,Yes,"Nov 12, 2021",18,153,tt7991608,Red Notice,"Action,Comedy,Thriller",6.3,347678
2021-11-30,9,9,-,A Boy Called Christmas,Movie,Yes,"Nov 24, 2021",6,18,tt10187208,A Boy Called Christmas,"Adventure,Drama,Family",6.7,29908
2021-11-30,10,-,9,Cocomelon,TV Show,,"Jun 1, 2020",388,1351,tt12427840,Cocomelon,"Adventure,Animation,Family",3.6,1419
2021-12-01,1,1,-,True Story,TV Show,Yes,"Nov 24, 2021",7,70,tt2273657,True Story,"Biography,Crime,Drama",6.3,75317
2021-12-01,2,3,3,The Queen of Flow,TV Show,Yes,"Nov 9, 2018",14,87,tt8560918,The Queen of Flow,"Drama,Music,Romance",7.7,1847
2021-12-01,3,2,-,Selling Sunset,TV Show,Yes,"Mar 22, 2019",14,79,tt9817298,Selling Sunset,Reality-TV,6.5,9114
2021-12-01,4,4,-,Bruised,Movie,Yes,"Nov 24, 2021",7,59,tt8310474,Bruised,"Drama,Sport",6.2,16721
2021-12-01,5,6,-,School of Chocolate,TV Show,Yes,"Nov 26, 2021",4,13,tt15172154,School of Chocolate,"Game-Show,Reality-TV",7.6,2716
2021-12-01,6,5,-,A Castle for Christmas,Movie,Yes,"Nov 26, 2021",5,28,tt13070602,A Castle for Christmas,"Adventure,Comedy,Drama",5.6,16763
2021-12-01,7,7,1,Cowboy Bebop,TV Show,Yes,"Nov 19, 2021",12,77,tt0213338,Cowboy Bebop,"Action,Adventure,Animation",8.9,163790
2021-12-01,8,8,2,Red Notice,Movie,Yes,"Nov 12, 2021",19,156,tt7991608,Red Notice,"Action,Comedy,Thriller",6.3,347678
2021-12-01,9,10,7,Cocomelon,TV Show,,"Jun 1, 2020",389,1353,tt12427840,Cocomelon,"Adventure,Animation,Family",3.6,1419
2021-12-01,10,9,-,A Boy Called Christmas,Movie,Yes,"Nov 24, 2021",7,19,tt10187208,A Boy Called Christmas,"Adventure,Drama,Family",6.7,29908
2021-12-02,1,-,-,Lost in Space,TV Show,Yes,"Apr 13, 2018",1,10,tt5232792,Lost in Space,"Adventure,Drama,Family",7.3,111585
2021-12-02,2,1,1,True Story,TV Show,Yes,"Nov 24, 2021",8,79,tt2273657,True Story,"Biography,Crime,Drama",6.3,75317
2021-12-02,3,-,-,The Power of the Dog,Movie,Yes,"Dec 1, 2021",1,8,tt10293406,The Power of the Dog,"Drama,Western",6.8,203355
2021-12-02,4,2,6,The Queen of Flow,TV Show,Yes,"Nov 9, 2018",15,94,tt8560918,The Queen of Flow,"Drama,Music,Romance",7.7,1847
2021-12-02,5,3,3,Selling Sunset,TV Show,Yes,"Mar 22, 2019",15,85,tt9817298,Selling Sunset,Reality-TV,6.5,9114
2021-12-02,6,-,-,Jojoâs Bizarre Adventure,TV Show,,"Mar 8, 2019",1,5,,,,,
2021-12-02,7,-,-,Life,Movie,,"Dec 1, 2021",1,4,tt5442430,Life,"Horror,Sci-Fi,Thriller",6.6,273231
2021-12-02,8,5,-,School of Chocolate,TV Show,Yes,"Nov 26, 2021",5,16,tt15172154,School of Chocolate,"Game-Show,Reality-TV",7.6,2716
2021-12-02,9,4,2,Bruised,Movie,Yes,"Nov 24, 2021",8,61,tt8310474,Bruised,"Drama,Sport",6.2,16721
2021-12-02,10,6,-,A Castle for Christmas,Movie,Yes,"Nov 26, 2021",6,29,tt13070602,A Castle for Christmas,"Adventure,Comedy,Drama",5.6,16763
2021-12-03,1,1,-,Lost in Space,TV Show,Yes,"Apr 13, 2018",2,20,tt5232792,Lost in Space,"Adventure,Drama,Family",7.3,111585
2021-12-03,2,2,1,True Story,TV Show,Yes,"Nov 24, 2021",9,88,tt2273657,True Story,"Biography,Crime,Drama",6.3,75317
2021-12-03,3,3,-,The Power of the Dog,Movie,Yes,"Dec 1, 2021",2,16,tt10293406,The Power of the Dog,"Drama,Western",6.8,203355
2021-12-03,4,4,7,The Queen of Flow,TV Show,Yes,"Nov 9, 2018",16,101,tt8560918,The Queen of Flow,"Drama,Music,Romance",7.7,1847
2021-12-03,5,5,4,Selling Sunset,TV Show,Yes,"Mar 22, 2019",16,91,tt9817298,Selling Sunset,Reality-TV,6.5,9114
2021-12-03,6,7,-,Life,Movie,,"Dec 1, 2021",2,9,tt5442430,Life,"Horror,Sci-Fi,Thriller",6.6,273231
2021-12-03,7,-,-,Single all the Way,Movie,Yes,"Dec 2, 2021",1,4,tt14315756,Single All the Way,"Comedy,Drama,Romance",6.2,21223
2021-12-03,8,-,-,Cocomelon,TV Show,,"Jun 1, 2020",390,1356,tt12427840,Cocomelon,"Adventure,Animation,Family",3.6,1419
2021-12-03,9,8,-,School of Chocolate,TV Show,Yes,"Nov 26, 2021",6,18,tt15172154,School of Chocolate,"Game-Show,Reality-TV",7.6,2716
2021-12-03,10,10,-,A Castle for Christmas,Movie,Yes,"Nov 26, 2021",7,30,tt13070602,A Castle for Christmas,"Adventure,Comedy,Drama",5.6,16763
2021-12-04,1,-,-,Money Heist,TV Show,Yes,"Dec 20, 2017",26,155,tt6468322,Money Heist,"Action,Crime,Drama",8.2,589289
2021-12-04,2,1,-,Lost in Space,TV Show,Yes,"Apr 13, 2018",3,29,tt5232792,Lost in Space,"Adventure,Drama,Family",7.3,111585
2021-12-04,3,3,-,The Power of the Dog,Movie,Yes,"Dec 1, 2021",3,24,tt10293406,The Power of the Dog,"Drama,Western",6.8,203355
2021-12-04,4,2,1,True Story,TV Show,Yes,"Nov 24, 2021",10,95,tt2273657,True Story,"Biography,Crime,Drama",6.3,75317
2021-12-04,5,-,-,Jurassic World: Camp Cretac…,TV Show,Yes,"Sep 18, 2020",25,153,,,,,
2021-12-04,6,4,6,The Queen of Flow,TV Show,Yes,"Nov 9, 2018",17,106,tt8560918,The Queen of Flow,"Drama,Music,Romance",7.7,1847
2021-12-04,7,5,3,Selling Sunset,TV Show,Yes,"Mar 22, 2019",17,95,tt9817298,Selling Sunset,Reality-TV,6.5,9114
2021-12-04,8,6,-,Life,Movie,,"Dec 1, 2021",3,12,tt5442430,Life,"Horror,Sci-Fi,Thriller",6.6,273231
2021-12-04,9,8,-,Cocomelon,TV Show,,"Jun 1, 2020",391,1358,tt12427840,Cocomelon,"Adventure,Animation,Family",3.6,1419
2021-12-04,10,7,-,Single all the Way,Movie,Yes,"Dec 2, 2021",2,5,tt14315756,Single All the Way,"Comedy,Drama,Romance",6.2,21223
2021-12-05,1,1,-,Money Heist,TV Show,Yes,"Dec 20, 2017",27,165,tt6468322,Money Heist,"Action,Crime,Drama",8.2,589289
2021-12-05,2,2,-,Lost in Space,TV Show,Yes,"Apr 13, 2018",4,38,tt5232792,Lost in Space,"Adventure,Drama,Family",7.3,111585
2021-12-05,3,4,1,True Story,TV Show,Yes,"Nov 24, 2021",11,103,tt2273657,True Story,"Biography,Crime,Drama",6.3,75317
2021-12-05,4,3,-,The Power of the Dog,Movie,Yes,"Dec 1, 2021",4,31,tt10293406,The Power of the Dog,"Drama,Western",6.8,203355
2021-12-05,5,5,-,Jurassic World: Camp Cretac…,TV Show,Yes,"Sep 18, 2020",26,159,,,,,
2021-12-05,6,6,5,The Queen of Flow,TV Show,Yes,"Nov 9, 2018",18,111,tt8560918,The Queen of Flow,"Drama,Music,Romance",7.7,1847
2021-12-05,7,8,-,Life,Movie,,"Dec 1, 2021",4,16,tt5442430,Life,"Horror,Sci-Fi,Thriller",6.6,273231
2021-12-05,8,10,-,Single All the Way,Movie,Yes,"Dec 2, 2021",3,8,tt14315756,Single All the Way,"Comedy,Drama,Romance",6.2,21223
2021-12-05,9,-,4,Red Notice,Movie,Yes,"Nov 12, 2021",20,158,tt7991608,Red Notice,"Action,Comedy,Thriller",6.3,347678
2021-12-05,10,7,3,Selling Sunset,TV Show,Yes,"Mar 22, 2019",18,96,tt9817298,Selling Sunset,Reality-TV,6.5,9114
2021-12-06,1,1,-,Money Heist,TV Show,Yes,"Dec 20, 2017",28,175,tt6468322,Money Heist,"Action,Crime,Drama",8.2,589289
2021-12-06,2,2,-,Lost in Space,TV Show,Yes,"Apr 13, 2018",5,47,tt5232792,Lost in Space,"Adventure,Drama,Family",7.3,111585
2021-12-06,3,3,1,True Story,TV Show,Yes,"Nov 24, 2021",12,111,tt2273657,True Story,"Biography,Crime,Drama",6.3,75317
2021-12-06,4,6,4,The Queen of Flow,TV Show,Yes,"Nov 9, 2018",19,118,tt8560918,The Queen of Flow,"Drama,Music,Romance",7.7,1847
2021-12-06,5,4,-,The Power of the Dog,Movie,Yes,"Dec 1, 2021",5,37,tt10293406,The Power of the Dog,"Drama,Western",6.8,203355
2021-12-06,6,5,-,Jurassic World Camp Cretaceous,TV Show,Yes,"Sep 18, 2020",27,164,,,,,
2021-12-06,7,8,-,Single All the Way,Movie,Yes,"Dec 2, 2021",4,12,tt14315756,Single All the Way,"Comedy,Drama,Romance",6.2,21223
2021-12-06,8,7,-,Life,Movie,,"Dec 1, 2021",5,19,tt5442430,Life,"Horror,Sci-Fi,Thriller",6.6,273231
2021-12-06,9,10,3,Selling Sunset,TV Show,Yes,"Mar 22, 2019",19,98,tt9817298,Selling Sunset,Reality-TV,6.5,9114
2021-12-06,10,9,6,Red Notice,Movie,Yes,"Nov 12, 2021",21,159,tt7991608,Red Notice,"Action,Comedy,Thriller",6.3,347678
2021-12-07,1,1,-,Money Heist,TV Show,Yes,"Dec 20, 2017",29,185,tt6468322,Money Heist,"Action,Crime,Drama",8.2,589289
2021-12-07,2,2,-,Lost in Space,TV Show,Yes,"Apr 13, 2018",6,56,tt5232792,Lost in Space,"Adventure,Drama,Family",7.3,111585
2021-12-07,3,4,3,The Queen of Flow,TV Show,Yes,"Nov 9, 2018",20,126,tt8560918,The Queen of Flow,"Drama,Music,Romance",7.7,1847
2021-12-07,4,3,1,True Story,TV Show,Yes,"Nov 24, 2021",13,118,tt2273657,True Story,"Biography,Crime,Drama",6.3,75317
2021-12-07,5,-,10,Cocomelon,TV Show,,"Jun 1, 2020",392,1364,tt12427840,Cocomelon,"Adventure,Animation,Family",3.6,1419
2021-12-07,6,9,2,Selling Sunset,TV Show,Yes,"Mar 22, 2019",20,103,tt9817298,Selling Sunset,Reality-TV,6.5,9114
2021-12-07,7,6,-,Jurassic World Camp Cretaceous,TV Show,Yes,"Sep 18, 2020",28,168,,,,,
2021-12-07,8,5,-,The Power of the Dog,Movie,Yes,"Dec 1, 2021",6,40,tt10293406,The Power of the Dog,"Drama,Western",6.8,203355
2021-12-07,9,8,-,Life,Movie,,"Dec 1, 2021",6,21,tt5442430,Life,"Horror,Sci-Fi,Thriller",6.6,273231
2021-12-07,10,7,-,Single All the Way,Movie,Yes,"Dec 2, 2021",5,13,tt14315756,Single All the Way,"Comedy,Drama,Romance",6.2,21223
2021-12-08,1,1,-,Money Heist,TV Show,Yes,"Dec 20, 2017",30,195,tt6468322,Money Heist,"Action,Crime,Drama",8.2,589289
2021-12-08,2,2,-,Lost in Space,TV Show,Yes,"Apr 13, 2018",7,65,tt5232792,Lost in Space,"Adventure,Drama,Family",7.3,111585
2021-12-08,3,3,2,The Queen of Flow,TV Show,Yes,"Nov 9, 2018",21,134,tt8560918,The Queen of Flow,"Drama,Music,Romance",7.7,1847
2021-12-08,4,4,1,True Story,TV Show,Yes,"Nov 24, 2021",14,125,tt2273657,True Story,"Biography,Crime,Drama",6.3,75317
2021-12-08,5,5,9,Cocomelon,TV Show,,"Jun 1, 2020",393,1370,tt12427840,Cocomelon,"Adventure,Animation,Family",3.6,1419
2021-12-08,6,6,3,Selling Sunset,TV Show,Yes,"Mar 22, 2019",21,108,tt9817298,Selling Sunset,Reality-TV,6.5,9114
2021-12-08,7,8,-,The Power of the Dog,Movie,Yes,"Dec 1, 2021",7,44,tt10293406,The Power of the Dog,"Drama,Western",6.8,203355
2021-12-08,8,7,-,Jurassic World Camp Cretaceous,TV Show,Yes,"Sep 18, 2020",29,171,,,,,
2021-12-08,9,9,-,Life,Movie,,"Dec 1, 2021",7,23,tt5442430,Life,"Horror,Sci-Fi,Thriller",6.6,273231
2021-12-08,10,-,-,Ink Master,TV Show,,"Sep 15, 2014",1,1,tt1865740,Ink Master,"Game-Show,Reality-TV",7.4,5274
2021-12-09,1,1,-,Money Heist,TV Show,Yes,"Dec 20, 2017",31,205,tt6468322,Money Heist,"Action,Crime,Drama",8.2,589289
2021-12-09,2,2,1,Lost in Space,TV Show,Yes,"Apr 13, 2018",8,74,tt5232792,Lost in Space,"Adventure,Drama,Family",7.3,111585
2021-12-09,3,3,4,The Queen of Flow,TV Show,Yes,"Nov 9, 2018",22,142,tt8560918,The Queen of Flow,"Drama,Music,Romance",7.7,1847
2021-12-09,4,4,2,True Story,TV Show,Yes,"Nov 24, 2021",15,132,tt2273657,True Story,"Biography,Crime,Drama",6.3,75317
2021-12-09,5,5,-,Cocomelon,TV Show,,"Jun 1, 2020",394,1376,tt12427840,Cocomelon,"Adventure,Animation,Family",3.6,1419
2021-12-09,6,6,5,Selling Sunset,TV Show,Yes,"Mar 22, 2019",22,113,tt9817298,Selling Sunset,Reality-TV,6.5,9114
2021-12-09,7,-,-,Law Abiding Citizen,Movie,,"Dec 16, 2018",1,4,tt1197624,Law Abiding Citizen,"Action,Crime,Drama",7.4,340641
2021-12-09,8,10,-,Ink Master,TV Show,,"Sep 15, 2014",2,4,tt1865740,Ink Master,"Game-Show,Reality-TV",7.4,5274
2021-12-09,9,8,-,Jurassic World Camp Cretaceous,TV Show,Yes,"Sep 18, 2020",30,173,,,,,
2021-12-09,10,7,3,The Power of the Dog,Movie,Yes,"Dec 1, 2021",8,45,tt10293406,The Power of the Dog,"Drama,Western",6.8,203355
2021-12-10,1,1,-,Money Heist,TV Show,Yes,"Dec 20, 2017",32,215,tt6468322,Money Heist,"Action,Crime,Drama",8.2,589289
2021-12-10,2,2,1,Lost in Space,TV Show,Yes,"Apr 13, 2018",9,83,tt5232792,Lost in Space,"Adventure,Drama,Family",7.3,111585
2021-12-10,3,3,4,The Queen of Flow,TV Show,Yes,"Nov 9, 2018",23,150,tt8560918,The Queen of Flow,"Drama,Music,Romance",7.7,1847
2021-12-10,4,-,-,Peter Rabbit 2,Movie,,"Dec 9, 2021",1,7,tt14410324,Peter Rabbit 2,Family,,0
2021-12-10,5,5,8,Cocomelon,TV Show,,"Jun 1, 2020",395,1382,tt12427840,Cocomelon,"Adventure,Animation,Family",3.6,1419
2021-12-10,6,4,2,True Story,TV Show,Yes,"Nov 24, 2021",16,137,tt2273657,True Story,"Biography,Crime,Drama",6.3,75317
2021-12-10,7,7,-,Law Abiding Citizen,Movie,,"Dec 16, 2018",2,8,tt1197624,Law Abiding Citizen,"Action,Crime,Drama",7.4,340641
2021-12-10,8,8,-,Ink Master,TV Show,,"Sep 15, 2014",3,7,tt1865740,Ink Master,"Game-Show,Reality-TV",7.4,5274
2021-12-10,9,6,5,Selling Sunset,TV Show,Yes,"Mar 22, 2019",23,115,tt9817298,Selling Sunset,Reality-TV,6.5,9114
2021-12-10,10,9,-,Jurassic World Camp Cretaceous,TV Show,Yes,"Sep 18, 2020",31,174,,,,,
2021-12-11,1,-,-,The Unforgivable,Movie,Yes,"Dec 10, 2021",1,10,tt11233960,The Unforgivable,"Crime,Drama,Mystery",7.2,126318
2021-12-11,2,2,2,Lost in Space,TV Show,Yes,"Apr 13, 2018",10,92,tt5232792,Lost in Space,"Adventure,Drama,Family",7.3,111585
2021-12-11,3,3,6,The Queen of Flow,TV Show,Yes,"Nov 9, 2018",24,158,tt8560918,The Queen of Flow,"Drama,Music,Romance",7.7,1847
2021-12-11,4,1,1,Money Heist,TV Show,Yes,"Dec 20, 2017",33,222,tt6468322,Money Heist,"Action,Crime,Drama",8.2,589289
2021-12-11,5,4,-,Peter Rabbit 2,Movie,,"Dec 9, 2021",2,13,tt14410324,Peter Rabbit 2,Family,,0
2021-12-11,6,5,9,Cocomelon,TV Show,,"Jun 1, 2020",396,1387,tt12427840,Cocomelon,"Adventure,Animation,Family",3.6,1419
2021-12-11,7,7,-,Law Abiding Citizen,Movie,,"Dec 16, 2018",3,12,tt1197624,Law Abiding Citizen,"Action,Crime,Drama",7.4,340641
2021-12-11,8,-,-,Back to the Outback,Movie,Yes,"Dec 10, 2021",1,3,tt13575806,Back to the Outback,"Adventure,Animation,Comedy",6.5,12034
2021-12-11,9,6,4,True Story,TV Show,Yes,"Nov 24, 2021",17,139,tt2273657,True Story,"Biography,Crime,Drama",6.3,75317
2021-12-11,10,-,-,Red Notice,Movie,Yes,"Nov 12, 2021",22,160,tt7991608,Red Notice,"Action,Comedy,Thriller",6.3,347678
2021-12-12,1,1,-,The Unforgivable,Movie,Yes,"Dec 10, 2021",2,20,tt11233960,The Unforgivable,"Crime,Drama,Mystery",7.2,126318
2021-12-12,2,-,-,The Shack,Movie,,"Dec 10, 2021",1,9,tt2872518,The Shack,"Drama,Fantasy",6.3,41992
2021-12-12,3,2,2,Lost in Space,TV Show,Yes,"Apr 13, 2018",11,100,tt5232792,Lost in Space,"Adventure,Drama,Family",7.3,111585
2021-12-12,4,8,-,Back to the Outback,Movie,Yes,"Dec 10, 2021",2,10,tt13575806,Back to the Outback,"Adventure,Animation,Comedy",6.5,12034
2021-12-12,5,4,1,Money Heist,TV Show,Yes,"Dec 20, 2017",34,228,tt6468322,Money Heist,"Action,Crime,Drama",8.2,589289
2021-12-12,6,3,6,The Queen of Flow,TV Show,Yes,"Nov 9, 2018",25,163,tt8560918,The Queen of Flow,"Drama,Music,Romance",7.7,1847
2021-12-12,7,7,-,Law Abiding Citizen,Movie,,"Dec 16, 2018",4,16,tt1197624,Law Abiding Citizen,"Action,Crime,Drama",7.4,340641
2021-12-12,8,5,-,Peter Rabbit 2,Movie,,"Dec 9, 2021",3,16,tt14410324,Peter Rabbit 2,Family,,0
2021-12-12,9,10,9,Red Notice,Movie,Yes,"Nov 12, 2021",23,162,tt7991608,Red Notice,"Action,Comedy,Thriller",6.3,347678
2021-12-12,10,6,-,Cocomelon,TV Show,,"Jun 1, 2020",397,1388,tt12427840,Cocomelon,"Adventure,Animation,Family",3.6,1419
2021-12-13,1,1,-,The Unforgivable,Movie,Yes,"Dec 10, 2021",3,30,tt11233960,The Unforgivable,"Crime,Drama,Mystery",7.2,126318
2021-12-13,2,2,-,The Shack,Movie,,"Dec 10, 2021",2,18,tt2872518,The Shack,"Drama,Fantasy",6.3,41992
2021-12-13,3,4,-,Back to the Outback,Movie,Yes,"Dec 10, 2021",3,18,tt13575806,Back to the Outback,"Adventure,Animation,Comedy",6.5,12034
2021-12-13,4,3,2,Lost in Space,TV Show,Yes,"Apr 13, 2018",12,107,tt5232792,Lost in Space,"Adventure,Drama,Family",7.3,111585
2021-12-13,5,6,4,The Queen of Flow,TV Show,Yes,"Nov 9, 2018",26,169,tt8560918,The Queen of Flow,"Drama,Music,Romance",7.7,1847
2021-12-13,6,5,1,Money Heist,TV Show,Yes,"Dec 20, 2017",35,233,tt6468322,Money Heist,"Action,Crime,Drama",8.2,589289
2021-12-13,7,7,-,Law Abiding Citizen,Movie,,"Dec 16, 2018",5,20,tt1197624,Law Abiding Citizen,"Action,Crime,Drama",7.4,340641
2021-12-13,8,8,-,Peter Rabbit 2,Movie,,"Dec 9, 2021",4,19,tt14410324,Peter Rabbit 2,Family,,0
2021-12-13,9,-,-,Twentysomethings: Austin,TV Show,Yes,"Dec 10, 2021",1,2,tt15204216,Twentysomethings: Austin,Reality-TV,6.2,634
2021-12-13,10,-,-,The Witcher,TV Show,Yes,"Dec 20, 2019",1,1,tt5180504,The Witcher,"Action,Adventure,Drama",7.9,611943
2021-12-14,1,1,-,The Unforgivable,Movie,Yes,"Dec 10, 2021",4,40,tt11233960,The Unforgivable,"Crime,Drama,Mystery",7.2,126318
2021-12-14,2,2,-,The Shack,Movie,,"Dec 10, 2021",3,27,tt2872518,The Shack,"Drama,Fantasy",6.3,41992
2021-12-14,3,3,-,Back to the Outback,Movie,Yes,"Dec 10, 2021",4,26,tt13575806,Back to the Outback,"Adventure,Animation,Comedy",6.5,12034
2021-12-14,4,5,3,The Queen of Flow,TV Show,Yes,"Nov 9, 2018",27,176,tt8560918,The Queen of Flow,"Drama,Music,Romance",7.7,1847
2021-12-14,5,4,2,Lost in Space,TV Show,Yes,"Apr 13, 2018",13,113,tt5232792,Lost in Space,"Adventure,Drama,Family",7.3,111585
2021-12-14,6,10,-,The Witcher,TV Show,Yes,"Dec 20, 2019",2,6,tt5180504,The Witcher,"Action,Adventure,Drama",7.9,611943
2021-12-14,7,7,-,Law Abiding Citizen,Movie,,"Dec 16, 2018",6,24,tt1197624,Law Abiding Citizen,"Action,Crime,Drama",7.4,340641
2021-12-14,8,6,1,Money Heist,TV Show,Yes,"Dec 20, 2017",36,236,tt6468322,Money Heist,"Action,Crime,Drama",8.2,589289
2021-12-14,9,-,5,Cocomelon,TV Show,,"Jun 1, 2020",398,1390,tt12427840,Cocomelon,"Adventure,Animation,Family",3.6,1419
2021-12-14,10,9,-,Twentysomethings: Austin,TV Show,Yes,"Dec 10, 2021",2,3,tt15204216,Twentysomethings: Austin,Reality-TV,6.2,634
2021-12-15,1,1,-,The Unforgivable,Movie,Yes,"Dec 10, 2021",5,50,tt11233960,The Unforgivable,"Crime,Drama,Mystery",7.2,126318
2021-12-15,2,2,-,The Shack,Movie,,"Dec 10, 2021",4,36,tt2872518,The Shack,"Drama,Fantasy",6.3,41992
2021-12-15,3,3,-,Back to the Outback,Movie,Yes,"Dec 10, 2021",5,34,tt13575806,Back to the Outback,"Adventure,Animation,Comedy",6.5,12034
2021-12-15,4,4,3,The Queen of Flow,TV Show,Yes,"Nov 9, 2018",28,183,tt8560918,The Queen of Flow,"Drama,Music,Romance",7.7,1847
2021-12-15,5,6,-,The Witcher,TV Show,Yes,"Dec 20, 2019",3,12,tt5180504,The Witcher,"Action,Adventure,Drama",7.9,611943
2021-12-15,6,5,2,Lost in Space,TV Show,Yes,"Apr 13, 2018",14,118,tt5232792,Lost in Space,"Adventure,Drama,Family",7.3,111585
2021-12-15,7,7,-,Law Abiding Citizen,Movie,,"Dec 16, 2018",7,28,tt1197624,Law Abiding Citizen,"Action,Crime,Drama",7.4,340641
2021-12-15,8,9,5,Cocomelon,TV Show,,"Jun 1, 2020",399,1393,tt12427840,Cocomelon,"Adventure,Animation,Family",3.6,1419
2021-12-15,9,8,1,Money Heist,TV Show,Yes,"Dec 20, 2017",37,238,tt6468322,Money Heist,"Action,Crime,Drama",8.2,589289
2021-12-15,10,10,-,Twentysomethings: Austin,TV Show,Yes,"Dec 10, 2021",3,4,tt15204216,Twentysomethings: Austin,Reality-TV,6.2,634
2021-12-16,1,1,-,The Unforgivable,Movie,Yes,"Dec 10, 2021",6,60,tt11233960,The Unforgivable,"Crime,Drama,Mystery",7.2,126318
2021-12-16,2,2,-,The Shack,Movie,,"Dec 10, 2021",5,45,tt2872518,The Shack,"Drama,Fantasy",6.3,41992
2021-12-16,3,-,-,Selling Tampa,TV Show,Yes,"Dec 15, 2021",1,8,tt16227948,Selling Tampa,Reality-TV,4.7,1171
2021-12-16,4,3,-,Back to the Outback,Movie,Yes,"Dec 10, 2021",6,41,tt13575806,Back to the Outback,"Adventure,Animation,Comedy",6.5,12034
2021-12-16,5,5,-,The Witcher,TV Show,Yes,"Dec 20, 2019",4,18,tt5180504,The Witcher,"Action,Adventure,Drama",7.9,611943
2021-12-16,6,4,3,The Queen of Flow,TV Show,Yes,"Nov 9, 2018",29,188,tt8560918,The Queen of Flow,"Drama,Music,Romance",7.7,1847
2021-12-16,7,6,2,Lost in Space,TV Show,Yes,"Apr 13, 2018",15,122,tt5232792,Lost in Space,"Adventure,Drama,Family",7.3,111585
2021-12-16,8,8,5,Cocomelon,TV Show,,"Jun 1, 2020",400,1396,tt12427840,Cocomelon,"Adventure,Animation,Family",3.6,1419
2021-12-16,9,7,7,Law Abiding Citizen,Movie,,"Dec 16, 2018",8,30,tt1197624,Law Abiding Citizen,"Action,Crime,Drama",7.4,340641
2021-12-16,10,9,1,Money Heist,TV Show,Yes,"Dec 20, 2017",38,239,tt6468322,Money Heist,"Action,Crime,Drama",8.2,589289
2021-12-17,1,1,-,The Unforgivable,Movie,Yes,"Dec 10, 2021",7,70,tt11233960,The Unforgivable,"Crime,Drama,Mystery",7.2,126318
2021-12-17,2,-,-,A California Christmas: Cit…,Movie,Yes,"Dec 16, 2021",1,9,,,,,
2021-12-17,3,3,-,Selling Tampa,TV Show,Yes,"Dec 15, 2021",2,16,tt16227948,Selling Tampa,Reality-TV,4.7,1171
2021-12-17,4,2,-,The Shack,Movie,,"Dec 10, 2021",6,52,tt2872518,The Shack,"Drama,Fantasy",6.3,41992
2021-12-17,5,5,-,The Witcher,TV Show,Yes,"Dec 20, 2019",5,24,tt5180504,The Witcher,"Action,Adventure,Drama",7.9,611943
2021-12-17,6,4,-,Back to the Outback,Movie,Yes,"Dec 10, 2021",7,46,tt13575806,Back to the Outback,"Adventure,Animation,Comedy",6.5,12034
2021-12-17,7,6,3,The Queen of Flow,TV Show,Yes,"Nov 9, 2018",30,192,tt8560918,The Queen of Flow,"Drama,Music,Romance",7.7,1847
2021-12-17,8,8,5,Cocomelon,TV Show,,"Jun 1, 2020",401,1399,tt12427840,Cocomelon,"Adventure,Animation,Family",3.6,1419
2021-12-17,9,7,2,Lost in Space,TV Show,Yes,"Apr 13, 2018",16,124,tt5232792,Lost in Space,"Adventure,Drama,Family",7.3,111585
2021-12-17,10,10,1,Money Heist,TV Show,Yes,"Dec 20, 2017",39,240,tt6468322,Money Heist,"Action,Crime,Drama",8.2,589289
2021-12-18,1,5,-,The Witcher,TV Show,Yes,"Dec 20, 2019",6,34,tt5180504,The Witcher,"Action,Adventure,Drama",7.9,611943
2021-12-18,2,1,1,The Unforgivable,Movie,Yes,"Dec 10, 2021",8,79,tt11233960,The Unforgivable,"Crime,Drama,Mystery",7.2,126318
2021-12-18,3,3,-,Selling Tampa,TV Show,Yes,"Dec 15, 2021",3,24,tt16227948,Selling Tampa,Reality-TV,4.7,1171
2021-12-18,4,2,-,A California Christmas: Cit…,Movie,Yes,"Dec 16, 2021",2,16,,,,,
2021-12-18,5,6,8,Back to the Outback,Movie,Yes,"Dec 10, 2021",8,52,tt13575806,Back to the Outback,"Adventure,Animation,Comedy",6.5,12034
2021-12-18,6,4,-,The Shack,Movie,,"Dec 10, 2021",7,57,tt2872518,The Shack,"Drama,Fantasy",6.3,41992
2021-12-18,7,7,3,The Queen of Flow,TV Show,Yes,"Nov 9, 2018",31,196,tt8560918,The Queen of Flow,"Drama,Music,Romance",7.7,1847
2021-12-18,8,-,-,Twentysomethings: Austin,TV Show,Yes,"Dec 10, 2021",4,7,tt15204216,Twentysomethings: Austin,Reality-TV,6.2,634
2021-12-18,9,8,6,Cocomelon,TV Show,,"Jun 1, 2020",402,1401,tt12427840,Cocomelon,"Adventure,Animation,Family",3.6,1419
2021-12-18,10,9,2,Lost in Space,TV Show,Yes,"Apr 13, 2018",17,125,tt5232792,Lost in Space,"Adventure,Drama,Family",7.3,111585
2021-12-19,1,1,-,The Witcher,TV Show,Yes,"Dec 20, 2019",7,44,tt5180504,The Witcher,"Action,Adventure,Drama",7.9,611943
2021-12-19,2,2,1,The Unforgivable,Movie,Yes,"Dec 10, 2021",9,88,tt11233960,The Unforgivable,"Crime,Drama,Mystery",7.2,126318
2021-12-19,3,4,-,A California Christmas: Cit…,Movie,Yes,"Dec 16, 2021",3,24,,,,,
2021-12-19,4,3,-,Selling Tampa,TV Show,Yes,"Dec 15, 2021",4,31,tt16227948,Selling Tampa,Reality-TV,4.7,1171
2021-12-19,5,5,4,Back to the Outback,Movie,Yes,"Dec 10, 2021",9,58,tt13575806,Back to the Outback,"Adventure,Animation,Comedy",6.5,12034
2021-12-19,6,6,2,The Shack,Movie,,"Dec 10, 2021",8,62,tt2872518,The Shack,"Drama,Fantasy",6.3,41992
2021-12-19,7,8,-,Twentysomethings: Austin,TV Show,Yes,"Dec 10, 2021",5,11,tt15204216,Twentysomethings: Austin,Reality-TV,6.2,634
2021-12-19,8,7,6,The Queen of Flow,TV Show,Yes,"Nov 9, 2018",32,199,tt8560918,The Queen of Flow,"Drama,Music,Romance",7.7,1847
2021-12-19,9,9,10,Cocomelon,TV Show,,"Jun 1, 2020",403,1403,tt12427840,Cocomelon,"Adventure,Animation,Family",3.6,1419
2021-12-19,10,10,3,Lost in Space,TV Show,Yes,"Apr 13, 2018",18,126,tt5232792,Lost in Space,"Adventure,Drama,Family",7.3,111585
2021-12-20,1,1,10,The Witcher,TV Show,Yes,"Dec 20, 2019",8,54,tt5180504,The Witcher,"Action,Adventure,Drama",7.9,611943
2021-12-20,2,2,1,The Unforgivable,Movie,Yes,"Dec 10, 2021",10,97,tt11233960,The Unforgivable,"Crime,Drama,Mystery",7.2,126318
2021-12-20,3,3,-,A California Christmas: Cit…,Movie,Yes,"Dec 16, 2021",4,32,,,,,
2021-12-20,4,5,3,Back to the Outback,Movie,Yes,"Dec 10, 2021",10,65,tt13575806,Back to the Outback,"Adventure,Animation,Comedy",6.5,12034
2021-12-20,5,4,-,Selling Tampa,TV Show,Yes,"Dec 15, 2021",5,37,tt16227948,Selling Tampa,Reality-TV,4.7,1171
2021-12-20,6,7,9,Twentysomethings: Austin,TV Show,Yes,"Dec 10, 2021",6,16,tt15204216,Twentysomethings: Austin,Reality-TV,6.2,634
2021-12-20,7,6,2,The Shack,Movie,,"Dec 10, 2021",9,66,tt2872518,The Shack,"Drama,Fantasy",6.3,41992
2021-12-20,8,8,5,The Queen of Flow,TV Show,Yes,"Nov 9, 2018",33,202,tt8560918,The Queen of Flow,"Drama,Music,Romance",7.7,1847
2021-12-20,9,9,-,Cocomelon,TV Show,,"Jun 1, 2020",404,1405,tt12427840,Cocomelon,"Adventure,Animation,Family",3.6,1419
2021-12-20,10,10,4,Lost in Space,TV Show,Yes,"Apr 13, 2018",19,127,tt5232792,Lost in Space,"Adventure,Drama,Family",7.3,111585
2021-12-21,1,1,6,The Witcher,TV Show,Yes,"Dec 20, 2019",9,64,tt5180504,The Witcher,"Action,Adventure,Drama",7.9,611943
2021-12-21,2,2,1,The Unforgivable,Movie,Yes,"Dec 10, 2021",11,106,tt11233960,The Unforgivable,"Crime,Drama,Mystery",7.2,126318
2021-12-21,3,4,3,Back to the Outback,Movie,Yes,"Dec 10, 2021",11,73,tt13575806,Back to the Outback,"Adventure,Animation,Comedy",6.5,12034
2021-12-21,4,5,-,Selling Tampa,TV Show,Yes,"Dec 15, 2021",6,44,tt16227948,Selling Tampa,Reality-TV,4.7,1171
2021-12-21,5,8,4,The Queen of Flow,TV Show,Yes,"Nov 9, 2018",34,208,tt8560918,The Queen of Flow,"Drama,Music,Romance",7.7,1847
2021-12-21,6,3,-,A California Christmas: Cit…,Movie,Yes,"Dec 16, 2021",5,37,,,,,
2021-12-21,7,6,10,Twentysomethings: Austin,TV Show,Yes,"Dec 10, 2021",7,20,tt15204216,Twentysomethings: Austin,Reality-TV,6.2,634
2021-12-21,8,9,9,Cocomelon,TV Show,,"Jun 1, 2020",405,1408,tt12427840,Cocomelon,"Adventure,Animation,Family",3.6,1419
2021-12-21,9,7,2,The Shack,Movie,,"Dec 10, 2021",10,68,tt2872518,The Shack,"Drama,Fantasy",6.3,41992
2021-12-21,10,10,5,Lost in Space,TV Show,Yes,"Apr 13, 2018",20,128,tt5232792,Lost in Space,"Adventure,Drama,Family",7.3,111585
2021-12-22,1,1,5,The Witcher,TV Show,Yes,"Dec 20, 2019",10,74,tt5180504,The Witcher,"Action,Adventure,Drama",7.9,611943
2021-12-22,2,2,1,The Unforgivable,Movie,Yes,"Dec 10, 2021",12,115,tt11233960,The Unforgivable,"Crime,Drama,Mystery",7.2,126318
2021-12-22,3,3,3,Back to the Outback,Movie,Yes,"Dec 10, 2021",12,81,tt13575806,Back to the Outback,"Adventure,Animation,Comedy",6.5,12034
2021-12-22,4,5,4,The Queen of Flow,TV Show,Yes,"Nov 9, 2018",35,215,tt8560918,The Queen of Flow,"Drama,Music,Romance",7.7,1847
2021-12-22,5,4,-,Selling Tampa,TV Show,Yes,"Dec 15, 2021",7,50,tt16227948,Selling Tampa,Reality-TV,4.7,1171
2021-12-22,6,8,8,Cocomelon,TV Show,,"Jun 1, 2020",406,1413,tt12427840,Cocomelon,"Adventure,Animation,Family",3.6,1419
2021-12-22,7,7,10,Twentysomethings: Austin,TV Show,Yes,"Dec 10, 2021",8,24,tt15204216,Twentysomethings: Austin,Reality-TV,6.2,634
2021-12-22,8,-,-,Grumpy Christmas,Movie,Yes,"Dec 21, 2021",1,3,tt15565724,Grumpy Christmas,Comedy,4.5,484
2021-12-22,9,6,-,A California Christmas: Cit…,Movie,Yes,"Dec 16, 2021",6,39,,,,,
2021-12-22,10,10,6,Lost in Space,TV Show,Yes,"Apr 13, 2018",21,129,tt5232792,Lost in Space,"Adventure,Drama,Family",7.3,111585
2021-12-23,1,1,5,The Witcher,TV Show,Yes,"Dec 20, 2019",11,84,tt5180504,The Witcher,"Action,Adventure,Drama",7.9,611943
2021-12-23,2,-,-,Emily in Paris,TV Show,Yes,"Oct 2, 2020",22,166,tt8962124,Emily in Paris,"Comedy,Drama,Romance",6.8,135858
2021-12-23,3,2,1,The Unforgivable,Movie,Yes,"Dec 10, 2021",13,123,tt11233960,The Unforgivable,"Crime,Drama,Mystery",7.2,126318
2021-12-23,4,3,4,Back to the Outback,Movie,Yes,"Dec 10, 2021",13,88,tt13575806,Back to the Outback,"Adventure,Animation,Comedy",6.5,12034
2021-12-23,5,4,6,The Queen of Flow,TV Show,Yes,"Nov 9, 2018",36,221,tt8560918,The Queen of Flow,"Drama,Music,Romance",7.7,1847
2021-12-23,6,6,8,Cocomelon,TV Show,,"Jun 1, 2020",407,1418,tt12427840,Cocomelon,"Adventure,Animation,Family",3.6,1419
2021-12-23,7,5,3,Selling Tampa,TV Show,Yes,"Dec 15, 2021",8,54,tt16227948,Selling Tampa,Reality-TV,4.7,1171
2021-12-23,8,-,-,The Christmas Chronicles,Movie,Yes,"Nov 22, 2018",9,26,tt2990140,The Christmas Chronicles,"Adventure,Comedy,Family",7.0,90581
2021-12-23,9,7,-,Twentysomethings: Austin,TV Show,Yes,"Dec 10, 2021",9,26,tt15204216,Twentysomethings: Austin,Reality-TV,6.2,634
2021-12-23,10,10,7,Lost in Space,TV Show,Yes,"Apr 13, 2018",22,130,tt5232792,Lost in Space,"Adventure,Drama,Family",7.3,111585
2021-12-24,1,1,5,The Witcher,TV Show,Yes,"Dec 20, 2019",12,94,tt5180504,The Witcher,"Action,Adventure,Drama",7.9,611943
2021-12-24,2,2,-,Emily in Paris,TV Show,Yes,"Oct 2, 2020",23,175,tt8962124,Emily in Paris,"Comedy,Drama,Romance",6.8,135858
2021-12-24,3,3,1,The Unforgivable,Movie,Yes,"Dec 10, 2021",14,131,tt11233960,The Unforgivable,"Crime,Drama,Mystery",7.2,126318
2021-12-24,4,4,6,Back to the Outback,Movie,Yes,"Dec 10, 2021",14,95,tt13575806,Back to the Outback,"Adventure,Animation,Comedy",6.5,12034
2021-12-24,5,8,-,The Christmas Chronicles,Movie,Yes,"Nov 22, 2018",10,32,tt2990140,The Christmas Chronicles,"Adventure,Comedy,Family",7.0,90581
2021-12-24,6,6,8,Cocomelon,TV Show,,"Jun 1, 2020",408,1423,tt12427840,Cocomelon,"Adventure,Animation,Family",3.6,1419
2021-12-24,7,5,7,The Queen of Flow,TV Show,Yes,"Nov 9, 2018",37,225,tt8560918,The Queen of Flow,"Drama,Music,Romance",7.7,1847
2021-12-24,8,-,-,WWII in Color: Road to Victory,TV Show,Yes,"Dec 22, 2021",1,3,tt16477402,WWII in Color: Road to Victory,"Documentary,History,War",8.2,3175
2021-12-24,9,7,3,Selling Tampa,TV Show,Yes,"Dec 15, 2021",9,56,tt16227948,Selling Tampa,Reality-TV,4.7,1171
2021-12-24,10,-,-,The Christmas Chronicles 2,Movie,Yes,"Nov 25, 2020",22,122,,,,,
2021-12-25,1,-,-,Donât Look Up,Movie,Yes,"Dec 24, 2021",1,10,,,,,
2021-12-25,2,1,1,The Witcher,TV Show,Yes,"Dec 20, 2019",13,103,tt5180504,The Witcher,"Action,Adventure,Drama",7.9,611943
2021-12-25,3,2,-,Emily in Paris,TV Show,Yes,"Oct 2, 2020",24,183,tt8962124,Emily in Paris,"Comedy,Drama,Romance",6.8,135858
2021-12-25,4,5,-,The Christmas Chronicles,Movie,Yes,"Nov 22, 2018",11,39,tt2990140,The Christmas Chronicles,"Adventure,Comedy,Family",7.0,90581
2021-12-25,5,10,-,The Christmas Chronicles 2,Movie,Yes,"Nov 25, 2020",23,128,,,,,
2021-12-25,6,3,2,The Unforgivable,Movie,Yes,"Dec 10, 2021",15,136,tt11233960,The Unforgivable,"Crime,Drama,Mystery",7.2,126318
2021-12-25,7,4,5,Back to the Outback,Movie,Yes,"Dec 10, 2021",15,99,tt13575806,Back to the Outback,"Adventure,Animation,Comedy",6.5,12034
2021-12-25,8,-,-,A Boy Called Christmas,Movie,Yes,"Nov 24, 2021",8,22,tt10187208,A Boy Called Christmas,"Adventure,Drama,Family",6.7,29908
2021-12-25,9,6,9,Cocomelon,TV Show,,"Jun 1, 2020",409,1425,tt12427840,Cocomelon,"Adventure,Animation,Family",3.6,1419
2021-12-25,10,-,-,White Christmas,Movie,,"Nov 15, 2020",1,1,tt3973198,White Christmas,"Crime,Drama,Mystery",9.1,77796
2021-12-26,1,1,-,Donât Look Up,Movie,Yes,"Dec 24, 2021",2,20,,,,,
2021-12-26,2,2,1,The Witcher,TV Show,Yes,"Dec 20, 2019",14,112,tt5180504,The Witcher,"Action,Adventure,Drama",7.9,611943
2021-12-26,3,3,-,Emily in Paris,TV Show,Yes,"Oct 2, 2020",25,191,tt8962124,Emily in Paris,"Comedy,Drama,Romance",6.8,135858
2021-12-26,4,4,-,The Christmas Chronicles,Movie,Yes,"Nov 22, 2018",12,46,tt2990140,The Christmas Chronicles,"Adventure,Comedy,Family",7.0,90581
2021-12-26,5,6,2,The Unforgivable,Movie,Yes,"Dec 10, 2021",16,142,tt11233960,The Unforgivable,"Crime,Drama,Mystery",7.2,126318
2021-12-26,6,-,-,The Silent Sea,TV Show,Yes,"Dec 24, 2021",1,5,tt11570202,The Silent Sea,"Adventure,Drama,Horror",6.9,27985
2021-12-26,7,5,-,The Christmas Chronicles 2,Movie,Yes,"Nov 25, 2020",24,132,,,,,
2021-12-26,8,8,-,A Boy Called Christmas,Movie,Yes,"Nov 24, 2021",9,25,tt10187208,A Boy Called Christmas,"Adventure,Drama,Family",6.7,29908
2021-12-26,9,-,8,The Queen of Flow,TV Show,Yes,"Nov 9, 2018",38,227,tt8560918,The Queen of Flow,"Drama,Music,Romance",7.7,1847
2021-12-26,10,-,-,Daughter From Another Mother,TV Show,Yes,"Jan 20, 2021",1,1,tt11937732,Daughter from Another Mother,"Comedy,Drama",7.2,2653
2021-12-27,1,1,-,Donât Look Up,Movie,Yes,"Dec 24, 2021",3,30,,,,,
2021-12-27,2,2,1,The Witcher,TV Show,Yes,"Dec 20, 2019",15,121,tt5180504,The Witcher,"Action,Adventure,Drama",7.9,611943
2021-12-27,3,3,-,Emily in Paris,TV Show,Yes,"Oct 2, 2020",26,199,tt8962124,Emily in Paris,"Comedy,Drama,Romance",6.8,135858
2021-12-27,4,6,-,The Silent Sea,TV Show,Yes,"Dec 24, 2021",2,12,tt11570202,The Silent Sea,"Adventure,Drama,Horror",6.9,27985
2021-12-27,5,5,2,The Unforgivable,Movie,Yes,"Dec 10, 2021",17,148,tt11233960,The Unforgivable,"Crime,Drama,Mystery",7.2,126318
2021-12-27,6,9,8,The Queen of Flow,TV Show,Yes,"Nov 9, 2018",39,232,tt8560918,The Queen of Flow,"Drama,Music,Romance",7.7,1847
2021-12-27,7,10,-,Daughter From Another Mother,TV Show,Yes,"Jan 20, 2021",2,5,tt11937732,Daughter from Another Mother,"Comedy,Drama",7.2,2653
2021-12-27,8,-,4,Back to the Outback,Movie,Yes,"Dec 10, 2021",16,102,tt13575806,Back to the Outback,"Adventure,Animation,Comedy",6.5,12034
2021-12-27,9,-,9,Cocomelon,TV Show,,"Jun 1, 2020",410,1427,tt12427840,Cocomelon,"Adventure,Animation,Family",3.6,1419
2021-12-27,10,-,-,WWII in Color: Road to Victory,TV Show,Yes,"Dec 22, 2021",2,4,tt16477402,WWII in Color: Road to Victory,"Documentary,History,War",8.2,3175
2021-12-28,1,1,-,Donât Look Up,Movie,Yes,"Dec 24, 2021",4,40,,,,,
2021-12-28,2,2,1,The Witcher,TV Show,Yes,"Dec 20, 2019",16,130,tt5180504,The Witcher,"Action,Adventure,Drama",7.9,611943
2021-12-28,3,3,-,Emily in Paris,TV Show,Yes,"Oct 2, 2020",27,207,tt8962124,Emily in Paris,"Comedy,Drama,Romance",6.8,135858
2021-12-28,4,4,-,The Silent Sea,TV Show,Yes,"Dec 24, 2021",3,19,tt11570202,The Silent Sea,"Adventure,Drama,Horror",6.9,27985
2021-12-28,5,5,2,The Unforgivable,Movie,Yes,"Dec 10, 2021",18,154,tt11233960,The Unforgivable,"Crime,Drama,Mystery",7.2,126318
2021-12-28,6,6,5,The Queen of Flow,TV Show,Yes,"Nov 9, 2018",40,237,tt8560918,The Queen of Flow,"Drama,Music,Romance",7.7,1847
2021-12-28,7,-,-,Death to 2021,Movie,Yes,"Dec 27, 2021",1,4,tt16301388,Death to 2021,Comedy,6.3,16239
2021-12-28,8,7,-,Daughter From Another Mother,TV Show,Yes,"Jan 20, 2021",3,8,tt11937732,Daughter from Another Mother,"Comedy,Drama",7.2,2653
2021-12-28,9,9,8,Cocomelon,TV Show,,"Jun 1, 2020",411,1429,tt12427840,Cocomelon,"Adventure,Animation,Family",3.6,1419
2021-12-28,10,8,3,Back to the Outback,Movie,Yes,"Dec 10, 2021",17,103,tt13575806,Back to the Outback,"Adventure,Animation,Comedy",6.5,12034
2021-12-29,1,1,-,Donât Look Up,Movie,Yes,"Dec 24, 2021",5,50,,,,,
2021-12-29,2,2,1,The Witcher,TV Show,Yes,"Dec 20, 2019",17,139,tt5180504,The Witcher,"Action,Adventure,Drama",7.9,611943
2021-12-29,3,3,-,Emily in Paris,TV Show,Yes,"Oct 2, 2020",28,215,tt8962124,Emily in Paris,"Comedy,Drama,Romance",6.8,135858
2021-12-29,4,4,-,The Silent Sea,TV Show,Yes,"Dec 24, 2021",4,26,tt11570202,The Silent Sea,"Adventure,Drama,Horror",6.9,27985
2021-12-29,5,5,2,The Unforgivable,Movie,Yes,"Dec 10, 2021",19,160,tt11233960,The Unforgivable,"Crime,Drama,Mystery",7.2,126318
2021-12-29,6,6,4,The Queen of Flow,TV Show,Yes,"Nov 9, 2018",41,242,tt8560918,The Queen of Flow,"Drama,Music,Romance",7.7,1847
2021-12-29,7,7,-,Death to 2021,Movie,Yes,"Dec 27, 2021",2,8,tt16301388,Death to 2021,Comedy,6.3,16239
2021-12-29,8,9,6,Cocomelon,TV Show,,"Jun 1, 2020",412,1432,tt12427840,Cocomelon,"Adventure,Animation,Family",3.6,1419
2021-12-29,9,10,3,Back to the Outback,Movie,Yes,"Dec 10, 2021",18,105,tt13575806,Back to the Outback,"Adventure,Animation,Comedy",6.5,12034
2021-12-29,10,8,-,Daughter From Another Mother,TV Show,Yes,"Jan 20, 2021",4,9,tt11937732,Daughter from Another Mother,"Comedy,Drama",7.2,2653
2021-12-30,1,1,-,Donât Look Up,Movie,Yes,"Dec 24, 2021",6,60,,,,,
2021-12-30,2,2,1,The Witcher,TV Show,Yes,"Dec 20, 2019",18,148,tt5180504,The Witcher,"Action,Adventure,Drama",7.9,611943
2021-12-30,3,3,2,Emily in Paris,TV Show,Yes,"Oct 2, 2020",29,223,tt8962124,Emily in Paris,"Comedy,Drama,Romance",6.8,135858
2021-12-30,4,-,-,Crime Scene: The Times Squa…,TV Show,Yes,"Dec 29, 2021",1,7,,,,,
2021-12-30,5,4,-,The Silent Sea,TV Show,Yes,"Dec 24, 2021",5,32,tt11570202,The Silent Sea,"Adventure,Drama,Horror",6.9,27985
2021-12-30,6,5,3,The Unforgivable,Movie,Yes,"Dec 10, 2021",20,165,tt11233960,The Unforgivable,"Crime,Drama,Mystery",7.2,126318
2021-12-30,7,7,-,Death to 2021,Movie,Yes,"Dec 27, 2021",3,12,tt16301388,Death to 2021,Comedy,6.3,16239
2021-12-30,8,6,5,The Queen of Flow,TV Show,Yes,"Nov 9, 2018",42,245,tt8560918,The Queen of Flow,"Drama,Music,Romance",7.7,1847
2021-12-30,9,8,6,Cocomelon,TV Show,,"Jun 1, 2020",413,1434,tt12427840,Cocomelon,"Adventure,Animation,Family",3.6,1419
2021-12-30,10,9,4,Back to the Outback,Movie,Yes,"Dec 10, 2021",19,106,tt13575806,Back to the Outback,"Adventure,Animation,Comedy",6.5,12034
2021-12-31,1,1,-,Donât Look Up,Movie,Yes,"Dec 24, 2021",7,70,,,,,
2021-12-31,2,2,1,The Witcher,TV Show,Yes,"Dec 20, 2019",19,157,tt5180504,The Witcher,"Action,Adventure,Drama",7.9,611943
2021-12-31,3,3,2,Emily in Paris,TV Show,Yes,"Oct 2, 2020",30,231,tt8962124,Emily in Paris,"Comedy,Drama,Romance",6.8,135858
2021-12-31,4,4,-,Crime Scene: The Times Squa…,TV Show,Yes,"Dec 29, 2021",2,14,,,,,
2021-12-31,5,5,-,The Silent Sea,TV Show,Yes,"Dec 24, 2021",6,38,tt11570202,The Silent Sea,"Adventure,Drama,Horror",6.9,27985
2021-12-31,6,6,3,The Unforgivable,Movie,Yes,"Dec 10, 2021",21,170,tt11233960,The Unforgivable,"Crime,Drama,Mystery",7.2,126318
2021-12-31,7,8,7,The Queen of Flow,TV Show,Yes,"Nov 9, 2018",43,249,tt8560918,The Queen of Flow,"Drama,Music,Romance",7.7,1847
2021-12-31,8,9,6,Cocomelon,TV Show,,"Jun 1, 2020",414,1437,tt12427840,Cocomelon,"Adventure,Animation,Family",3.6,1419
2021-12-31,9,10,4,Back to the Outback,Movie,Yes,"Dec 10, 2021",20,108,tt13575806,Back to the Outback,"Adventure,Animation,Comedy",6.5,12034
2021-12-31,10,7,-,Death to 2021,Movie,Yes,"Dec 27, 2021",4,13,tt16301388,Death to 2021,Comedy,6.3,16239
2022-01-01,1,-,-,Cobra Kai,TV Show,,"Aug 28, 2020",54,380,tt7221388,Cobra Kai,"Action,Comedy,Drama",8.4,237505
2022-01-01,2,1,1,Donât Look Up,Movie,Yes,"Dec 24, 2021",8,79,,,,,
2022-01-01,3,2,2,The Witcher,TV Show,Yes,"Dec 20, 2019",20,165,tt5180504,The Witcher,"Action,Adventure,Drama",7.9,611943
2022-01-01,4,-,-,The Lost Daughter,Movie,Yes,"Dec 31, 2021",1,7,tt9100054,The Lost Daughter,Drama,6.7,80032
2022-01-01,5,-,-,Queer Eye,TV Show,Yes,"Feb 7, 2018",10,44,tt7259746,Queer Eye,Reality-TV,8.5,22075
2022-01-01,6,3,3,Emily in Paris,TV Show,Yes,"Oct 2, 2020",31,236,tt8962124,Emily in Paris,"Comedy,Drama,Romance",6.8,135858
2022-01-01,7,-,-,Stay Close,TV Show,Yes,"Dec 31, 2021",1,4,tt2201227,Stay Close,"Comedy,Crime,Drama",6.9,41569
2022-01-01,8,4,-,Crime Scene: The Times Squa…,TV Show,Yes,"Dec 29, 2021",3,17,,,,,
2022-01-01,9,5,-,The Silent Sea,TV Show,Yes,"Dec 24, 2021",7,40,tt11570202,The Silent Sea,"Adventure,Drama,Horror",6.9,27985
2022-01-01,10,8,9,Cocomelon,TV Show,,"Jun 1, 2020",415,1438,tt12427840,Cocomelon,"Adventure,Animation,Family",3.6,1419
2022-01-02,1,1,-,Cobra Kai,TV Show,,"Aug 28, 2020",55,390,tt7221388,Cobra Kai,"Action,Comedy,Drama",8.4,237505
2022-01-02,2,2,1,Donât Look Up,Movie,Yes,"Dec 24, 2021",9,88,,,,,
2022-01-02,3,4,-,The Lost Daughter,Movie,Yes,"Dec 31, 2021",2,15,tt9100054,The Lost Daughter,Drama,6.7,80032
2022-01-02,4,3,2,The Witcher,TV Show,Yes,"Dec 20, 2019",21,172,tt5180504,The Witcher,"Action,Adventure,Drama",7.9,611943
2022-01-02,5,5,-,Queer Eye,TV Show,Yes,"Feb 7, 2018",11,50,tt7259746,Queer Eye,Reality-TV,8.5,22075
2022-01-02,6,7,-,Stay Close,TV Show,Yes,"Dec 31, 2021",2,9,tt2201227,Stay Close,"Comedy,Crime,Drama",6.9,41569
2022-01-02,7,6,3,Emily in Paris,TV Show,Yes,"Oct 2, 2020",32,240,tt8962124,Emily in Paris,"Comedy,Drama,Romance",6.8,135858
2022-01-02,8,-,-,Journey 2: The Mysterious I…,Movie,,"Jan 1, 2022",1,3,,,,,
2022-01-02,9,8,-,Crime Scene: The Times Squa…,TV Show,Yes,"Dec 29, 2021",4,19,,,,,
2022-01-02,10,-,5,The Unforgivable,Movie,Yes,"Dec 10, 2021",22,171,tt11233960,The Unforgivable,"Crime,Drama,Mystery",7.2,126318
2022-01-03,1,1,-,Cobra Kai,TV Show,,"Aug 28, 2020",56,400,tt7221388,Cobra Kai,"Action,Comedy,Drama",8.4,237505
2022-01-03,2,2,1,Donât Look Up,Movie,Yes,"Dec 24, 2021",10,97,,,,,
2022-01-03,3,6,-,Stay Close,TV Show,Yes,"Dec 31, 2021",3,17,tt2201227,Stay Close,"Comedy,Crime,Drama",6.9,41569
2022-01-03,4,4,2,The Witcher,TV Show,Yes,"Dec 20, 2019",22,179,tt5180504,The Witcher,"Action,Adventure,Drama",7.9,611943
2022-01-03,5,5,-,Queer Eye,TV Show,Yes,"Feb 7, 2018",12,56,tt7259746,Queer Eye,Reality-TV,8.5,22075
2022-01-03,6,3,-,The Lost Daughter,Movie,Yes,"Dec 31, 2021",3,20,tt9100054,The Lost Daughter,Drama,6.7,80032
2022-01-03,7,8,-,Journey 2: The Mysterious I…,Movie,,"Jan 1, 2022",2,7,,,,,
2022-01-03,8,7,3,Emily in Paris,TV Show,Yes,"Oct 2, 2020",33,243,tt8962124,Emily in Paris,"Comedy,Drama,Romance",6.8,135858
2022-01-03,9,9,-,Crime Scene: The Times Squa…,TV Show,Yes,"Dec 29, 2021",5,21,,,,,
2022-01-03,10,-,-,Scary Stories to Tell in th…,Movie,,"Jan 1, 2022",1,1,,,,,
2022-01-04,1,1,-,Cobra Kai,TV Show,,"Aug 28, 2020",57,410,tt7221388,Cobra Kai,"Action,Comedy,Drama",8.4,237505
2022-01-04,2,3,-,Stay Close,TV Show,Yes,"Dec 31, 2021",4,26,tt2201227,Stay Close,"Comedy,Crime,Drama",6.9,41569
2022-01-04,3,2,1,Donât Look Up,Movie,Yes,"Dec 24, 2021",11,105,,,,,
2022-01-04,4,4,2,The Witcher,TV Show,Yes,"Dec 20, 2019",23,186,tt5180504,The Witcher,"Action,Adventure,Drama",7.9,611943
2022-01-04,5,5,-,Queer Eye,TV Show,Yes,"Feb 7, 2018",13,62,tt7259746,Queer Eye,Reality-TV,8.5,22075
2022-01-04,6,7,-,Journey 2: The Mysterious I…,Movie,,"Jan 1, 2022",3,12,,,,,
2022-01-04,7,8,3,Emily in Paris,TV Show,Yes,"Oct 2, 2020",34,247,tt8962124,Emily in Paris,"Comedy,Drama,Romance",6.8,135858
2022-01-04,8,6,-,The Lost Daughter,Movie,Yes,"Dec 31, 2021",4,23,tt9100054,The Lost Daughter,Drama,6.7,80032
2022-01-04,9,9,-,Crime Scene: The Times Squa…,TV Show,Yes,"Dec 29, 2021",6,23,,,,,
2022-01-04,10,-,6,The Queen of Flow,TV Show,Yes,"Nov 9, 2018",44,250,tt8560918,The Queen of Flow,"Drama,Music,Romance",7.7,1847
2022-01-05,1,1,-,Cobra Kai,TV Show,,"Aug 28, 2020",58,420,tt7221388,Cobra Kai,"Action,Comedy,Drama",8.4,237505
2022-01-05,2,2,-,Stay Close,TV Show,Yes,"Dec 31, 2021",5,35,tt2201227,Stay Close,"Comedy,Crime,Drama",6.9,41569
2022-01-05,3,4,2,The Witcher,TV Show,Yes,"Dec 20, 2019",24,194,tt5180504,The Witcher,"Action,Adventure,Drama",7.9,611943
2022-01-05,4,3,1,Donât Look Up,Movie,Yes,"Dec 24, 2021",12,112,,,,,
2022-01-05,5,5,-,Queer Eye,TV Show,Yes,"Feb 7, 2018",14,68,tt7259746,Queer Eye,Reality-TV,8.5,22075
2022-01-05,6,6,-,Journey 2: The Mysterious I…,Movie,,"Jan 1, 2022",4,17,,,,,
2022-01-05,7,7,3,Emily in Paris,TV Show,Yes,"Oct 2, 2020",35,251,tt8962124,Emily in Paris,"Comedy,Drama,Romance",6.8,135858
2022-01-05,8,8,-,The Lost Daughter,Movie,Yes,"Dec 31, 2021",5,26,tt9100054,The Lost Daughter,Drama,6.7,80032
2022-01-05,9,-,-,The Longest Yard,Movie,,"Apr 1, 2015",1,2,tt0398165,The Longest Yard,"Comedy,Crime,Sport",6.4,208007
2022-01-05,10,-,-,Dark Shadows,Movie,,"Jan 1, 2022",1,1,tt1077368,Dark Shadows,"Comedy,Fantasy,Horror",6.2,292011
2022-01-06,1,1,-,Cobra Kai,TV Show,,"Aug 28, 2020",59,430,tt7221388,Cobra Kai,"Action,Comedy,Drama",8.4,237505
2022-01-06,2,2,-,Stay Close,TV Show,Yes,"Dec 31, 2021",6,44,tt2201227,Stay Close,"Comedy,Crime,Drama",6.9,41569
2022-01-06,3,3,2,The Witcher,TV Show,Yes,"Dec 20, 2019",25,202,tt5180504,The Witcher,"Action,Adventure,Drama",7.9,611943
2022-01-06,4,4,1,Donât Look Up,Movie,Yes,"Dec 24, 2021",13,119,,,,,
2022-01-06,5,5,-,Queer Eye,TV Show,Yes,"Feb 7, 2018",15,74,tt7259746,Queer Eye,Reality-TV,8.5,22075
2022-01-06,6,7,3,Emily in Paris,TV Show,Yes,"Oct 2, 2020",36,256,tt8962124,Emily in Paris,"Comedy,Drama,Romance",6.8,135858
2022-01-06,7,9,-,The Longest Yard,Movie,,"Apr 1, 2015",2,6,tt0398165,The Longest Yard,"Comedy,Crime,Sport",6.4,208007
2022-01-06,8,6,-,Journey 2: The Mysterious I…,Movie,,"Jan 1, 2022",5,20,,,,,
2022-01-06,9,-,-,The Town,Movie,,"Jul 1, 2020",10,34,tt0840361,The Town,"Crime,Drama,Thriller",7.5,440548
2022-01-06,10,-,-,Just Go With It,Movie,,"May 22, 2020",11,39,tt1564367,Just Go with It,"Comedy,Romance",6.4,284219
2022-01-07,1,1,-,Cobra Kai,TV Show,,"Aug 28, 2020",60,440,tt7221388,Cobra Kai,"Action,Comedy,Drama",8.4,237505
2022-01-07,2,2,-,Stay Close,TV Show,Yes,"Dec 31, 2021",7,53,tt2201227,Stay Close,"Comedy,Crime,Drama",6.9,41569
2022-01-07,3,3,2,The Witcher,TV Show,Yes,"Dec 20, 2019",26,210,tt5180504,The Witcher,"Action,Adventure,Drama",7.9,611943
2022-01-07,4,4,1,Donât Look Up,Movie,Yes,"Dec 24, 2021",14,126,,,,,
2022-01-07,5,5,-,Queer Eye,TV Show,Yes,"Feb 7, 2018",16,80,tt7259746,Queer Eye,Reality-TV,8.5,22075
2022-01-07,6,7,-,The Longest Yard,Movie,,"Apr 1, 2015",3,11,tt0398165,The Longest Yard,"Comedy,Crime,Sport",6.4,208007
2022-01-07,7,6,3,Emily in Paris,TV Show,Yes,"Oct 2, 2020",37,260,tt8962124,Emily in Paris,"Comedy,Drama,Romance",6.8,135858
2022-01-07,8,10,-,Just Go With It,Movie,,"May 22, 2020",12,42,tt1564367,Just Go with It,"Comedy,Romance",6.4,284219
2022-01-07,9,8,-,Journey 2: The Mysterious I…,Movie,,"Jan 1, 2022",6,22,,,,,
2022-01-07,10,9,-,The Town,Movie,,"Jul 1, 2020",11,35,tt0840361,The Town,"Crime,Drama,Thriller",7.5,440548
2022-01-08,1,1,1,Cobra Kai,TV Show,,"Aug 28, 2020",61,450,tt7221388,Cobra Kai,"Action,Comedy,Drama",8.4,237505
2022-01-08,2,2,7,Stay Close,TV Show,Yes,"Dec 31, 2021",8,62,tt2201227,Stay Close,"Comedy,Crime,Drama",6.9,41569
2022-01-08,3,4,2,Donât Look Up,Movie,Yes,"Dec 24, 2021",15,134,,,,,
2022-01-08,4,3,3,The Witcher,TV Show,Yes,"Dec 20, 2019",27,217,tt5180504,The Witcher,"Action,Adventure,Drama",7.9,611943
2022-01-08,5,-,-,Hype House,TV Show,Yes,"Jan 7, 2022",1,6,tt15257704,Hype House,Reality-TV,1.9,3223
2022-01-08,6,5,5,Queer Eye,TV Show,Yes,"Feb 7, 2018",17,85,tt7259746,Queer Eye,Reality-TV,8.5,22075
2022-01-08,7,6,-,The Longest Yard,Movie,,"Apr 1, 2015",4,15,tt0398165,The Longest Yard,"Comedy,Crime,Sport",6.4,208007
2022-01-08,8,8,-,Just Go With It,Movie,,"May 22, 2020",13,45,tt1564367,Just Go with It,"Comedy,Romance",6.4,284219
2022-01-08,9,7,6,Emily in Paris,TV Show,Yes,"Oct 2, 2020",38,262,tt8962124,Emily in Paris,"Comedy,Drama,Romance",6.8,135858
2022-01-08,10,10,-,The Town,Movie,,"Jul 1, 2020",12,36,tt0840361,The Town,"Crime,Drama,Thriller",7.5,440548
2022-01-09,1,1,1,Cobra Kai,TV Show,,"Aug 28, 2020",62,460,tt7221388,Cobra Kai,"Action,Comedy,Drama",8.4,237505
2022-01-09,2,2,6,Stay Close,TV Show,Yes,"Dec 31, 2021",9,71,tt2201227,Stay Close,"Comedy,Crime,Drama",6.9,41569
2022-01-09,3,3,2,Donât Look Up,Movie,Yes,"Dec 24, 2021",16,142,,,,,
2022-01-09,4,4,4,The Witcher,TV Show,Yes,"Dec 20, 2019",28,224,tt5180504,The Witcher,"Action,Adventure,Drama",7.9,611943
2022-01-09,5,5,-,Hype House,TV Show,Yes,"Jan 7, 2022",2,12,tt15257704,Hype House,Reality-TV,1.9,3223
2022-01-09,6,8,-,Just Go With It,Movie,,"May 22, 2020",14,50,tt1564367,Just Go with It,"Comedy,Romance",6.4,284219
2022-01-09,7,7,-,The Longest Yard,Movie,,"Apr 1, 2015",5,19,tt0398165,The Longest Yard,"Comedy,Crime,Sport",6.4,208007
2022-01-09,8,6,5,Queer Eye,TV Show,Yes,"Feb 7, 2018",18,88,tt7259746,Queer Eye,Reality-TV,8.5,22075
2022-01-09,9,10,-,The Town,Movie,,"Jul 1, 2020",13,38,tt0840361,The Town,"Crime,Drama,Thriller",7.5,440548
2022-01-09,10,9,7,Emily in Paris,TV Show,Yes,"Oct 2, 2020",39,263,tt8962124,Emily in Paris,"Comedy,Drama,Romance",6.8,135858
2022-01-10,1,1,1,Cobra Kai,TV Show,,"Aug 28, 2020",63,470,tt7221388,Cobra Kai,"Action,Comedy,Drama",8.4,237505
2022-01-10,2,2,3,Stay Close,TV Show,Yes,"Dec 31, 2021",10,80,tt2201227,Stay Close,"Comedy,Crime,Drama",6.9,41569
2022-01-10,3,3,2,Donât Look Up,Movie,Yes,"Dec 24, 2021",17,150,,,,,
2022-01-10,4,4,4,The Witcher,TV Show,Yes,"Dec 20, 2019",29,231,tt5180504,The Witcher,"Action,Adventure,Drama",7.9,611943
2022-01-10,5,5,-,Hype House,TV Show,Yes,"Jan 7, 2022",3,18,tt15257704,Hype House,Reality-TV,1.9,3223
2022-01-10,6,6,-,Just Go With It,Movie,,"May 22, 2020",15,55,tt1564367,Just Go with It,"Comedy,Romance",6.4,284219
2022-01-10,7,7,-,The Longest Yard,Movie,,"Apr 1, 2015",6,23,tt0398165,The Longest Yard,"Comedy,Crime,Sport",6.4,208007
2022-01-10,8,10,8,Emily in Paris,TV Show,Yes,"Oct 2, 2020",40,266,tt8962124,Emily in Paris,"Comedy,Drama,Romance",6.8,135858
2022-01-10,9,8,5,Queer Eye,TV Show,Yes,"Feb 7, 2018",19,90,tt7259746,Queer Eye,Reality-TV,8.5,22075
2022-01-10,10,9,-,The Town,Movie,,"Jul 1, 2020",14,39,tt0840361,The Town,"Crime,Drama,Thriller",7.5,440548
2022-01-11,1,1,1,Cobra Kai,TV Show,,"Aug 28, 2020",64,480,tt7221388,Cobra Kai,"Action,Comedy,Drama",8.4,237505
2022-01-11,2,2,2,Stay Close,TV Show,Yes,"Dec 31, 2021",11,89,tt2201227,Stay Close,"Comedy,Crime,Drama",6.9,41569
2022-01-11,3,4,4,The Witcher,TV Show,Yes,"Dec 20, 2019",30,239,tt5180504,The Witcher,"Action,Adventure,Drama",7.9,611943
2022-01-11,4,5,-,Hype House,TV Show,Yes,"Jan 7, 2022",4,25,tt15257704,Hype House,Reality-TV,1.9,3223
2022-01-11,5,3,3,Donât Look Up,Movie,Yes,"Dec 24, 2021",18,156,,,,,
2022-01-11,6,6,-,Just Go With It,Movie,,"May 22, 2020",16,60,tt1564367,Just Go with It,"Comedy,Romance",6.4,284219
2022-01-11,7,8,7,Emily in Paris,TV Show,Yes,"Oct 2, 2020",41,270,tt8962124,Emily in Paris,"Comedy,Drama,Romance",6.8,135858
2022-01-11,8,9,5,Queer Eye,TV Show,Yes,"Feb 7, 2018",20,93,tt7259746,Queer Eye,Reality-TV,8.5,22075
2022-01-11,9,7,-,The Longest Yard,Movie,,"Apr 1, 2015",7,25,tt0398165,The Longest Yard,"Comedy,Crime,Sport",6.4,208007
2022-01-11,10,10,-,The Town,Movie,,"Jul 1, 2020",15,40,tt0840361,The Town,"Crime,Drama,Thriller",7.5,440548
2022-01-12,1,1,1,Cobra Kai,TV Show,,"Aug 28, 2020",65,490,tt7221388,Cobra Kai,"Action,Comedy,Drama",8.4,237505
2022-01-12,2,2,2,Stay Close,TV Show,Yes,"Dec 31, 2021",12,98,tt2201227,Stay Close,"Comedy,Crime,Drama",6.9,41569
2022-01-12,3,3,3,The Witcher,TV Show,Yes,"Dec 20, 2019",31,247,tt5180504,The Witcher,"Action,Adventure,Drama",7.9,611943
2022-01-12,4,-,-,The Colony,Movie,,"Jan 11, 2022",1,7,tt1160996,The Colony,"Action,Horror,Sci-Fi",5.3,48939
2022-01-12,5,5,4,Donât Look Up,Movie,Yes,"Dec 24, 2021",19,162,,,,,
2022-01-12,6,4,-,Hype House,TV Show,Yes,"Jan 7, 2022",5,30,tt15257704,Hype House,Reality-TV,1.9,3223
2022-01-12,7,7,7,Emily in Paris,TV Show,Yes,"Oct 2, 2020",42,274,tt8962124,Emily in Paris,"Comedy,Drama,Romance",6.8,135858
2022-01-12,8,6,-,Just Go With It,Movie,,"May 22, 2020",17,63,tt1564367,Just Go with It,"Comedy,Romance",6.4,284219
2022-01-12,9,8,5,Queer Eye,TV Show,Yes,"Feb 7, 2018",21,95,tt7259746,Queer Eye,Reality-TV,8.5,22075
2022-01-12,10,9,9,The Longest Yard,Movie,,"Apr 1, 2015",8,26,tt0398165,The Longest Yard,"Comedy,Crime,Sport",6.4,208007
2022-01-13,1,-,-,Cheer,TV Show,Yes,"Jan 8, 2020",1,10,tt11426660,Cheer,"Documentary,Sport",8.0,7183
2022-01-13,2,1,1,Cobra Kai,TV Show,,"Aug 28, 2020",66,499,tt7221388,Cobra Kai,"Action,Comedy,Drama",8.4,237505
2022-01-13,3,2,2,Stay Close,TV Show,Yes,"Dec 31, 2021",13,106,tt2201227,Stay Close,"Comedy,Crime,Drama",6.9,41569
2022-01-13,4,4,-,The Colony,Movie,,"Jan 11, 2022",2,14,tt1160996,The Colony,"Action,Horror,Sci-Fi",5.3,48939
2022-01-13,5,3,3,The Witcher,TV Show,Yes,"Dec 20, 2019",32,253,tt5180504,The Witcher,"Action,Adventure,Drama",7.9,611943
2022-01-13,6,5,4,Donât Look Up,Movie,Yes,"Dec 24, 2021",20,167,,,,,
2022-01-13,7,7,6,Emily in Paris,TV Show,Yes,"Oct 2, 2020",43,278,tt8962124,Emily in Paris,"Comedy,Drama,Romance",6.8,135858
2022-01-13,8,8,10,Just Go With It,Movie,,"May 22, 2020",18,66,tt1564367,Just Go with It,"Comedy,Romance",6.4,284219
2022-01-13,9,6,-,Hype House,TV Show,Yes,"Jan 7, 2022",6,32,tt15257704,Hype House,Reality-TV,1.9,3223
2022-01-13,10,-,-,Cocomelon,TV Show,,"Jun 1, 2020",416,1439,tt12427840,Cocomelon,"Adventure,Animation,Family",3.6,1419
2022-01-14,1,1,-,Cheer,TV Show,Yes,"Jan 8, 2020",2,20,tt11426660,Cheer,"Documentary,Sport",8.0,7183
2022-01-14,2,-,-,Brazen,Movie,Yes,"Jan 13, 2022",1,9,tt13978306,Brazen,"Crime,Drama,Mystery",4.2,14614
2022-01-14,3,2,1,Cobra Kai,TV Show,,"Aug 28, 2020",67,507,tt7221388,Cobra Kai,"Action,Comedy,Drama",8.4,237505
2022-01-14,4,3,2,Stay Close,TV Show,Yes,"Dec 31, 2021",14,113,tt2201227,Stay Close,"Comedy,Crime,Drama",6.9,41569
2022-01-14,5,4,-,The Colony,Movie,,"Jan 11, 2022",3,20,tt1160996,The Colony,"Action,Horror,Sci-Fi",5.3,48939
2022-01-14,6,5,3,The Witcher,TV Show,Yes,"Dec 20, 2019",33,258,tt5180504,The Witcher,"Action,Adventure,Drama",7.9,611943
2022-01-14,7,6,4,Donât Look Up,Movie,Yes,"Dec 24, 2021",21,171,,,,,
2022-01-14,8,7,7,Emily in Paris,TV Show,Yes,"Oct 2, 2020",44,281,tt8962124,Emily in Paris,"Comedy,Drama,Romance",6.8,135858
2022-01-14,9,10,-,Cocomelon,TV Show,,"Jun 1, 2020",417,1441,tt12427840,Cocomelon,"Adventure,Animation,Family",3.6,1419
2022-01-14,10,8,8,Just Go With It,Movie,,"May 22, 2020",19,67,tt1564367,Just Go with It,"Comedy,Romance",6.4,284219
2022-01-15,1,1,-,Cheer,TV Show,Yes,"Jan 8, 2020",3,30,tt11426660,Cheer,"Documentary,Sport",8.0,7183
2022-01-15,2,2,-,Brazen,Movie,Yes,"Jan 13, 2022",2,18,tt13978306,Brazen,"Crime,Drama,Mystery",4.2,14614
2022-01-15,3,3,1,Cobra Kai,TV Show,,"Aug 28, 2020",68,515,tt7221388,Cobra Kai,"Action,Comedy,Drama",8.4,237505
2022-01-15,4,-,-,Archive 81,TV Show,Yes,"Jan 14, 2022",1,7,tt13365348,Archive 81,"Drama,Horror,Mystery",7.3,66085
2022-01-15,5,4,2,Stay Close,TV Show,Yes,"Dec 31, 2021",15,119,tt2201227,Stay Close,"Comedy,Crime,Drama",6.9,41569
2022-01-15,6,7,3,Donât Look Up,Movie,Yes,"Dec 24, 2021",22,176,,,,,
2022-01-15,7,5,-,The Colony,Movie,,"Jan 11, 2022",4,24,tt1160996,The Colony,"Action,Horror,Sci-Fi",5.3,48939
2022-01-15,8,6,4,The Witcher,TV Show,Yes,"Dec 20, 2019",34,261,tt5180504,The Witcher,"Action,Adventure,Drama",7.9,611943
2022-01-15,9,8,9,Emily in Paris,TV Show,Yes,"Oct 2, 2020",45,283,tt8962124,Emily in Paris,"Comedy,Drama,Romance",6.8,135858
2022-01-15,10,9,-,Cocomelon,TV Show,,"Jun 1, 2020",418,1442,tt12427840,Cocomelon,"Adventure,Animation,Family",3.6,1419
2022-01-16,1,1,-,Cheer,TV Show,Yes,"Jan 8, 2020",4,40,tt11426660,Cheer,"Documentary,Sport",8.0,7183
2022-01-16,2,2,-,Brazen,Movie,Yes,"Jan 13, 2022",3,27,tt13978306,Brazen,"Crime,Drama,Mystery",4.2,14614
2022-01-16,3,4,-,Archive 81,TV Show,Yes,"Jan 14, 2022",2,15,tt13365348,Archive 81,"Drama,Horror,Mystery",7.3,66085
2022-01-16,4,3,1,Cobra Kai,TV Show,,"Aug 28, 2020",69,522,tt7221388,Cobra Kai,"Action,Comedy,Drama",8.4,237505
2022-01-16,5,5,2,Stay Close,TV Show,Yes,"Dec 31, 2021",16,125,tt2201227,Stay Close,"Comedy,Crime,Drama",6.9,41569
2022-01-16,6,6,3,Donât Look Up,Movie,Yes,"Dec 24, 2021",23,181,,,,,
2022-01-16,7,7,-,The Colony,Movie,,"Jan 11, 2022",5,28,tt1160996,The Colony,"Action,Horror,Sci-Fi",5.3,48939
2022-01-16,8,8,4,The Witcher,TV Show,Yes,"Dec 20, 2019",35,264,tt5180504,The Witcher,"Action,Adventure,Drama",7.9,611943
2022-01-16,9,9,10,Emily in Paris,TV Show,Yes,"Oct 2, 2020",46,285,tt8962124,Emily in Paris,"Comedy,Drama,Romance",6.8,135858
2022-01-16,10,-,-,Ozark,TV Show,Yes,"Jul 21, 2017",45,263,tt5071412,Ozark,"Crime,Drama,Thriller",8.4,382255
2022-01-17,1,3,-,Archive 81,TV Show,Yes,"Jan 14, 2022",3,25,tt13365348,Archive 81,"Drama,Horror,Mystery",7.3,66085
2022-01-17,2,1,-,Cheer,TV Show,Yes,"Jan 8, 2020",5,49,tt11426660,Cheer,"Documentary,Sport",8.0,7183
2022-01-17,3,2,-,Brazen,Movie,Yes,"Jan 13, 2022",4,35,tt13978306,Brazen,"Crime,Drama,Mystery",4.2,14614
2022-01-17,4,4,1,Cobra Kai,TV Show,,"Aug 28, 2020",70,529,tt7221388,Cobra Kai,"Action,Comedy,Drama",8.4,237505
2022-01-17,5,5,2,Stay Close,TV Show,Yes,"Dec 31, 2021",17,131,tt2201227,Stay Close,"Comedy,Crime,Drama",6.9,41569
2022-01-17,6,6,3,Donât Look Up,Movie,Yes,"Dec 24, 2021",24,186,,,,,
2022-01-17,7,8,4,The Witcher,TV Show,Yes,"Dec 20, 2019",36,268,tt5180504,The Witcher,"Action,Adventure,Drama",7.9,611943
2022-01-17,8,7,-,The Colony,Movie,,"Jan 11, 2022",6,31,tt1160996,The Colony,"Action,Horror,Sci-Fi",5.3,48939
2022-01-17,9,10,-,Ozark,TV Show,Yes,"Jul 21, 2017",46,265,tt5071412,Ozark,"Crime,Drama,Thriller",8.4,382255
2022-01-17,10,9,8,Emily in Paris,TV Show,Yes,"Oct 2, 2020",47,286,tt8962124,Emily in Paris,"Comedy,Drama,Romance",6.8,135858
2022-01-18,1,1,-,Archive 81,TV Show,Yes,"Jan 14, 2022",4,35,tt13365348,Archive 81,"Drama,Horror,Mystery",7.3,66085
2022-01-18,2,2,-,Cheer,TV Show,Yes,"Jan 8, 2020",6,58,tt11426660,Cheer,"Documentary,Sport",8.0,7183
2022-01-18,3,-,-,After We Fell,Movie,,"Jan 17, 2022",1,8,tt13069986,After We Fell,"Drama,Romance",4.8,23895
2022-01-18,4,3,-,Brazen,Movie,Yes,"Jan 13, 2022",5,42,tt13978306,Brazen,"Crime,Drama,Mystery",4.2,14614
2022-01-18,5,4,1,Cobra Kai,TV Show,,"Aug 28, 2020",71,535,tt7221388,Cobra Kai,"Action,Comedy,Drama",8.4,237505
2022-01-18,6,5,2,Stay Close,TV Show,Yes,"Dec 31, 2021",18,136,tt2201227,Stay Close,"Comedy,Crime,Drama",6.9,41569
2022-01-18,7,7,3,The Witcher,TV Show,Yes,"Dec 20, 2019",37,272,tt5180504,The Witcher,"Action,Adventure,Drama",7.9,611943
2022-01-18,8,9,-,Ozark,TV Show,Yes,"Jul 21, 2017",47,268,tt5071412,Ozark,"Crime,Drama,Thriller",8.4,382255
2022-01-18,9,6,5,Donât Look Up,Movie,Yes,"Dec 24, 2021",25,188,,,,,
2022-01-18,10,10,7,Emily in Paris,TV Show,Yes,"Oct 2, 2020",48,287,tt8962124,Emily in Paris,"Comedy,Drama,Romance",6.8,135858
2022-01-19,1,1,-,Archive 81,TV Show,Yes,"Jan 14, 2022",5,45,tt13365348,Archive 81,"Drama,Horror,Mystery",7.3,66085
2022-01-19,2,2,-,Cheer,TV Show,Yes,"Jan 8, 2020",7,67,tt11426660,Cheer,"Documentary,Sport",8.0,7183
2022-01-19,3,3,-,After We Fell,Movie,,"Jan 17, 2022",2,16,tt13069986,After We Fell,"Drama,Romance",4.8,23895
2022-01-19,4,4,-,Brazen,Movie,Yes,"Jan 13, 2022",6,49,tt13978306,Brazen,"Crime,Drama,Mystery",4.2,14614
2022-01-19,5,5,1,Cobra Kai,TV Show,,"Aug 28, 2020",72,541,tt7221388,Cobra Kai,"Action,Comedy,Drama",8.4,237505
2022-01-19,6,6,2,Stay Close,TV Show,Yes,"Dec 31, 2021",19,141,tt2201227,Stay Close,"Comedy,Crime,Drama",6.9,41569
2022-01-19,7,-,-,The Puppet Master: Hunting …,TV Show,Yes,"Jan 18, 2022",1,4,,,,,
2022-01-19,8,7,3,The Witcher,TV Show,Yes,"Dec 20, 2019",38,275,tt5180504,The Witcher,"Action,Adventure,Drama",7.9,611943
2022-01-19,9,8,-,Ozark,TV Show,Yes,"Jul 21, 2017",48,270,tt5071412,Ozark,"Crime,Drama,Thriller",8.4,382255
2022-01-19,10,9,5,Donât Look Up,Movie,Yes,"Dec 24, 2021",26,189,,,,,
2022-01-20,1,1,-,Archive 81,TV Show,Yes,"Jan 14, 2022",6,55,tt13365348,Archive 81,"Drama,Horror,Mystery",7.3,66085
2022-01-20,2,-,-,Too Hot to Handle,TV Show,Yes,"Apr 17, 2020",35,208,tt12004280,Too Hot to Handle,"Documentary,Game-Show,Reality-TV",4.8,16015
2022-01-20,3,2,1,Cheer,TV Show,Yes,"Jan 8, 2020",8,75,tt11426660,Cheer,"Documentary,Sport",8.0,7183
2022-01-20,4,3,-,After We Fell,Movie,,"Jan 17, 2022",3,23,tt13069986,After We Fell,"Drama,Romance",4.8,23895
2022-01-20,5,4,-,Brazen,Movie,Yes,"Jan 13, 2022",7,55,tt13978306,Brazen,"Crime,Drama,Mystery",4.2,14614
2022-01-20,6,5,2,Cobra Kai,TV Show,,"Aug 28, 2020",73,546,tt7221388,Cobra Kai,"Action,Comedy,Drama",8.4,237505
2022-01-20,7,6,3,Stay Close,TV Show,Yes,"Dec 31, 2021",20,145,tt2201227,Stay Close,"Comedy,Crime,Drama",6.9,41569
2022-01-20,8,7,-,The Puppet Master: Hunting …,TV Show,Yes,"Jan 18, 2022",2,7,,,,,
2022-01-20,9,9,-,Ozark,TV Show,Yes,"Jul 21, 2017",49,272,tt5071412,Ozark,"Crime,Drama,Thriller",8.4,382255
2022-01-20,10,8,5,The Witcher,TV Show,Yes,"Dec 20, 2019",39,276,tt5180504,The Witcher,"Action,Adventure,Drama",7.9,611943
2022-01-21,1,1,-,Archive 81,TV Show,Yes,"Jan 14, 2022",7,65,tt13365348,Archive 81,"Drama,Horror,Mystery",7.3,66085
2022-01-21,2,2,-,Too Hot to Handle,TV Show,Yes,"Apr 17, 2020",36,217,tt12004280,Too Hot to Handle,"Documentary,Game-Show,Reality-TV",4.8,16015
2022-01-21,3,-,-,The Royal Treatment,Movie,Yes,"Jan 20, 2022",1,8,tt13989030,The Royal Treatment,"Comedy,Family,Romance",5.3,12471
2022-01-21,4,3,1,Cheer,TV Show,Yes,"Jan 8, 2020",9,82,tt11426660,Cheer,"Documentary,Sport",8.0,7183
2022-01-21,5,6,3,Cobra Kai,TV Show,,"Aug 28, 2020",74,552,tt7221388,Cobra Kai,"Action,Comedy,Drama",8.4,237505
2022-01-21,6,9,-,Ozark,TV Show,Yes,"Jul 21, 2017",50,277,tt5071412,Ozark,"Crime,Drama,Thriller",8.4,382255
2022-01-21,7,5,2,Brazen,Movie,Yes,"Jan 13, 2022",8,59,tt13978306,Brazen,"Crime,Drama,Mystery",4.2,14614
2022-01-21,8,-,-,Annabelle: Creation,Movie,,"Jan 20, 2022",1,3,tt5140878,Annabelle: Creation,"Horror,Mystery,Thriller",6.5,166824
2022-01-21,9,4,-,After We Fell,Movie,,"Jan 17, 2022",4,25,tt13069986,After We Fell,"Drama,Romance",4.8,23895
2022-01-21,10,8,-,The Puppet Master: Hunting …,TV Show,Yes,"Jan 18, 2022",3,8,,,,,
2022-01-22,1,6,-,Ozark,TV Show,Yes,"Jul 21, 2017",51,287,tt5071412,Ozark,"Crime,Drama,Thriller",8.4,382255
2022-01-22,2,1,4,Archive 81,TV Show,Yes,"Jan 14, 2022",8,74,tt13365348,Archive 81,"Drama,Horror,Mystery",7.3,66085
2022-01-22,3,2,-,Too Hot to Handle,TV Show,Yes,"Apr 17, 2020",37,225,tt12004280,Too Hot to Handle,"Documentary,Game-Show,Reality-TV",4.8,16015
2022-01-22,4,3,-,The Royal Treatment,Movie,Yes,"Jan 20, 2022",2,15,tt13989030,The Royal Treatment,"Comedy,Family,Romance",5.3,12471
2022-01-22,5,4,1,Cheer,TV Show,Yes,"Jan 8, 2020",10,88,tt11426660,Cheer,"Documentary,Sport",8.0,7183
2022-01-22,6,5,3,Cobra Kai,TV Show,,"Aug 28, 2020",75,557,tt7221388,Cobra Kai,"Action,Comedy,Drama",8.4,237505
2022-01-22,7,8,-,Annabelle: Creation,Movie,,"Jan 20, 2022",2,7,tt5140878,Annabelle: Creation,"Horror,Mystery,Thriller",6.5,166824
2022-01-22,8,-,10,Cocomelon,TV Show,,"Jun 1, 2020",419,1445,tt12427840,Cocomelon,"Adventure,Animation,Family",3.6,1419
2022-01-22,9,-,8,The Witcher,TV Show,Yes,"Dec 20, 2019",40,278,tt5180504,The Witcher,"Action,Adventure,Drama",7.9,611943
2022-01-22,10,7,2,Brazen,Movie,Yes,"Jan 13, 2022",9,60,tt13978306,Brazen,"Crime,Drama,Mystery",4.2,14614
2022-01-23,1,1,10,Ozark,TV Show,Yes,"Jul 21, 2017",52,297,tt5071412,Ozark,"Crime,Drama,Thriller",8.4,382255
2022-01-23,2,2,3,Archive 81,TV Show,Yes,"Jan 14, 2022",9,83,tt13365348,Archive 81,"Drama,Horror,Mystery",7.3,66085
2022-01-23,3,3,-,Too Hot to Handle,TV Show,Yes,"Apr 17, 2020",38,233,tt12004280,Too Hot to Handle,"Documentary,Game-Show,Reality-TV",4.8,16015
2022-01-23,4,4,-,The Royal Treatment,Movie,Yes,"Jan 20, 2022",3,22,tt13989030,The Royal Treatment,"Comedy,Family,Romance",5.3,12471
2022-01-23,5,5,1,Cheer,TV Show,Yes,"Jan 8, 2020",11,94,tt11426660,Cheer,"Documentary,Sport",8.0,7183
2022-01-23,6,6,4,Cobra Kai,TV Show,,"Aug 28, 2020",76,562,tt7221388,Cobra Kai,"Action,Comedy,Drama",8.4,237505
2022-01-23,7,7,-,Annabelle: Creation,Movie,,"Jan 20, 2022",3,11,tt5140878,Annabelle: Creation,"Horror,Mystery,Thriller",6.5,166824
2022-01-23,8,10,2,Brazen,Movie,Yes,"Jan 13, 2022",10,63,tt13978306,Brazen,"Crime,Drama,Mystery",4.2,14614
2022-01-23,9,9,8,The Witcher,TV Show,Yes,"Dec 20, 2019",41,280,tt5180504,The Witcher,"Action,Adventure,Drama",7.9,611943
2022-01-23,10,-,-,That Girl Lay Lay,TV Show,,"Jan 21, 2022",1,1,tt14442054,That Girl Lay Lay,"Comedy,Family",4.6,822
2022-01-24,1,1,9,Ozark,TV Show,Yes,"Jul 21, 2017",53,307,tt5071412,Ozark,"Crime,Drama,Thriller",8.4,382255
2022-01-24,2,2,1,Archive 81,TV Show,Yes,"Jan 14, 2022",10,92,tt13365348,Archive 81,"Drama,Horror,Mystery",7.3,66085
2022-01-24,3,3,-,Too Hot to Handle,TV Show,Yes,"Apr 17, 2020",39,241,tt12004280,Too Hot to Handle,"Documentary,Game-Show,Reality-TV",4.8,16015
2022-01-24,4,4,-,The Royal Treatment,Movie,Yes,"Jan 20, 2022",4,29,tt13989030,The Royal Treatment,"Comedy,Family,Romance",5.3,12471
2022-01-24,5,5,2,Cheer,TV Show,Yes,"Jan 8, 2020",12,100,tt11426660,Cheer,"Documentary,Sport",8.0,7183
2022-01-24,6,6,4,Cobra Kai,TV Show,,"Aug 28, 2020",77,567,tt7221388,Cobra Kai,"Action,Comedy,Drama",8.4,237505
2022-01-24,7,7,-,Annabelle: Creation,Movie,,"Jan 20, 2022",4,15,tt5140878,Annabelle: Creation,"Horror,Mystery,Thriller",6.5,166824
2022-01-24,8,10,-,That Girl Lay Lay,TV Show,,"Jan 21, 2022",2,4,tt14442054,That Girl Lay Lay,"Comedy,Family",4.6,822
2022-01-24,9,9,7,The Witcher,TV Show,Yes,"Dec 20, 2019",42,282,tt5180504,The Witcher,"Action,Adventure,Drama",7.9,611943
2022-01-24,10,-,-,Cocomelon,TV Show,,"Jun 1, 2020",420,1446,tt12427840,Cocomelon,"Adventure,Animation,Family",3.6,1419
2022-01-25,1,1,8,Ozark,TV Show,Yes,"Jul 21, 2017",54,317,tt5071412,Ozark,"Crime,Drama,Thriller",8.4,382255
2022-01-25,2,2,1,Archive 81,TV Show,Yes,"Jan 14, 2022",11,101,tt13365348,Archive 81,"Drama,Horror,Mystery",7.3,66085
2022-01-25,3,3,-,Too Hot to Handle,TV Show,Yes,"Apr 17, 2020",40,249,tt12004280,Too Hot to Handle,"Documentary,Game-Show,Reality-TV",4.8,16015
2022-01-25,4,4,-,The Royal Treatment,Movie,Yes,"Jan 20, 2022",5,36,tt13989030,The Royal Treatment,"Comedy,Family,Romance",5.3,12471
2022-01-25,5,5,2,Cheer,TV Show,Yes,"Jan 8, 2020",13,106,tt11426660,Cheer,"Documentary,Sport",8.0,7183
2022-01-25,6,6,5,Cobra Kai,TV Show,,"Aug 28, 2020",78,572,tt7221388,Cobra Kai,"Action,Comedy,Drama",8.4,237505
2022-01-25,7,10,-,Cocomelon,TV Show,,"Jun 1, 2020",421,1450,tt12427840,Cocomelon,"Adventure,Animation,Family",3.6,1419
2022-01-25,8,9,7,The Witcher,TV Show,Yes,"Dec 20, 2019",43,285,tt5180504,The Witcher,"Action,Adventure,Drama",7.9,611943
2022-01-25,9,8,-,That Girl Lay Lay,TV Show,,"Jan 21, 2022",3,6,tt14442054,That Girl Lay Lay,"Comedy,Family",4.6,822
2022-01-25,10,-,-,Munich: The Edge of War,Movie,Yes,"Jan 21, 2022",1,1,tt7475578,Munich: The Edge of War,"Biography,Drama,History",6.8,38710
2022-01-26,1,1,9,Ozark,TV Show,Yes,"Jul 21, 2017",55,327,tt5071412,Ozark,"Crime,Drama,Thriller",8.4,382255
2022-01-26,2,2,1,Archive 81,TV Show,Yes,"Jan 14, 2022",12,110,tt13365348,Archive 81,"Drama,Horror,Mystery",7.3,66085
2022-01-26,3,3,-,Too Hot to Handle,TV Show,Yes,"Apr 17, 2020",41,257,tt12004280,Too Hot to Handle,"Documentary,Game-Show,Reality-TV",4.8,16015
2022-01-26,4,4,-,The Royal Treatment,Movie,Yes,"Jan 20, 2022",6,43,tt13989030,The Royal Treatment,"Comedy,Family,Romance",5.3,12471
2022-01-26,5,5,2,Cheer,TV Show,Yes,"Jan 8, 2020",14,112,tt11426660,Cheer,"Documentary,Sport",8.0,7183
2022-01-26,6,7,-,Cocomelon,TV Show,,"Jun 1, 2020",422,1455,tt12427840,Cocomelon,"Adventure,Animation,Family",3.6,1419
2022-01-26,7,6,5,Cobra Kai,TV Show,,"Aug 28, 2020",79,576,tt7221388,Cobra Kai,"Action,Comedy,Drama",8.4,237505
2022-01-26,8,10,-,Munich: The Edge of War,Movie,Yes,"Jan 21, 2022",2,4,tt7475578,Munich: The Edge of War,"Biography,Drama,History",6.8,38710
2022-01-26,9,8,8,The Witcher,TV Show,Yes,"Dec 20, 2019",44,287,tt5180504,The Witcher,"Action,Adventure,Drama",7.9,611943
2022-01-26,10,9,-,That Girl Lay Lay,TV Show,,"Jan 21, 2022",4,7,tt14442054,That Girl Lay Lay,"Comedy,Family",4.6,822
2022-01-27,1,1,9,Ozark,TV Show,Yes,"Jul 21, 2017",56,337,tt5071412,Ozark,"Crime,Drama,Thriller",8.4,382255
2022-01-27,2,2,1,Archive 81,TV Show,Yes,"Jan 14, 2022",13,119,tt13365348,Archive 81,"Drama,Horror,Mystery",7.3,66085
2022-01-27,3,3,2,Too Hot to Handle,TV Show,Yes,"Apr 17, 2020",43,273,tt12004280,Too Hot to Handle,"Documentary,Game-Show,Reality-TV",4.8,16015
2022-01-27,4,4,-,The Royal Treatment,Movie,Yes,"Jan 20, 2022",7,50,tt13989030,The Royal Treatment,"Comedy,Family,Romance",5.3,12471
2022-01-27,5,5,3,Cheer,TV Show,Yes,"Jan 8, 2020",15,118,tt11426660,Cheer,"Documentary,Sport",8.0,7183
2022-01-27,6,6,-,Cocomelon,TV Show,,"Jun 1, 2020",423,1460,tt12427840,Cocomelon,"Adventure,Animation,Family",3.6,1419
2022-01-27,7,7,6,Cobra Kai,TV Show,,"Aug 28, 2020",80,580,tt7221388,Cobra Kai,"Action,Comedy,Drama",8.4,237505
2022-01-27,8,8,-,Munich: The Edge of War,Movie,Yes,"Jan 21, 2022",3,7,tt7475578,Munich: The Edge of War,"Biography,Drama,History",6.8,38710
2022-01-27,9,10,-,That Girl Lay Lay,TV Show,,"Jan 21, 2022",5,9,tt14442054,That Girl Lay Lay,"Comedy,Family",4.6,822
2022-01-27,10,9,10,The Witcher,TV Show,Yes,"Dec 20, 2019",45,288,tt5180504,The Witcher,"Action,Adventure,Drama",7.9,611943
2022-01-28,1,1,6,Ozark,TV Show,Yes,"Jul 21, 2017",57,347,tt5071412,Ozark,"Crime,Drama,Thriller",8.4,382255
2022-01-28,2,2,1,Archive 81,TV Show,Yes,"Jan 14, 2022",14,128,tt13365348,Archive 81,"Drama,Horror,Mystery",7.3,66085
2022-01-28,3,3,2,Too Hot to Handle,TV Show,Yes,"Apr 17, 2020",44,281,tt12004280,Too Hot to Handle,"Documentary,Game-Show,Reality-TV",4.8,16015
2022-01-28,4,-,-,Chosen,TV Show,Yes,"Jan 27, 2022",1,7,tt0533407,Chosen,"Action,Adventure,Drama",9.3,5193
2022-01-28,5,6,-,Cocomelon,TV Show,,"Jun 1, 2020",424,1466,tt12427840,Cocomelon,"Adventure,Animation,Family",3.6,1419
2022-01-28,6,5,4,Cheer,TV Show,Yes,"Jan 8, 2020",16,123,tt11426660,Cheer,"Documentary,Sport",8.0,7183
2022-01-28,7,4,3,The Royal Treatment,Movie,Yes,"Jan 20, 2022",8,54,tt13989030,The Royal Treatment,"Comedy,Family,Romance",5.3,12471
2022-01-28,8,-,-,I Am Georgina,TV Show,Yes,"Jan 27, 2022",1,3,tt15494864,I Am Georgina,Reality-TV,4.1,4593
2022-01-28,9,7,5,Cobra Kai,TV Show,,"Aug 28, 2020",81,582,tt7221388,Cobra Kai,"Action,Comedy,Drama",8.4,237505
2022-01-28,10,9,-,That Girl Lay Lay,TV Show,,"Jan 21, 2022",6,10,tt14442054,That Girl Lay Lay,"Comedy,Family",4.6,822
2022-01-29,1,1,1,Ozark,TV Show,Yes,"Jul 21, 2017",58,357,tt5071412,Ozark,"Crime,Drama,Thriller",8.4,382255
2022-01-29,2,-,-,The Woman in the House Acro…,TV Show,Yes,"Jan 28, 2022",1,9,,,,,
2022-01-29,3,-,-,All of Us Are Dead,TV Show,Yes,"Jan 28, 2022",1,8,tt14169960,All of Us Are Dead,"Action,Drama,Fantasy",7.6,85526
2022-01-29,4,-,-,Home Team,Movie,Yes,"Jan 28, 2022",1,7,tt14592064,Home Team,"Comedy,Drama,Sport",6.0,23787
2022-01-29,5,-,-,In From the Cold,TV Show,Yes,"Jan 28, 2022",1,6,tt11859542,In from the Cold,"Action,Crime,Drama",6.3,10506
2022-01-29,6,2,2,Archive 81,TV Show,Yes,"Jan 14, 2022",15,133,tt13365348,Archive 81,"Drama,Horror,Mystery",7.3,66085
2022-01-29,7,3,3,Too Hot to Handle,TV Show,Yes,"Apr 17, 2020",45,285,tt12004280,Too Hot to Handle,"Documentary,Game-Show,Reality-TV",4.8,16015
2022-01-29,8,5,8,Cocomelon,TV Show,,"Jun 1, 2020",425,1469,tt12427840,Cocomelon,"Adventure,Animation,Family",3.6,1419
2022-01-29,9,8,-,I Am Georgina,TV Show,Yes,"Jan 27, 2022",2,5,tt15494864,I Am Georgina,Reality-TV,4.1,4593
2022-01-29,10,10,-,That Girl Lay Lay,TV Show,,"Jan 21, 2022",7,11,tt14442054,That Girl Lay Lay,"Comedy,Family",4.6,822
2022-01-30,1,2,-,The Woman in the House Acro…,TV Show,Yes,"Jan 28, 2022",2,19,,,,,
2022-01-30,2,1,1,Ozark,TV Show,Yes,"Jul 21, 2017",59,366,tt5071412,Ozark,"Crime,Drama,Thriller",8.4,382255
2022-01-30,3,3,-,All of Us Are Dead,TV Show,Yes,"Jan 28, 2022",2,16,tt14169960,All of Us Are Dead,"Action,Drama,Fantasy",7.6,85526
2022-01-30,4,4,-,Home Team,Movie,Yes,"Jan 28, 2022",2,14,tt14592064,Home Team,"Comedy,Drama,Sport",6.0,23787
2022-01-30,5,5,-,In From the Cold,TV Show,Yes,"Jan 28, 2022",2,12,tt11859542,In from the Cold,"Action,Crime,Drama",6.3,10506
2022-01-30,6,6,2,Archive 81,TV Show,Yes,"Jan 14, 2022",16,138,tt13365348,Archive 81,"Drama,Horror,Mystery",7.3,66085
2022-01-30,7,7,3,Too Hot to Handle,TV Show,Yes,"Apr 17, 2020",46,289,tt12004280,Too Hot to Handle,"Documentary,Game-Show,Reality-TV",4.8,16015
2022-01-30,8,10,10,That Girl Lay Lay,TV Show,,"Jan 21, 2022",8,14,tt14442054,That Girl Lay Lay,"Comedy,Family",4.6,822
2022-01-30,9,9,-,I Am Georgina,TV Show,Yes,"Jan 27, 2022",3,7,tt15494864,I Am Georgina,Reality-TV,4.1,4593
2022-01-30,10,-,5,Cheer,TV Show,Yes,"Jan 8, 2020",17,124,tt11426660,Cheer,"Documentary,Sport",8.0,7183
2022-01-31,1,1,-,The Woman in the House Acro…,TV Show,Yes,"Jan 28, 2022",3,29,,,,,
2022-01-31,2,3,-,All of Us Are Dead,TV Show,Yes,"Jan 28, 2022",3,25,tt14169960,All of Us Are Dead,"Action,Drama,Fantasy",7.6,85526
2022-01-31,3,2,1,Ozark,TV Show,Yes,"Jul 21, 2017",60,374,tt5071412,Ozark,"Crime,Drama,Thriller",8.4,382255
2022-01-31,4,5,-,In From the Cold,TV Show,Yes,"Jan 28, 2022",3,19,tt11859542,In from the Cold,"Action,Crime,Drama",6.3,10506
2022-01-31,5,4,-,Home Team,Movie,Yes,"Jan 28, 2022",3,20,tt14592064,Home Team,"Comedy,Drama,Sport",6.0,23787
2022-01-31,6,6,2,Archive 81,TV Show,Yes,"Jan 14, 2022",17,143,tt13365348,Archive 81,"Drama,Horror,Mystery",7.3,66085
2022-01-31,7,7,3,Too Hot to Handle,TV Show,Yes,"Apr 17, 2020",47,293,tt12004280,Too Hot to Handle,"Documentary,Game-Show,Reality-TV",4.8,16015
2022-01-31,8,8,8,That Girl Lay Lay,TV Show,,"Jan 21, 2022",9,17,tt14442054,That Girl Lay Lay,"Comedy,Family",4.6,822
2022-01-31,9,9,-,I Am Georgina,TV Show,Yes,"Jan 27, 2022",4,9,tt15494864,I Am Georgina,Reality-TV,4.1,4593
2022-01-31,10,-,-,Feria: The Darkest Light,TV Show,Yes,"Jan 28, 2022",1,1,tt13323004,Feria: The Darkest Light,"Crime,Drama,Fantasy",5.6,3308
2022-02-01,1,1,-,The Woman in the House Acro…,TV Show,Yes,"Jan 28, 2022",4,39,,,,,
2022-02-01,2,2,-,All of Us Are Dead,TV Show,Yes,"Jan 28, 2022",4,34,tt14169960,All of Us Are Dead,"Action,Drama,Fantasy",7.6,85526
2022-02-01,3,3,1,Ozark,TV Show,Yes,"Jul 21, 2017",61,382,tt5071412,Ozark,"Crime,Drama,Thriller",8.4,382255
2022-02-01,4,4,-,In From the Cold,TV Show,Yes,"Jan 28, 2022",4,26,tt11859542,In from the Cold,"Action,Crime,Drama",6.3,10506
2022-02-01,5,5,-,Home Team,Movie,Yes,"Jan 28, 2022",4,26,tt14592064,Home Team,"Comedy,Drama,Sport",6.0,23787
2022-02-01,6,6,2,Archive 81,TV Show,Yes,"Jan 14, 2022",18,148,tt13365348,Archive 81,"Drama,Horror,Mystery",7.3,66085
2022-02-01,7,7,3,Too Hot to Handle,TV Show,Yes,"Apr 17, 2020",48,297,tt12004280,Too Hot to Handle,"Documentary,Game-Show,Reality-TV",4.8,16015
2022-02-01,8,10,-,Feria: The Darkest Light,TV Show,Yes,"Jan 28, 2022",2,4,tt13323004,Feria: The Darkest Light,"Crime,Drama,Fantasy",5.6,3308
2022-02-01,9,-,7,Cocomelon,TV Show,,"Jun 1, 2020",426,1471,tt12427840,Cocomelon,"Adventure,Animation,Family",3.6,1419
2022-02-01,10,-,-,Can You Keep a Secret?,Movie,,"Jan 31, 2022",1,1,tt8707922,Can You Keep a Secret?,"Comedy,Romance",5.4,22661
2022-02-02,1,1,-,The Woman in the House Acro…,TV Show,Yes,"Jan 28, 2022",5,49,,,,,
2022-02-02,2,2,-,All of Us Are Dead,TV Show,Yes,"Jan 28, 2022",5,43,tt14169960,All of Us Are Dead,"Action,Drama,Fantasy",7.6,85526
2022-02-02,3,-,-,Raising Dion,TV Show,Yes,"Oct 4, 2019",1,8,tt7826108,Raising Dion,"Drama,Sci-Fi",7.1,17602
2022-02-02,4,3,1,Ozark,TV Show,Yes,"Jul 21, 2017",62,389,tt5071412,Ozark,"Crime,Drama,Thriller",8.4,382255
2022-02-02,5,4,-,In From the Cold,TV Show,Yes,"Jan 28, 2022",5,32,tt11859542,In from the Cold,"Action,Crime,Drama",6.3,10506
2022-02-02,6,5,-,Home Team,Movie,Yes,"Jan 28, 2022",5,31,tt14592064,Home Team,"Comedy,Drama,Sport",6.0,23787
2022-02-02,7,-,-,Transformers: Revenge of th…,Movie,,"Feb 1, 2022",1,4,,,,,
2022-02-02,8,-,-,Despicable Me 2,Movie,,"Feb 1, 2022",1,3,tt1690953,Despicable Me 2,"Adventure,Animation,Comedy",7.3,452479
2022-02-02,9,10,-,Can You Keep a Secret?,Movie,,"Jan 31, 2022",2,3,tt8707922,Can You Keep a Secret?,"Comedy,Romance",5.4,22661
2022-02-02,10,6,2,Archive 81,TV Show,Yes,"Jan 14, 2022",19,149,tt13365348,Archive 81,"Drama,Horror,Mystery",7.3,66085
2022-02-03,1,3,-,Raising Dion,TV Show,Yes,"Oct 4, 2019",2,18,tt7826108,Raising Dion,"Drama,Sci-Fi",7.1,17602
2022-02-03,2,1,-,The Woman in the House Acro…,TV Show,Yes,"Jan 28, 2022",6,58,,,,,
2022-02-03,3,2,-,All of Us Are Dead,TV Show,Yes,"Jan 28, 2022",6,51,tt14169960,All of Us Are Dead,"Action,Drama,Fantasy",7.6,85526
2022-02-03,4,4,1,Ozark,TV Show,Yes,"Jul 21, 2017",63,396,tt5071412,Ozark,"Crime,Drama,Thriller",8.4,382255
2022-02-03,5,5,-,In From the Cold,TV Show,Yes,"Jan 28, 2022",6,38,tt11859542,In from the Cold,"Action,Crime,Drama",6.3,10506
2022-02-03,6,8,-,Despicable Me 2,Movie,,"Feb 1, 2022",2,8,tt1690953,Despicable Me 2,"Adventure,Animation,Comedy",7.3,452479
2022-02-03,7,-,-,The Tinder Swindler,Movie,Yes,"Feb 2, 2022",1,4,tt14992922,The Tinder Swindler,"Crime,Documentary",7.1,76878
2022-02-03,8,6,-,Home Team,Movie,Yes,"Jan 28, 2022",6,34,tt14592064,Home Team,"Comedy,Drama,Sport",6.0,23787
2022-02-03,9,7,-,Transformers: Revenge of th…,Movie,,"Feb 1, 2022",2,6,,,,,
2022-02-03,10,-,-,The Lucky One,Movie,,"Feb 1, 2022",1,1,tt1327194,The Lucky One,"Drama,Mystery,Romance",6.4,117494
2022-02-04,1,3,-,All of Us Are Dead,TV Show,Yes,"Jan 28, 2022",7,61,tt14169960,All of Us Are Dead,"Action,Drama,Fantasy",7.6,85526
2022-02-04,2,2,-,The Woman in the House Acro…,TV Show,Yes,"Jan 28, 2022",7,67,,,,,
2022-02-04,3,1,-,Raising Dion,TV Show,Yes,"Oct 4, 2019",3,26,tt7826108,Raising Dion,"Drama,Sci-Fi",7.1,17602
2022-02-04,4,4,1,Ozark,TV Show,Yes,"Jul 21, 2017",64,403,tt5071412,Ozark,"Crime,Drama,Thriller",8.4,382255
2022-02-04,5,7,-,The Tinder Swindler,Movie,Yes,"Feb 2, 2022",2,10,tt14992922,The Tinder Swindler,"Crime,Documentary",7.1,76878
2022-02-04,6,5,-,In From the Cold,TV Show,Yes,"Jan 28, 2022",7,43,tt11859542,In from the Cold,"Action,Crime,Drama",6.3,10506
2022-02-04,7,6,-,Despicable Me 2,Movie,,"Feb 1, 2022",3,12,tt1690953,Despicable Me 2,"Adventure,Animation,Comedy",7.3,452479
2022-02-04,8,9,-,Transformers: Revenge of th…,Movie,,"Feb 1, 2022",3,9,,,,,
2022-02-04,9,8,-,Home Team,Movie,Yes,"Jan 28, 2022",7,36,tt14592064,Home Team,"Comedy,Drama,Sport",6.0,23787
2022-02-04,10,-,-,Dark Desire,TV Show,Yes,"Jul 15, 2020",16,63,tt12540080,Dark Desire,"Crime,Drama,Mystery",6.5,10407
2022-02-05,1,-,-,Sweet Magnolias,TV Show,Yes,"May 19, 2020",20,153,tt9077540,Sweet Magnolias,"Drama,Romance",7.3,27514
2022-02-05,2,1,3,All of Us Are Dead,TV Show,Yes,"Jan 28, 2022",8,70,tt14169960,All of Us Are Dead,"Action,Drama,Fantasy",7.6,85526
2022-02-05,3,3,-,Raising Dion,TV Show,Yes,"Oct 4, 2019",4,34,tt7826108,Raising Dion,"Drama,Sci-Fi",7.1,17602
2022-02-05,4,2,2,The Woman in the House Acro…,TV Show,Yes,"Jan 28, 2022",8,74,,,,,
2022-02-05,5,4,1,Ozark,TV Show,Yes,"Jul 21, 2017",65,409,tt5071412,Ozark,"Crime,Drama,Thriller",8.4,382255
2022-02-05,6,7,-,Despicable Me 2,Movie,,"Feb 1, 2022",4,17,tt1690953,Despicable Me 2,"Adventure,Animation,Comedy",7.3,452479
2022-02-05,7,5,-,The Tinder Swindler,Movie,Yes,"Feb 2, 2022",3,14,tt14992922,The Tinder Swindler,"Crime,Documentary",7.1,76878
2022-02-05,8,6,5,In From the Cold,TV Show,Yes,"Jan 28, 2022",8,46,tt11859542,In from the Cold,"Action,Crime,Drama",6.3,10506
2022-02-05,9,9,4,Home Team,Movie,Yes,"Jan 28, 2022",8,38,tt14592064,Home Team,"Comedy,Drama,Sport",6.0,23787
2022-02-05,10,-,-,Murderville,TV Show,Yes,"Feb 3, 2022",1,1,tt15264192,Murderville,"Comedy,Crime,Mystery",6.9,16351
2022-02-06,1,1,-,Sweet Magnolias,TV Show,Yes,"May 19, 2020",21,163,tt9077540,Sweet Magnolias,"Drama,Romance",7.3,27514
2022-02-06,2,2,3,All of Us Are Dead,TV Show,Yes,"Jan 28, 2022",9,79,tt14169960,All of Us Are Dead,"Action,Drama,Fantasy",7.6,85526
2022-02-06,3,3,-,Raising Dion,TV Show,Yes,"Oct 4, 2019",5,42,tt7826108,Raising Dion,"Drama,Sci-Fi",7.1,17602
2022-02-06,4,4,1,The Woman in the House Acro…,TV Show,Yes,"Jan 28, 2022",9,81,,,,,
2022-02-06,5,5,2,Ozark,TV Show,Yes,"Jul 21, 2017",66,415,tt5071412,Ozark,"Crime,Drama,Thriller",8.4,382255
2022-02-06,6,7,-,The Tinder Swindler,Movie,Yes,"Feb 2, 2022",4,19,tt14992922,The Tinder Swindler,"Crime,Documentary",7.1,76878
2022-02-06,7,6,-,Despicable Me 2,Movie,,"Feb 1, 2022",5,21,tt1690953,Despicable Me 2,"Adventure,Animation,Comedy",7.3,452479
2022-02-06,8,8,5,In From the Cold,TV Show,Yes,"Jan 28, 2022",9,49,tt11859542,In from the Cold,"Action,Crime,Drama",6.3,10506
2022-02-06,9,9,4,Home Team,Movie,Yes,"Jan 28, 2022",9,40,tt14592064,Home Team,"Comedy,Drama,Sport",6.0,23787
2022-02-06,10,10,-,Murderville,TV Show,Yes,"Feb 3, 2022",2,2,tt15264192,Murderville,"Comedy,Crime,Mystery",6.9,16351
2022-02-07,1,1,-,Sweet Magnolias,TV Show,Yes,"May 19, 2020",22,173,tt9077540,Sweet Magnolias,"Drama,Romance",7.3,27514
2022-02-07,2,2,2,All of Us Are Dead,TV Show,Yes,"Jan 28, 2022",10,88,tt14169960,All of Us Are Dead,"Action,Drama,Fantasy",7.6,85526
2022-02-07,3,5,3,Ozark,TV Show,Yes,"Jul 21, 2017",67,423,tt5071412,Ozark,"Crime,Drama,Thriller",8.4,382255
2022-02-07,4,3,-,Raising Dion,TV Show,Yes,"Oct 4, 2019",6,49,tt7826108,Raising Dion,"Drama,Sci-Fi",7.1,17602
2022-02-07,5,4,1,The Woman in the House Acro…,TV Show,Yes,"Jan 28, 2022",10,87,,,,,
2022-02-07,6,6,-,The Tinder Swindler,Movie,Yes,"Feb 2, 2022",5,24,tt14992922,The Tinder Swindler,"Crime,Documentary",7.1,76878
2022-02-07,7,7,-,Despicable Me 2,Movie,,"Feb 1, 2022",6,25,tt1690953,Despicable Me 2,"Adventure,Animation,Comedy",7.3,452479
2022-02-07,8,8,4,In From the Cold,TV Show,Yes,"Jan 28, 2022",10,52,tt11859542,In from the Cold,"Action,Crime,Drama",6.3,10506
2022-02-07,9,10,-,Murderville,TV Show,Yes,"Feb 3, 2022",3,4,tt15264192,Murderville,"Comedy,Crime,Mystery",6.9,16351
2022-02-07,10,9,5,Home Team,Movie,Yes,"Jan 28, 2022",10,41,tt14592064,Home Team,"Comedy,Drama,Sport",6.0,23787
2022-02-08,1,1,-,Sweet Magnolias,TV Show,Yes,"May 19, 2020",23,183,tt9077540,Sweet Magnolias,"Drama,Romance",7.3,27514
2022-02-08,2,2,2,All of Us Are Dead,TV Show,Yes,"Jan 28, 2022",11,97,tt14169960,All of Us Are Dead,"Action,Drama,Fantasy",7.6,85526
2022-02-08,3,3,3,Ozark,TV Show,Yes,"Jul 21, 2017",68,431,tt5071412,Ozark,"Crime,Drama,Thriller",8.4,382255
2022-02-08,4,4,-,Raising Dion,TV Show,Yes,"Oct 4, 2019",7,56,tt7826108,Raising Dion,"Drama,Sci-Fi",7.1,17602
2022-02-08,5,6,-,The Tinder Swindler,Movie,Yes,"Feb 2, 2022",6,30,tt14992922,The Tinder Swindler,"Crime,Documentary",7.1,76878
2022-02-08,6,5,1,The Woman in the House Acro…,TV Show,Yes,"Jan 28, 2022",11,92,,,,,
2022-02-08,7,7,-,Despicable Me 2,Movie,,"Feb 1, 2022",7,29,tt1690953,Despicable Me 2,"Adventure,Animation,Comedy",7.3,452479
2022-02-08,8,8,4,In From the Cold,TV Show,Yes,"Jan 28, 2022",11,55,tt11859542,In from the Cold,"Action,Crime,Drama",6.3,10506
2022-02-08,9,9,-,Murderville,TV Show,Yes,"Feb 3, 2022",4,6,tt15264192,Murderville,"Comedy,Crime,Mystery",6.9,16351
2022-02-08,10,-,-,Dark Desire,TV Show,Yes,"Jul 15, 2020",17,64,tt12540080,Dark Desire,"Crime,Drama,Mystery",6.5,10407
2022-02-09,1,1,-,Sweet Magnolias,TV Show,Yes,"May 19, 2020",24,193,tt9077540,Sweet Magnolias,"Drama,Romance",7.3,27514
2022-02-09,2,2,2,All of Us Are Dead,TV Show,Yes,"Jan 28, 2022",12,106,tt14169960,All of Us Are Dead,"Action,Drama,Fantasy",7.6,85526
2022-02-09,3,3,4,Ozark,TV Show,Yes,"Jul 21, 2017",69,439,tt5071412,Ozark,"Crime,Drama,Thriller",8.4,382255
2022-02-09,4,5,-,The Tinder Swindler,Movie,Yes,"Feb 2, 2022",7,37,tt14992922,The Tinder Swindler,"Crime,Documentary",7.1,76878
2022-02-09,5,4,3,Raising Dion,TV Show,Yes,"Oct 4, 2019",8,62,tt7826108,Raising Dion,"Drama,Sci-Fi",7.1,17602
2022-02-09,6,6,1,The Woman in the House Acro…,TV Show,Yes,"Jan 28, 2022",12,97,,,,,
2022-02-09,7,7,8,Despicable Me 2,Movie,,"Feb 1, 2022",8,33,tt1690953,Despicable Me 2,"Adventure,Animation,Comedy",7.3,452479
2022-02-09,8,-,-,Despicable Me,Movie,,"Apr 16, 2020",11,76,tt1323594,Despicable Me,"Adventure,Animation,Comedy",7.6,622141
2022-02-09,9,10,-,Dark Desire,TV Show,Yes,"Jul 15, 2020",18,66,tt12540080,Dark Desire,"Crime,Drama,Mystery",6.5,10407
2022-02-09,10,8,5,In From the Cold,TV Show,Yes,"Jan 28, 2022",12,56,tt11859542,In from the Cold,"Action,Crime,Drama",6.3,10506
2022-02-10,1,1,-,Sweet Magnolias,TV Show,Yes,"May 19, 2020",25,203,tt9077540,Sweet Magnolias,"Drama,Romance",7.3,27514
2022-02-10,2,2,3,All of Us Are Dead,TV Show,Yes,"Jan 28, 2022",13,115,tt14169960,All of Us Are Dead,"Action,Drama,Fantasy",7.6,85526
2022-02-10,3,3,4,Ozark,TV Show,Yes,"Jul 21, 2017",70,447,tt5071412,Ozark,"Crime,Drama,Thriller",8.4,382255
2022-02-10,4,4,7,The Tinder Swindler,Movie,Yes,"Feb 2, 2022",8,44,tt14992922,The Tinder Swindler,"Crime,Documentary",7.1,76878
2022-02-10,5,5,1,Raising Dion,TV Show,Yes,"Oct 4, 2019",9,68,tt7826108,Raising Dion,"Drama,Sci-Fi",7.1,17602
2022-02-10,6,-,-,Catching Killers,TV Show,Yes,"Nov 4, 2021",8,27,tt15723914,Catching Killers,"Crime,Documentary,Mystery",7.2,6176
2022-02-10,7,7,6,Despicable Me 2,Movie,,"Feb 1, 2022",9,37,tt1690953,Despicable Me 2,"Adventure,Animation,Comedy",7.3,452479
2022-02-10,8,6,2,The Woman in the House Acro…,TV Show,Yes,"Jan 28, 2022",13,100,,,,,
2022-02-10,9,-,-,Disenchantment,TV Show,Yes,"Aug 17, 2018",6,18,tt5363918,Disenchantment,"Action,Adventure,Animation",7.2,78674
2022-02-10,10,8,-,Despicable Me,Movie,,"Apr 16, 2020",12,77,tt1323594,Despicable Me,"Adventure,Animation,Comedy",7.6,622141
2022-02-11,1,1,-,Sweet Magnolias,TV Show,Yes,"May 19, 2020",26,213,tt9077540,Sweet Magnolias,"Drama,Romance",7.3,27514
2022-02-11,2,2,1,All of Us Are Dead,TV Show,Yes,"Jan 28, 2022",14,124,tt14169960,All of Us Are Dead,"Action,Drama,Fantasy",7.6,85526
2022-02-11,3,6,-,Catching Killers,TV Show,Yes,"Nov 4, 2021",9,35,tt15723914,Catching Killers,"Crime,Documentary,Mystery",7.2,6176
2022-02-11,4,3,4,Ozark,TV Show,Yes,"Jul 21, 2017",71,454,tt5071412,Ozark,"Crime,Drama,Thriller",8.4,382255
2022-02-11,5,4,5,The Tinder Swindler,Movie,Yes,"Feb 2, 2022",9,50,tt14992922,The Tinder Swindler,"Crime,Documentary",7.1,76878
2022-02-11,6,5,3,Raising Dion,TV Show,Yes,"Oct 4, 2019",10,73,tt7826108,Raising Dion,"Drama,Sci-Fi",7.1,17602
2022-02-11,7,7,7,Despicable Me 2,Movie,,"Feb 1, 2022",10,41,tt1690953,Despicable Me 2,"Adventure,Animation,Comedy",7.3,452479
2022-02-11,8,8,2,The Woman in the House Acro…,TV Show,Yes,"Jan 28, 2022",14,103,,,,,
2022-02-11,9,9,-,Disenchantment,TV Show,Yes,"Aug 17, 2018",7,20,tt5363918,Disenchantment,"Action,Adventure,Animation",7.2,78674
2022-02-11,10,10,-,Despicable Me,Movie,,"Apr 16, 2020",13,78,tt1323594,Despicable Me,"Adventure,Animation,Comedy",7.6,622141
2022-02-12,1,-,-,Inventing Anna,TV Show,Yes,"Feb 11, 2022",1,10,tt8740976,Inventing Anna,Drama,6.9,88880
2022-02-12,2,1,1,Sweet Magnolias,TV Show,Yes,"May 19, 2020",27,222,tt9077540,Sweet Magnolias,"Drama,Romance",7.3,27514
2022-02-12,3,-,-,Love is Blind,TV Show,Yes,"Feb 13, 2020",19,99,tt11704040,Love Is Blind,"Reality-TV,Romance",6.2,13125
2022-02-12,4,-,-,Tall Girl 2,Movie,Yes,"Feb 11, 2022",1,7,tt16085592,Tall Girl 2,"Comedy,Drama,Family",4.7,7390
2022-02-12,5,2,2,All of Us Are Dead,TV Show,Yes,"Jan 28, 2022",15,130,tt14169960,All of Us Are Dead,"Action,Drama,Fantasy",7.6,85526
2022-02-12,6,4,5,Ozark,TV Show,Yes,"Jul 21, 2017",72,459,tt5071412,Ozark,"Crime,Drama,Thriller",8.4,382255
2022-02-12,7,5,7,The Tinder Swindler,Movie,Yes,"Feb 2, 2022",10,54,tt14992922,The Tinder Swindler,"Crime,Documentary",7.1,76878
2022-02-12,8,7,6,Despicable Me 2,Movie,,"Feb 1, 2022",11,44,tt1690953,Despicable Me 2,"Adventure,Animation,Comedy",7.3,452479
2022-02-12,9,6,3,Raising Dion,TV Show,Yes,"Oct 4, 2019",11,75,tt7826108,Raising Dion,"Drama,Sci-Fi",7.1,17602
2022-02-12,10,3,-,Catching Killers,TV Show,Yes,"Nov 4, 2021",10,36,tt15723914,Catching Killers,"Crime,Documentary,Mystery",7.2,6176
2022-02-13,1,1,-,Inventing Anna,TV Show,Yes,"Feb 11, 2022",2,20,tt8740976,Inventing Anna,Drama,6.9,88880
2022-02-13,2,3,-,Love is Blind,TV Show,Yes,"Feb 13, 2020",20,108,tt11704040,Love Is Blind,"Reality-TV,Romance",6.2,13125
2022-02-13,3,2,1,Sweet Magnolias,TV Show,Yes,"May 19, 2020",28,230,tt9077540,Sweet Magnolias,"Drama,Romance",7.3,27514
2022-02-13,4,4,-,Tall Girl 2,Movie,Yes,"Feb 11, 2022",2,14,tt16085592,Tall Girl 2,"Comedy,Drama,Family",4.7,7390
2022-02-13,5,5,2,All of Us Are Dead,TV Show,Yes,"Jan 28, 2022",16,136,tt14169960,All of Us Are Dead,"Action,Drama,Fantasy",7.6,85526
2022-02-13,6,6,5,Ozark,TV Show,Yes,"Jul 21, 2017",73,464,tt5071412,Ozark,"Crime,Drama,Thriller",8.4,382255
2022-02-13,7,7,6,The Tinder Swindler,Movie,Yes,"Feb 2, 2022",11,58,tt14992922,The Tinder Swindler,"Crime,Documentary",7.1,76878
2022-02-13,8,8,7,Despicable Me 2,Movie,,"Feb 1, 2022",12,47,tt1690953,Despicable Me 2,"Adventure,Animation,Comedy",7.3,452479
2022-02-13,9,9,3,Raising Dion,TV Show,Yes,"Oct 4, 2019",12,77,tt7826108,Raising Dion,"Drama,Sci-Fi",7.1,17602
2022-02-13,10,10,-,Catching Killers,TV Show,Yes,"Nov 4, 2021",11,37,tt15723914,Catching Killers,"Crime,Documentary,Mystery",7.2,6176
2022-02-14,1,1,-,Inventing Anna,TV Show,Yes,"Feb 11, 2022",3,30,tt8740976,Inventing Anna,Drama,6.9,88880
2022-02-14,2,2,-,Love is Blind,TV Show,Yes,"Feb 13, 2020",21,117,tt11704040,Love Is Blind,"Reality-TV,Romance",6.2,13125
2022-02-14,3,3,1,Sweet Magnolias,TV Show,Yes,"May 19, 2020",29,238,tt9077540,Sweet Magnolias,"Drama,Romance",7.3,27514
2022-02-14,4,5,2,All of Us Are Dead,TV Show,Yes,"Jan 28, 2022",17,143,tt14169960,All of Us Are Dead,"Action,Drama,Fantasy",7.6,85526
2022-02-14,5,4,-,Tall Girl 2,Movie,Yes,"Feb 11, 2022",3,20,tt16085592,Tall Girl 2,"Comedy,Drama,Family",4.7,7390
2022-02-14,6,8,7,Despicable Me 2,Movie,,"Feb 1, 2022",13,52,tt1690953,Despicable Me 2,"Adventure,Animation,Comedy",7.3,452479
2022-02-14,7,6,3,Ozark,TV Show,Yes,"Jul 21, 2017",74,468,tt5071412,Ozark,"Crime,Drama,Thriller",8.4,382255
2022-02-14,8,9,4,Raising Dion,TV Show,Yes,"Oct 4, 2019",13,80,tt7826108,Raising Dion,"Drama,Sci-Fi",7.1,17602
2022-02-14,9,7,6,The Tinder Swindler,Movie,Yes,"Feb 2, 2022",12,60,tt14992922,The Tinder Swindler,"Crime,Documentary",7.1,76878
2022-02-14,10,10,-,Catching Killers,TV Show,Yes,"Nov 4, 2021",12,38,tt15723914,Catching Killers,"Crime,Documentary,Mystery",7.2,6176
2022-02-15,1,1,-,Inventing Anna,TV Show,Yes,"Feb 11, 2022",4,40,tt8740976,Inventing Anna,Drama,6.9,88880
2022-02-15,2,2,-,Love is Blind,TV Show,Yes,"Feb 13, 2020",22,126,tt11704040,Love Is Blind,"Reality-TV,Romance",6.2,13125
2022-02-15,3,3,1,Sweet Magnolias,TV Show,Yes,"May 19, 2020",30,246,tt9077540,Sweet Magnolias,"Drama,Romance",7.3,27514
2022-02-15,4,4,2,All of Us Are Dead,TV Show,Yes,"Jan 28, 2022",18,150,tt14169960,All of Us Are Dead,"Action,Drama,Fantasy",7.6,85526
2022-02-15,5,7,3,Ozark,TV Show,Yes,"Jul 21, 2017",75,474,tt5071412,Ozark,"Crime,Drama,Thriller",8.4,382255
2022-02-15,6,9,5,The Tinder Swindler,Movie,Yes,"Feb 2, 2022",13,65,tt14992922,The Tinder Swindler,"Crime,Documentary",7.1,76878
2022-02-15,7,6,7,Despicable Me 2,Movie,,"Feb 1, 2022",14,56,tt1690953,Despicable Me 2,"Adventure,Animation,Comedy",7.3,452479
2022-02-15,8,5,-,Tall Girl 2,Movie,Yes,"Feb 11, 2022",4,23,tt16085592,Tall Girl 2,"Comedy,Drama,Family",4.7,7390
2022-02-15,9,10,-,Catching Killers,TV Show,Yes,"Nov 4, 2021",13,40,tt15723914,Catching Killers,"Crime,Documentary,Mystery",7.2,6176
2022-02-15,10,8,4,Raising Dion,TV Show,Yes,"Oct 4, 2019",14,81,tt7826108,Raising Dion,"Drama,Sci-Fi",7.1,17602
2022-02-16,1,1,-,Inventing Anna,TV Show,Yes,"Feb 11, 2022",5,50,tt8740976,Inventing Anna,Drama,6.9,88880
2022-02-16,2,2,-,Love is Blind,TV Show,Yes,"Feb 13, 2020",23,135,tt11704040,Love Is Blind,"Reality-TV,Romance",6.2,13125
2022-02-16,3,3,1,Sweet Magnolias,TV Show,Yes,"May 19, 2020",31,254,tt9077540,Sweet Magnolias,"Drama,Romance",7.3,27514
2022-02-16,4,4,2,All of Us Are Dead,TV Show,Yes,"Jan 28, 2022",19,157,tt14169960,All of Us Are Dead,"Action,Drama,Fantasy",7.6,85526
2022-02-16,5,5,3,Ozark,TV Show,Yes,"Jul 21, 2017",76,480,tt5071412,Ozark,"Crime,Drama,Thriller",8.4,382255
2022-02-16,6,6,4,The Tinder Swindler,Movie,Yes,"Feb 2, 2022",14,70,tt14992922,The Tinder Swindler,"Crime,Documentary",7.1,76878
2022-02-16,7,7,7,Despicable Me 2,Movie,,"Feb 1, 2022",15,60,tt1690953,Despicable Me 2,"Adventure,Animation,Comedy",7.3,452479
2022-02-16,8,10,5,Raising Dion,TV Show,Yes,"Oct 4, 2019",15,84,tt7826108,Raising Dion,"Drama,Sci-Fi",7.1,17602
2022-02-16,9,9,-,Catching Killers,TV Show,Yes,"Nov 4, 2021",14,42,tt15723914,Catching Killers,"Crime,Documentary,Mystery",7.2,6176
2022-02-16,10,-,-,St. Vincent,Movie,,"Aug 10, 2016",1,1,tt2170593,St. Vincent,"Comedy,Drama",7.2,112434
2022-02-17,1,1,-,Inventing Anna,TV Show,Yes,"Feb 11, 2022",6,60,tt8740976,Inventing Anna,Drama,6.9,88880
2022-02-17,2,2,-,Love is Blind,TV Show,Yes,"Feb 13, 2020",24,144,tt11704040,Love Is Blind,"Reality-TV,Romance",6.2,13125
2022-02-17,3,3,1,Sweet Magnolias,TV Show,Yes,"May 19, 2020",32,262,tt9077540,Sweet Magnolias,"Drama,Romance",7.3,27514
2022-02-17,4,-,-,jeen-yuhs: A Kanye Trilogy,TV Show,Yes,"Feb 16, 2022",1,7,tt14599438,Jeen-yuhs: A Kanye Trilogy,"Documentary,Music",8.0,12166
2022-02-17,5,5,3,Ozark,TV Show,Yes,"Jul 21, 2017",77,486,tt5071412,Ozark,"Crime,Drama,Thriller",8.4,382255
2022-02-17,6,4,2,All of Us Are Dead,TV Show,Yes,"Jan 28, 2022",20,162,tt14169960,All of Us Are Dead,"Action,Drama,Fantasy",7.6,85526
2022-02-17,7,-,-,Blackhat,Movie,,"Feb 16, 2022",1,4,tt2717822,Blackhat,"Action,Crime,Thriller",5.5,66871
2022-02-17,8,10,-,St. Vincent,Movie,,"Aug 10, 2016",2,4,tt2170593,St. Vincent,"Comedy,Drama",7.2,112434
2022-02-17,9,7,7,Despicable Me 2,Movie,,"Feb 1, 2022",16,62,tt1690953,Despicable Me 2,"Adventure,Animation,Comedy",7.3,452479
2022-02-17,10,6,4,The Tinder Swindler,Movie,Yes,"Feb 2, 2022",15,71,tt14992922,The Tinder Swindler,"Crime,Documentary",7.1,76878
2022-02-18,1,1,-,Inventing Anna,TV Show,Yes,"Feb 11, 2022",7,70,tt8740976,Inventing Anna,Drama,6.9,88880
2022-02-18,2,2,-,Love is Blind,TV Show,Yes,"Feb 13, 2020",25,153,tt11704040,Love Is Blind,"Reality-TV,Romance",6.2,13125
2022-02-18,3,3,1,Sweet Magnolias,TV Show,Yes,"May 19, 2020",33,270,tt9077540,Sweet Magnolias,"Drama,Romance",7.3,27514
2022-02-18,4,4,-,jeen-yuhs: A Kanye Trilogy,TV Show,Yes,"Feb 16, 2022",2,14,tt14599438,Jeen-yuhs: A Kanye Trilogy,"Documentary,Music",8.0,12166
2022-02-18,5,5,4,Ozark,TV Show,Yes,"Jul 21, 2017",78,492,tt5071412,Ozark,"Crime,Drama,Thriller",8.4,382255
2022-02-18,6,-,-,Fistful of Vengeance,Movie,Yes,"Feb 17, 2022",1,5,tt14158554,Fistful of Vengeance,"Action,Crime,Drama",4.5,8016
2022-02-18,7,8,-,St. Vincent,Movie,,"Aug 10, 2016",3,8,tt2170593,St. Vincent,"Comedy,Drama",7.2,112434
2022-02-18,8,6,2,All of Us Are Dead,TV Show,Yes,"Jan 28, 2022",21,165,tt14169960,All of Us Are Dead,"Action,Drama,Fantasy",7.6,85526
2022-02-18,9,7,-,Blackhat,Movie,,"Feb 16, 2022",2,6,tt2717822,Blackhat,"Action,Crime,Thriller",5.5,66871
2022-02-18,10,9,7,Despicable Me 2,Movie,,"Feb 1, 2022",17,63,tt1690953,Despicable Me 2,"Adventure,Animation,Comedy",7.3,452479
2022-02-19,1,1,1,Inventing Anna,TV Show,Yes,"Feb 11, 2022",8,80,tt8740976,Inventing Anna,Drama,6.9,88880
2022-02-19,2,2,3,Love is Blind,TV Show,Yes,"Feb 13, 2020",26,162,tt11704040,Love Is Blind,"Reality-TV,Romance",6.2,13125
2022-02-19,3,-,-,Texas Chainsaw Massacre,Movie,Yes,"Feb 18, 2022",1,8,tt11755740,Texas Chainsaw Massacre,"Crime,Horror,Thriller",4.7,68754
2022-02-19,4,3,2,Sweet Magnolias,TV Show,Yes,"May 19, 2020",34,277,tt9077540,Sweet Magnolias,"Drama,Romance",7.3,27514
2022-02-19,5,-,-,The Cuphead Show,TV Show,Yes,"Feb 18, 2022",1,6,,,,,
2022-02-19,6,-,-,Space Force,TV Show,Yes,"May 29, 2020",26,188,tt9612516,Space Force,Comedy,6.7,74807
2022-02-19,7,4,-,jeen-yuhs: A Kanye Trilogy,TV Show,Yes,"Feb 16, 2022",3,18,tt14599438,Jeen-yuhs: A Kanye Trilogy,"Documentary,Music",8.0,12166
2022-02-19,8,5,6,Ozark,TV Show,Yes,"Jul 21, 2017",79,495,tt5071412,Ozark,"Crime,Drama,Thriller",8.4,382255
2022-02-19,9,8,5,All of Us Are Dead,TV Show,Yes,"Jan 28, 2022",22,167,tt14169960,All of Us Are Dead,"Action,Drama,Fantasy",7.6,85526
2022-02-19,10,10,8,Despicable Me 2,Movie,,"Feb 1, 2022",18,64,tt1690953,Despicable Me 2,"Adventure,Animation,Comedy",7.3,452479
2022-02-20,1,1,1,Inventing Anna,TV Show,Yes,"Feb 11, 2022",9,90,tt8740976,Inventing Anna,Drama,6.9,88880
2022-02-20,2,2,2,Love is Blind,TV Show,Yes,"Feb 13, 2020",27,171,tt11704040,Love Is Blind,"Reality-TV,Romance",6.2,13125
2022-02-20,3,3,-,Texas Chainsaw Massacre,Movie,Yes,"Feb 18, 2022",2,16,tt11755740,Texas Chainsaw Massacre,"Crime,Horror,Thriller",4.7,68754
2022-02-20,4,4,3,Sweet Magnolias,TV Show,Yes,"May 19, 2020",35,284,tt9077540,Sweet Magnolias,"Drama,Romance",7.3,27514
2022-02-20,5,5,-,The Cuphead Show,TV Show,Yes,"Feb 18, 2022",2,12,,,,,
2022-02-20,6,6,-,Space Force,TV Show,Yes,"May 29, 2020",27,193,tt9612516,Space Force,Comedy,6.7,74807
2022-02-20,7,8,6,Ozark,TV Show,Yes,"Jul 21, 2017",80,499,tt5071412,Ozark,"Crime,Drama,Thriller",8.4,382255
2022-02-20,8,9,5,All of Us Are Dead,TV Show,Yes,"Jan 28, 2022",23,170,tt14169960,All of Us Are Dead,"Action,Drama,Fantasy",7.6,85526
2022-02-20,9,-,-,Blackhat,Movie,,"Feb 16, 2022",3,8,tt2717822,Blackhat,"Action,Crime,Thriller",5.5,66871
2022-02-20,10,10,8,Despicable Me 2,Movie,,"Feb 1, 2022",19,65,tt1690953,Despicable Me 2,"Adventure,Animation,Comedy",7.3,452479
2022-02-21,1,1,1,Inventing Anna,TV Show,Yes,"Feb 11, 2022",10,100,tt8740976,Inventing Anna,Drama,6.9,88880
2022-02-21,2,2,2,Love is Blind,TV Show,Yes,"Feb 13, 2020",28,180,tt11704040,Love Is Blind,"Reality-TV,Romance",6.2,13125
2022-02-21,3,3,-,Texas Chainsaw Massacre,Movie,Yes,"Feb 18, 2022",3,24,tt11755740,Texas Chainsaw Massacre,"Crime,Horror,Thriller",4.7,68754
2022-02-21,4,4,3,Sweet Magnolias,TV Show,Yes,"May 19, 2020",36,291,tt9077540,Sweet Magnolias,"Drama,Romance",7.3,27514
2022-02-21,5,6,-,Space Force,TV Show,Yes,"May 29, 2020",28,199,tt9612516,Space Force,Comedy,6.7,74807
2022-02-21,6,5,-,The Cuphead Show,TV Show,Yes,"Feb 18, 2022",3,17,,,,,
2022-02-21,7,7,7,Ozark,TV Show,Yes,"Jul 21, 2017",81,503,tt5071412,Ozark,"Crime,Drama,Thriller",8.4,382255
2022-02-21,8,9,-,Blackhat,Movie,,"Feb 16, 2022",4,11,tt2717822,Blackhat,"Action,Crime,Thriller",5.5,66871
2022-02-21,9,8,4,All of Us Are Dead,TV Show,Yes,"Jan 28, 2022",24,172,tt14169960,All of Us Are Dead,"Action,Drama,Fantasy",7.6,85526
2022-02-21,10,-,-,St. Vincent,Movie,,"Aug 10, 2016",4,9,tt2170593,St. Vincent,"Comedy,Drama",7.2,112434
2022-02-22,1,1,1,Inventing Anna,TV Show,Yes,"Feb 11, 2022",11,110,tt8740976,Inventing Anna,Drama,6.9,88880
2022-02-22,2,2,2,Love is Blind,TV Show,Yes,"Feb 13, 2020",29,189,tt11704040,Love Is Blind,"Reality-TV,Romance",6.2,13125
2022-02-22,3,4,3,Sweet Magnolias,TV Show,Yes,"May 19, 2020",37,299,tt9077540,Sweet Magnolias,"Drama,Romance",7.3,27514
2022-02-22,4,3,-,Texas Chainsaw Massacre,Movie,Yes,"Feb 18, 2022",4,31,tt11755740,Texas Chainsaw Massacre,"Crime,Horror,Thriller",4.7,68754
2022-02-22,5,6,-,The Cuphead Show,TV Show,Yes,"Feb 18, 2022",4,23,,,,,
2022-02-22,6,5,-,Space Force,TV Show,Yes,"May 29, 2020",29,204,tt9612516,Space Force,Comedy,6.7,74807
2022-02-22,7,9,4,All of Us Are Dead,TV Show,Yes,"Jan 28, 2022",25,176,tt14169960,All of Us Are Dead,"Action,Drama,Fantasy",7.6,85526
2022-02-22,8,7,5,Ozark,TV Show,Yes,"Jul 21, 2017",82,506,tt5071412,Ozark,"Crime,Drama,Thriller",8.4,382255
2022-02-22,9,-,7,Despicable Me 2,Movie,,"Feb 1, 2022",20,67,tt1690953,Despicable Me 2,"Adventure,Animation,Comedy",7.3,452479
2022-02-22,10,10,-,St. Vincent,Movie,,"Aug 10, 2016",5,10,tt2170593,St. Vincent,"Comedy,Drama",7.2,112434
2022-02-23,1,1,1,Inventing Anna,TV Show,Yes,"Feb 11, 2022",12,120,tt8740976,Inventing Anna,Drama,6.9,88880
2022-02-23,2,2,2,Love is Blind,TV Show,Yes,"Feb 13, 2020",30,198,tt11704040,Love Is Blind,"Reality-TV,Romance",6.2,13125
2022-02-23,3,3,3,Sweet Magnolias,TV Show,Yes,"May 19, 2020",38,307,tt9077540,Sweet Magnolias,"Drama,Romance",7.3,27514
2022-02-23,4,4,-,Texas Chainsaw Massacre,Movie,Yes,"Feb 18, 2022",5,38,tt11755740,Texas Chainsaw Massacre,"Crime,Horror,Thriller",4.7,68754
2022-02-23,5,8,5,Ozark,TV Show,Yes,"Jul 21, 2017",83,512,tt5071412,Ozark,"Crime,Drama,Thriller",8.4,382255
2022-02-23,6,6,-,Space Force,TV Show,Yes,"May 29, 2020",30,209,tt9612516,Space Force,Comedy,6.7,74807
2022-02-23,7,5,-,The Cuphead Show,TV Show,Yes,"Feb 18, 2022",5,27,,,,,
2022-02-23,8,7,4,All of Us Are Dead,TV Show,Yes,"Jan 28, 2022",26,179,tt14169960,All of Us Are Dead,"Action,Drama,Fantasy",7.6,85526
2022-02-23,9,9,7,Despicable Me 2,Movie,,"Feb 1, 2022",21,69,tt1690953,Despicable Me 2,"Adventure,Animation,Comedy",7.3,452479
2022-02-23,10,10,10,St. Vincent,Movie,,"Aug 10, 2016",6,11,tt2170593,St. Vincent,"Comedy,Drama",7.2,112434
2022-02-24,1,1,1,Inventing Anna,TV Show,Yes,"Feb 11, 2022",13,130,tt8740976,Inventing Anna,Drama,6.9,88880
2022-02-24,2,2,2,Love is Blind,TV Show,Yes,"Feb 13, 2020",31,207,tt11704040,Love Is Blind,"Reality-TV,Romance",6.2,13125
2022-02-24,3,-,4,jeen-yuhs: A Kanye Trilogy,TV Show,Yes,"Feb 16, 2022",4,26,tt14599438,Jeen-yuhs: A Kanye Trilogy,"Documentary,Music",8.0,12166
2022-02-24,4,3,3,Sweet Magnolias,TV Show,Yes,"May 19, 2020",39,314,tt9077540,Sweet Magnolias,"Drama,Romance",7.3,27514
2022-02-24,5,5,5,Ozark,TV Show,Yes,"Jul 21, 2017",84,518,tt5071412,Ozark,"Crime,Drama,Thriller",8.4,382255
2022-02-24,6,8,6,All of Us Are Dead,TV Show,Yes,"Jan 28, 2022",27,184,tt14169960,All of Us Are Dead,"Action,Drama,Fantasy",7.6,85526
2022-02-24,7,7,-,The Cuphead Show,TV Show,Yes,"Feb 18, 2022",6,31,,,,,
2022-02-24,8,6,-,Space Force,TV Show,Yes,"May 29, 2020",31,212,tt9612516,Space Force,Comedy,6.7,74807
2022-02-24,9,9,9,Despicable Me 2,Movie,,"Feb 1, 2022",22,71,tt1690953,Despicable Me 2,"Adventure,Animation,Comedy",7.3,452479
2022-02-24,10,4,-,Texas Chainsaw Massacre,Movie,Yes,"Feb 18, 2022",6,39,tt11755740,Texas Chainsaw Massacre,"Crime,Horror,Thriller",4.7,68754
2022-02-25,1,1,1,Inventing Anna,TV Show,Yes,"Feb 11, 2022",14,140,tt8740976,Inventing Anna,Drama,6.9,88880
2022-02-25,2,2,2,Love is Blind,TV Show,Yes,"Feb 13, 2020",32,216,tt11704040,Love Is Blind,"Reality-TV,Romance",6.2,13125
2022-02-25,3,3,4,jeen-yuhs: A Kanye Trilogy,TV Show,Yes,"Feb 16, 2022",5,34,tt14599438,Jeen-yuhs: A Kanye Trilogy,"Documentary,Music",8.0,12166
2022-02-25,4,4,3,Sweet Magnolias,TV Show,Yes,"May 19, 2020",40,321,tt9077540,Sweet Magnolias,"Drama,Romance",7.3,27514
2022-02-25,5,5,5,Ozark,TV Show,Yes,"Jul 21, 2017",85,524,tt5071412,Ozark,"Crime,Drama,Thriller",8.4,382255
2022-02-25,6,9,10,Despicable Me 2,Movie,,"Feb 1, 2022",23,76,tt1690953,Despicable Me 2,"Adventure,Animation,Comedy",7.3,452479
2022-02-25,7,6,8,All of Us Are Dead,TV Show,Yes,"Jan 28, 2022",28,188,tt14169960,All of Us Are Dead,"Action,Drama,Fantasy",7.6,85526
2022-02-25,8,7,-,The Cuphead Show,TV Show,Yes,"Feb 18, 2022",7,34,,,,,
2022-02-25,9,8,-,Space Force,TV Show,Yes,"May 29, 2020",32,214,tt9612516,Space Force,Comedy,6.7,74807
2022-02-25,10,-,-,Cocomelon,TV Show,,"Jun 1, 2020",427,1472,tt12427840,Cocomelon,"Adventure,Animation,Family",3.6,1419
2022-02-26,1,-,-,Tyler Perryâs A Madea Homec…,Movie,Yes,"Feb 25, 2022",1,10,,,,,
2022-02-26,2,2,2,Love is Blind,TV Show,Yes,"Feb 13, 2020",33,225,tt11704040,Love Is Blind,"Reality-TV,Romance",6.2,13125
2022-02-26,3,1,1,Inventing Anna,TV Show,Yes,"Feb 11, 2022",15,148,tt8740976,Inventing Anna,Drama,6.9,88880
2022-02-26,4,-,-,Vikings: Valhalla,TV Show,Yes,"Feb 25, 2022",1,7,tt11311302,Vikings: Valhalla,"Action,Adventure,Drama",7.4,69319
2022-02-26,5,3,7,jeen-yuhs: A Kanye Trilogy,TV Show,Yes,"Feb 16, 2022",6,40,tt14599438,Jeen-yuhs: A Kanye Trilogy,"Documentary,Music",8.0,12166
2022-02-26,6,4,4,Sweet Magnolias,TV Show,Yes,"May 19, 2020",41,326,tt9077540,Sweet Magnolias,"Drama,Romance",7.3,27514
2022-02-26,7,6,10,Despicable Me 2,Movie,,"Feb 1, 2022",24,80,tt1690953,Despicable Me 2,"Adventure,Animation,Comedy",7.3,452479
2022-02-26,8,5,8,Ozark,TV Show,Yes,"Jul 21, 2017",86,527,tt5071412,Ozark,"Crime,Drama,Thriller",8.4,382255
2022-02-26,9,8,5,The Cuphead Show,TV Show,Yes,"Feb 18, 2022",8,36,,,,,
2022-02-26,10,7,9,All of Us Are Dead,TV Show,Yes,"Jan 28, 2022",29,189,tt14169960,All of Us Are Dead,"Action,Drama,Fantasy",7.6,85526
2022-02-27,1,1,-,Tyler Perryâs A Madea Homec…,Movie,Yes,"Feb 25, 2022",2,20,,,,,
2022-02-27,2,4,-,Vikings: Valhalla,TV Show,Yes,"Feb 25, 2022",2,16,tt11311302,Vikings: Valhalla,"Action,Adventure,Drama",7.4,69319
2022-02-27,3,3,1,Inventing Anna,TV Show,Yes,"Feb 11, 2022",16,156,tt8740976,Inventing Anna,Drama,6.9,88880
2022-02-27,4,2,2,Love is Blind,TV Show,Yes,"Feb 13, 2020",34,232,tt11704040,Love Is Blind,"Reality-TV,Romance",6.2,13125
2022-02-27,5,6,4,Sweet Magnolias,TV Show,Yes,"May 19, 2020",42,332,tt9077540,Sweet Magnolias,"Drama,Romance",7.3,27514
2022-02-27,6,-,-,Restless,Movie,Yes,"Feb 25, 2022",1,5,tt1498569,Restless,"Drama,Romance",6.7,18694
2022-02-27,7,5,-,jeen-yuhs: A Kanye Trilogy,TV Show,Yes,"Feb 16, 2022",7,44,tt14599438,Jeen-yuhs: A Kanye Trilogy,"Documentary,Music",8.0,12166
2022-02-27,8,7,10,Despicable Me 2,Movie,,"Feb 1, 2022",25,83,tt1690953,Despicable Me 2,"Adventure,Animation,Comedy",7.3,452479
2022-02-27,9,9,5,The Cuphead Show,TV Show,Yes,"Feb 18, 2022",9,38,,,,,
2022-02-27,10,8,7,Ozark,TV Show,Yes,"Jul 21, 2017",87,528,tt5071412,Ozark,"Crime,Drama,Thriller",8.4,382255
2022-02-28,1,2,-,Vikings: Valhalla,TV Show,Yes,"Feb 25, 2022",3,26,tt11311302,Vikings: Valhalla,"Action,Adventure,Drama",7.4,69319
2022-02-28,2,1,-,Tyler Perryâs A Madea Homec…,Movie,Yes,"Feb 25, 2022",3,29,,,,,
2022-02-28,3,3,1,Inventing Anna,TV Show,Yes,"Feb 11, 2022",17,164,tt8740976,Inventing Anna,Drama,6.9,88880
2022-02-28,4,4,2,Love is Blind,TV Show,Yes,"Feb 13, 2020",35,239,tt11704040,Love Is Blind,"Reality-TV,Romance",6.2,13125
2022-02-28,5,6,-,Restless,Movie,Yes,"Feb 25, 2022",2,11,tt1498569,Restless,"Drama,Romance",6.7,18694
2022-02-28,6,5,4,Sweet Magnolias,TV Show,Yes,"May 19, 2020",43,337,tt9077540,Sweet Magnolias,"Drama,Romance",7.3,27514
2022-02-28,7,10,7,Ozark,TV Show,Yes,"Jul 21, 2017",88,532,tt5071412,Ozark,"Crime,Drama,Thriller",8.4,382255
2022-02-28,8,7,-,jeen-yuhs: A Kanye Trilogy,TV Show,Yes,"Feb 16, 2022",8,47,tt14599438,Jeen-yuhs: A Kanye Trilogy,"Documentary,Music",8.0,12166
2022-02-28,9,8,-,Despicable Me 2,Movie,,"Feb 1, 2022",26,85,tt1690953,Despicable Me 2,"Adventure,Animation,Comedy",7.3,452479
2022-02-28,10,9,6,The Cuphead Show,TV Show,Yes,"Feb 18, 2022",10,39,,,,,
2022-03-01,1,1,-,Vikings: Valhalla,TV Show,Yes,"Feb 25, 2022",4,36,tt11311302,Vikings: Valhalla,"Action,Adventure,Drama",7.4,69319
2022-03-01,2,3,1,Inventing Anna,TV Show,Yes,"Feb 11, 2022",18,173,tt8740976,Inventing Anna,Drama,6.9,88880
2022-03-01,3,2,-,Tyler Perryâs A Madea Homec…,Movie,Yes,"Feb 25, 2022",4,37,,,,,
2022-03-01,4,4,2,Love is Blind,TV Show,Yes,"Feb 13, 2020",36,246,tt11704040,Love Is Blind,"Reality-TV,Romance",6.2,13125
2022-03-01,5,5,-,Restless,Movie,Yes,"Feb 25, 2022",3,17,tt1498569,Restless,"Drama,Romance",6.7,18694
2022-03-01,6,6,3,Sweet Magnolias,TV Show,Yes,"May 19, 2020",44,342,tt9077540,Sweet Magnolias,"Drama,Romance",7.3,27514
2022-03-01,7,7,8,Ozark,TV Show,Yes,"Jul 21, 2017",89,536,tt5071412,Ozark,"Crime,Drama,Thriller",8.4,382255
2022-03-01,8,9,9,Despicable Me 2,Movie,,"Feb 1, 2022",27,88,tt1690953,Despicable Me 2,"Adventure,Animation,Comedy",7.3,452479
2022-03-01,9,-,-,Cocomelon,TV Show,,"Jun 1, 2020",428,1474,tt12427840,Cocomelon,"Adventure,Animation,Family",3.6,1419
2022-03-01,10,8,-,jeen-yuhs: A Kanye Trilogy,TV Show,Yes,"Feb 16, 2022",9,48,tt14599438,Jeen-yuhs: A Kanye Trilogy,"Documentary,Music",8.0,12166
2022-03-02,1,1,-,Vikings: Valhalla,TV Show,Yes,"Feb 25, 2022",5,46,tt11311302,Vikings: Valhalla,"Action,Adventure,Drama",7.4,69319
2022-03-02,2,-,-,Worst Roommate Ever,TV Show,Yes,"Mar 1, 2022",1,9,tt8323702,Worst Roommate Ever,"Crime,Documentary,Thriller",7.1,12586
2022-03-02,3,2,1,Inventing Anna,TV Show,Yes,"Feb 11, 2022",19,181,tt8740976,Inventing Anna,Drama,6.9,88880
2022-03-02,4,3,-,Tyler Perryâs A Madea Homec…,Movie,Yes,"Feb 25, 2022",5,44,,,,,
2022-03-02,5,4,2,Love is Blind,TV Show,Yes,"Feb 13, 2020",37,252,tt11704040,Love Is Blind,"Reality-TV,Romance",6.2,13125
2022-03-02,6,-,-,Shrek 2,Movie,,"Mar 1, 2022",1,5,tt0298148,Shrek 2,"Adventure,Animation,Comedy",7.4,544185
2022-03-02,7,-,-,Battleship,Movie,,"Mar 1, 2022",1,4,tt1440129,Battleship,"Action,Adventure,Sci-Fi",5.8,266988
2022-03-02,8,-,-,Just Like Heaven,Movie,,"Mar 1, 2022",1,3,tt0425123,Just Like Heaven,"Comedy,Drama,Fantasy",6.7,124394
2022-03-02,9,6,3,Sweet Magnolias,TV Show,Yes,"May 19, 2020",45,344,tt9077540,Sweet Magnolias,"Drama,Romance",7.3,27514
2022-03-02,10,5,-,Restless,Movie,Yes,"Feb 25, 2022",4,18,tt1498569,Restless,"Drama,Romance",6.7,18694
2022-03-03,1,2,-,Worst Roommate Ever,TV Show,Yes,"Mar 1, 2022",2,19,tt8323702,Worst Roommate Ever,"Crime,Documentary,Thriller",7.1,12586
2022-03-03,2,1,-,Vikings: Valhalla,TV Show,Yes,"Feb 25, 2022",6,55,tt11311302,Vikings: Valhalla,"Action,Adventure,Drama",7.4,69319
2022-03-03,3,3,1,Inventing Anna,TV Show,Yes,"Feb 11, 2022",20,189,tt8740976,Inventing Anna,Drama,6.9,88880
2022-03-03,4,4,-,Tyler Perryâs A Madea Homec…,Movie,Yes,"Feb 25, 2022",6,51,,,,,
2022-03-03,5,5,2,Love is Blind,TV Show,Yes,"Feb 13, 2020",38,258,tt11704040,Love Is Blind,"Reality-TV,Romance",6.2,13125
2022-03-03,6,-,3,jeen-yuhs: A Kanye Trilogy,TV Show,Yes,"Feb 16, 2022",10,53,tt14599438,Jeen-yuhs: A Kanye Trilogy,"Documentary,Music",8.0,12166
2022-03-03,7,6,-,Shrek 2,Movie,,"Mar 1, 2022",2,9,tt0298148,Shrek 2,"Adventure,Animation,Comedy",7.4,544185
2022-03-03,8,8,-,Just Like Heaven,Movie,,"Mar 1, 2022",2,6,tt0425123,Just Like Heaven,"Comedy,Drama,Fantasy",6.7,124394
2022-03-03,9,-,-,Against the Ice,Movie,Yes,"Mar 2, 2022",1,2,tt13873302,Against the Ice,"Adventure,Drama,History",6.5,30833
2022-03-03,10,7,-,Battleship,Movie,,"Mar 1, 2022",2,5,tt1440129,Battleship,"Action,Adventure,Sci-Fi",5.8,266988
2022-03-04,1,1,-,Worst Roommate Ever,TV Show,Yes,"Mar 1, 2022",3,29,tt8323702,Worst Roommate Ever,"Crime,Documentary,Thriller",7.1,12586
2022-03-04,2,2,-,Vikings: Valhalla,TV Show,Yes,"Feb 25, 2022",7,64,tt11311302,Vikings: Valhalla,"Action,Adventure,Drama",7.4,69319
2022-03-04,3,3,1,Inventing Anna,TV Show,Yes,"Feb 11, 2022",21,197,tt8740976,Inventing Anna,Drama,6.9,88880
2022-03-04,4,-,-,The Weekend Away,Movie,Yes,"Mar 3, 2022",1,7,tt14817272,The Weekend Away,"Crime,Drama,Mystery",5.7,35012
2022-03-04,5,4,-,Tyler Perryâs A Madea Homec…,Movie,Yes,"Feb 25, 2022",7,57,,,,,
2022-03-04,6,5,2,Love is Blind,TV Show,Yes,"Feb 13, 2020",39,263,tt11704040,Love Is Blind,"Reality-TV,Romance",6.2,13125
2022-03-04,7,7,-,Shrek 2,Movie,,"Mar 1, 2022",3,13,tt0298148,Shrek 2,"Adventure,Animation,Comedy",7.4,544185
2022-03-04,8,6,3,jeen-yuhs: A Kanye Trilogy,TV Show,Yes,"Feb 16, 2022",11,56,tt14599438,Jeen-yuhs: A Kanye Trilogy,"Documentary,Music",8.0,12166
2022-03-04,9,9,-,Against the Ice,Movie,Yes,"Mar 2, 2022",2,4,tt13873302,Against the Ice,"Adventure,Drama,History",6.5,30833
2022-03-04,10,10,-,Battleship,Movie,,"Mar 1, 2022",3,6,tt1440129,Battleship,"Action,Adventure,Sci-Fi",5.8,266988
2022-03-05,1,6,2,Love is Blind,TV Show,Yes,"Feb 13, 2020",40,273,tt11704040,Love Is Blind,"Reality-TV,Romance",6.2,13125
2022-03-05,2,-,-,Pieces of Her,TV Show,Yes,"Mar 4, 2022",1,9,tt9170236,Pieces of Her,"Crime,Drama,Mystery",6.3,35113
2022-03-05,3,1,-,Worst Roommate Ever,TV Show,Yes,"Mar 1, 2022",4,37,tt8323702,Worst Roommate Ever,"Crime,Documentary,Thriller",7.1,12586
2022-03-05,4,3,3,Inventing Anna,TV Show,Yes,"Feb 11, 2022",22,204,tt8740976,Inventing Anna,Drama,6.9,88880
2022-03-05,5,2,4,Vikings: Valhalla,TV Show,Yes,"Feb 25, 2022",8,70,tt11311302,Vikings: Valhalla,"Action,Adventure,Drama",7.4,69319
2022-03-05,6,4,-,The Weekend Away,Movie,Yes,"Mar 3, 2022",2,12,tt14817272,The Weekend Away,"Crime,Drama,Mystery",5.7,35012
2022-03-05,7,5,1,Tyler Perryâs A Madea Homec…,Movie,Yes,"Feb 25, 2022",8,61,,,,,
2022-03-05,8,7,-,Shrek 2,Movie,,"Mar 1, 2022",4,16,tt0298148,Shrek 2,"Adventure,Animation,Comedy",7.4,544185
2022-03-05,9,8,5,jeen-yuhs: A Kanye Trilogy,TV Show,Yes,"Feb 16, 2022",12,58,tt14599438,Jeen-yuhs: A Kanye Trilogy,"Documentary,Music",8.0,12166
2022-03-05,10,-,-,Shrek,Movie,,"May 1, 2018",1,1,tt0126029,Shrek,"Adventure,Animation,Comedy",7.9,794030
2022-03-06,1,2,-,Pieces of Her,TV Show,Yes,"Mar 4, 2022",2,19,tt9170236,Pieces of Her,"Crime,Drama,Mystery",6.3,35113
2022-03-06,2,3,-,Worst Roommate Ever,TV Show,Yes,"Mar 1, 2022",5,46,tt8323702,Worst Roommate Ever,"Crime,Documentary,Thriller",7.1,12586
2022-03-06,3,1,4,Love is Blind,TV Show,Yes,"Feb 13, 2020",41,281,tt11704040,Love Is Blind,"Reality-TV,Romance",6.2,13125
2022-03-06,4,4,3,Inventing Anna,TV Show,Yes,"Feb 11, 2022",23,211,tt8740976,Inventing Anna,Drama,6.9,88880
2022-03-06,5,5,2,Vikings: Valhalla,TV Show,Yes,"Feb 25, 2022",9,76,tt11311302,Vikings: Valhalla,"Action,Adventure,Drama",7.4,69319
2022-03-06,6,6,-,The Weekend Away,Movie,Yes,"Mar 3, 2022",3,17,tt14817272,The Weekend Away,"Crime,Drama,Mystery",5.7,35012
2022-03-06,7,7,1,Tyler Perryâs A Madea Homec…,Movie,Yes,"Feb 25, 2022",9,65,,,,,
2022-03-06,8,8,-,Shrek 2,Movie,,"Mar 1, 2022",5,19,tt0298148,Shrek 2,"Adventure,Animation,Comedy",7.4,544185
2022-03-06,9,10,-,Shrek,Movie,,"May 1, 2018",2,3,tt0126029,Shrek,"Adventure,Animation,Comedy",7.9,794030
2022-03-06,10,-,-,Just Like Heaven,Movie,,"Mar 1, 2022",3,7,tt0425123,Just Like Heaven,"Comedy,Drama,Fantasy",6.7,124394
2022-03-07,1,1,-,Pieces of Her,TV Show,Yes,"Mar 4, 2022",3,29,tt9170236,Pieces of Her,"Crime,Drama,Mystery",6.3,35113
2022-03-07,2,2,-,Worst Roommate Ever,TV Show,Yes,"Mar 1, 2022",6,55,tt8323702,Worst Roommate Ever,"Crime,Documentary,Thriller",7.1,12586
2022-03-07,3,4,3,Inventing Anna,TV Show,Yes,"Feb 11, 2022",24,219,tt8740976,Inventing Anna,Drama,6.9,88880
2022-03-07,4,3,4,Love is Blind,TV Show,Yes,"Feb 13, 2020",42,288,tt11704040,Love Is Blind,"Reality-TV,Romance",6.2,13125
2022-03-07,5,5,1,Vikings: Valhalla,TV Show,Yes,"Feb 25, 2022",10,82,tt11311302,Vikings: Valhalla,"Action,Adventure,Drama",7.4,69319
2022-03-07,6,6,-,The Weekend Away,Movie,Yes,"Mar 3, 2022",4,22,tt14817272,The Weekend Away,"Crime,Drama,Mystery",5.7,35012
2022-03-07,7,7,2,Tyler Perryâs A Madea Homec…,Movie,Yes,"Feb 25, 2022",10,69,,,,,
2022-03-07,8,8,-,Shrek 2,Movie,,"Mar 1, 2022",6,22,tt0298148,Shrek 2,"Adventure,Animation,Comedy",7.4,544185
2022-03-07,9,9,-,Shrek,Movie,,"May 1, 2018",3,5,tt0126029,Shrek,"Adventure,Animation,Comedy",7.9,794030
2022-03-07,10,10,-,Just Like Heaven,Movie,,"Mar 1, 2022",4,8,tt0425123,Just Like Heaven,"Comedy,Drama,Fantasy",6.7,124394
2022-03-08,1,1,-,Pieces of Her,TV Show,Yes,"Mar 4, 2022",4,39,tt9170236,Pieces of Her,"Crime,Drama,Mystery",6.3,35113
2022-03-08,2,3,2,Inventing Anna,TV Show,Yes,"Feb 11, 2022",25,228,tt8740976,Inventing Anna,Drama,6.9,88880
2022-03-08,3,2,-,Worst Roommate Ever,TV Show,Yes,"Mar 1, 2022",7,63,tt8323702,Worst Roommate Ever,"Crime,Documentary,Thriller",7.1,12586
2022-03-08,4,4,4,Love is Blind,TV Show,Yes,"Feb 13, 2020",43,295,tt11704040,Love Is Blind,"Reality-TV,Romance",6.2,13125
2022-03-08,5,-,-,Good Girls,TV Show,,"Jan 1, 2019",23,124,tt6474378,Good Girls,"Comedy,Crime,Drama",7.7,66524
2022-03-08,6,5,1,Vikings: Valhalla,TV Show,Yes,"Feb 25, 2022",11,87,tt11311302,Vikings: Valhalla,"Action,Adventure,Drama",7.4,69319
2022-03-08,7,6,-,The Weekend Away,Movie,Yes,"Mar 3, 2022",5,26,tt14817272,The Weekend Away,"Crime,Drama,Mystery",5.7,35012
2022-03-08,8,8,-,Shrek 2,Movie,,"Mar 1, 2022",7,25,tt0298148,Shrek 2,"Adventure,Animation,Comedy",7.4,544185
2022-03-08,9,9,-,Shrek,Movie,,"May 1, 2018",4,7,tt0126029,Shrek,"Adventure,Animation,Comedy",7.9,794030
2022-03-08,10,7,3,Tyler Perryâs A Madea Homec…,Movie,Yes,"Feb 25, 2022",11,70,,,,,
2022-03-09,1,1,-,Pieces of Her,TV Show,Yes,"Mar 4, 2022",5,49,tt9170236,Pieces of Her,"Crime,Drama,Mystery",6.3,35113
2022-03-09,2,5,-,Good Girls,TV Show,,"Jan 1, 2019",24,133,tt6474378,Good Girls,"Comedy,Crime,Drama",7.7,66524
2022-03-09,3,2,3,Inventing Anna,TV Show,Yes,"Feb 11, 2022",26,236,tt8740976,Inventing Anna,Drama,6.9,88880
2022-03-09,4,3,2,Worst Roommate Ever,TV Show,Yes,"Mar 1, 2022",8,70,tt8323702,Worst Roommate Ever,"Crime,Documentary,Thriller",7.1,12586
2022-03-09,5,4,5,Love is Blind,TV Show,Yes,"Feb 13, 2020",44,301,tt11704040,Love Is Blind,"Reality-TV,Romance",6.2,13125
2022-03-09,6,6,1,Vikings: Valhalla,TV Show,Yes,"Feb 25, 2022",12,92,tt11311302,Vikings: Valhalla,"Action,Adventure,Drama",7.4,69319
2022-03-09,7,8,6,Shrek 2,Movie,,"Mar 1, 2022",8,29,tt0298148,Shrek 2,"Adventure,Animation,Comedy",7.4,544185
2022-03-09,8,9,-,Shrek,Movie,,"May 1, 2018",5,10,tt0126029,Shrek,"Adventure,Animation,Comedy",7.9,794030
2022-03-09,9,7,-,The Weekend Away,Movie,Yes,"Mar 3, 2022",6,28,tt14817272,The Weekend Away,"Crime,Drama,Mystery",5.7,35012
2022-03-09,10,-,-,Shooter,Movie,,"Aug 1, 2014",1,1,tt0822854,Shooter,"Action,Drama,Thriller",7.1,372033
2022-03-10,1,1,-,Pieces of Her,TV Show,Yes,"Mar 4, 2022",6,59,tt9170236,Pieces of Her,"Crime,Drama,Mystery",6.3,35113
2022-03-10,2,-,-,The Last Kingdom,TV Show,,"Jul 10, 2016",12,52,tt4179452,The Last Kingdom,"Action,Drama,History",8.5,183796
2022-03-10,3,2,-,Good Girls,TV Show,,"Jan 1, 2019",25,141,tt6474378,Good Girls,"Comedy,Crime,Drama",7.7,66524
2022-03-10,4,3,3,Inventing Anna,TV Show,Yes,"Feb 11, 2022",27,243,tt8740976,Inventing Anna,Drama,6.9,88880
2022-03-10,5,4,1,Worst Roommate Ever,TV Show,Yes,"Mar 1, 2022",9,76,tt8323702,Worst Roommate Ever,"Crime,Documentary,Thriller",7.1,12586
2022-03-10,6,5,5,Love is Blind,TV Show,Yes,"Feb 13, 2020",45,306,tt11704040,Love Is Blind,"Reality-TV,Romance",6.2,13125
2022-03-10,7,6,2,Vikings: Valhalla,TV Show,Yes,"Feb 25, 2022",13,96,tt11311302,Vikings: Valhalla,"Action,Adventure,Drama",7.4,69319
2022-03-10,8,10,-,Shooter,Movie,,"Aug 1, 2014",2,4,tt0822854,Shooter,"Action,Drama,Thriller",7.1,372033
2022-03-10,9,7,7,Shrek 2,Movie,,"Mar 1, 2022",9,31,tt0298148,Shrek 2,"Adventure,Animation,Comedy",7.4,544185
2022-03-10,10,8,-,Shrek,Movie,,"May 1, 2018",6,11,tt0126029,Shrek,"Adventure,Animation,Comedy",7.9,794030
2022-03-11,1,2,-,The Last Kingdom,TV Show,,"Jul 10, 2016",13,62,tt4179452,The Last Kingdom,"Action,Drama,History",8.5,183796
2022-03-11,2,1,-,Pieces of Her,TV Show,Yes,"Mar 4, 2022",7,68,tt9170236,Pieces of Her,"Crime,Drama,Mystery",6.3,35113
2022-03-11,3,3,-,Good Girls,TV Show,,"Jan 1, 2019",26,149,tt6474378,Good Girls,"Comedy,Crime,Drama",7.7,66524
2022-03-11,4,4,3,Inventing Anna,TV Show,Yes,"Feb 11, 2022",28,250,tt8740976,Inventing Anna,Drama,6.9,88880
2022-03-11,5,6,6,Love is Blind,TV Show,Yes,"Feb 13, 2020",46,312,tt11704040,Love Is Blind,"Reality-TV,Romance",6.2,13125
2022-03-11,6,5,1,Worst Roommate Ever,TV Show,Yes,"Mar 1, 2022",10,81,tt8323702,Worst Roommate Ever,"Crime,Documentary,Thriller",7.1,12586
2022-03-11,7,7,2,Vikings: Valhalla,TV Show,Yes,"Feb 25, 2022",14,100,tt11311302,Vikings: Valhalla,"Action,Adventure,Drama",7.4,69319
2022-03-11,8,8,-,Shooter,Movie,,"Aug 1, 2014",3,7,tt0822854,Shooter,"Action,Drama,Thriller",7.1,372033
2022-03-11,9,9,7,Shrek 2,Movie,,"Mar 1, 2022",10,33,tt0298148,Shrek 2,"Adventure,Animation,Comedy",7.4,544185
2022-03-11,10,10,-,Shrek,Movie,,"May 1, 2018",7,12,tt0126029,Shrek,"Adventure,Animation,Comedy",7.9,794030
